Pfad;Name;Dateityp;BreiteHoehe;Seitenverhaeltnis;Alpha;GroesseBytes;SHA256;Kategorie;State;Zielkomponente;Duplikatgruppe;InV2Verwendet;SpaeterNutzbar
C:\Users\patsl\Downloads\DeutschZ_UI_Production_Kit\00_PREVIEW\DeutschZ_UI_Kit_Preview.jpg;DeutschZ_UI_Kit_Preview.jpg;.jpg;1800x1200;1.500000;NEIN;164817;28D79B5A0F1303FDF9BA17BB14629FE917D51BD872AE8BBAC4FC306FC55F4784;UNKNOWN;NORMAL;Nicht zugeordnet;;NEIN;NEIN
C:\Users\patsl\Downloads\DeutschZ_UI_Production_Kit\01_PANELS\Bottom_Navigation_active.png;Bottom_Navigation_active.png;.png;1580x160;9.875000;JA;5096;5FDB724012C590B485925AAF859AB2D3DE8EACEB7DD8EB11DD4929116F94E38F;NAVIGATION;ACTIVE;UI-State-Reserve;;NEIN;JA
C:\Users\patsl\Downloads\DeutschZ_UI_Production_Kit\01_PANELS\Bottom_Navigation_disabled.png;Bottom_Navigation_disabled.png;.png;1580x160;9.875000;JA;2617;9FF3650FAFE945785239126727F1EFEB131F336A93E27149C78EA7856FC333D7;NAVIGATION;DISABLED;UI-State-Reserve;;NEIN;JA
C:\Users\patsl\Downloads\DeutschZ_UI_Production_Kit\01_PANELS\Bottom_Navigation_normal.png;Bottom_Navigation_normal.png;.png;1580x160;9.875000;JA;2743;CB1709AF915353307B324D0EE2B621723293C9ADBF96E28F8F157B054EA45EEA;NAVIGATION;NORMAL;panels/bottom_navigation_normal.paa;;JA;NEIN
C:\Users\patsl\Downloads\DeutschZ_UI_Production_Kit\01_PANELS\Bottom_Navigation_offline.png;Bottom_Navigation_offline.png;.png;1580x160;9.875000;JA;2665;95E156DDDF3481DED5C3E2044238E69BE824EC3236C7E5310520603FADED4666;NAVIGATION;OFFLINE;UI-State-Reserve;;NEIN;JA
C:\Users\patsl\Downloads\DeutschZ_UI_Production_Kit\01_PANELS\Bottom_Navigation_warning.png;Bottom_Navigation_warning.png;.png;1580x160;9.875000;JA;5273;8CBE08639755C9A258D45FF51253F3E09B2C3E2F548FE0687E42B9B87D55337A;NAVIGATION;WARNING;UI-State-Reserve;;NEIN;JA
C:\Users\patsl\Downloads\DeutschZ_UI_Production_Kit\01_PANELS\Character_Stats_active.png;Character_Stats_active.png;.png;1220x160;7.625000;JA;4878;510B5FBD3B3FF2132375D652CAA00368F33958A4C59A5E47E8C5CE5B7E5A8B1C;PLAYER_STATUS;ACTIVE;Panel-Reserve;;NEIN;JA
C:\Users\patsl\Downloads\DeutschZ_UI_Production_Kit\01_PANELS\Character_Stats_disabled.png;Character_Stats_disabled.png;.png;1220x160;7.625000;JA;2413;977B41CA477469A5F45D3B6F6012D8A5B5B2753EEBBF59E1D2BAC7219EBB0FEA;PLAYER_STATUS;DISABLED;Panel-Reserve;;NEIN;JA
C:\Users\patsl\Downloads\DeutschZ_UI_Production_Kit\01_PANELS\Character_Stats_normal.png;Character_Stats_normal.png;.png;1220x160;7.625000;JA;2482;0DB564261DC93363EAE6089F75D02514556093533767CD7CC5EF41145C85E6D1;PLAYER_STATUS;NORMAL;panels/character_stats_normal.paa;;JA;NEIN
C:\Users\patsl\Downloads\DeutschZ_UI_Production_Kit\01_PANELS\Character_Stats_offline.png;Character_Stats_offline.png;.png;1220x160;7.625000;JA;2450;E3C050FEC536304D77B1333D7F6B6EE3BC5143D45803163CACCEA0EAAF2D63BC;PLAYER_STATUS;OFFLINE;Panel-Reserve;;NEIN;JA
C:\Users\patsl\Downloads\DeutschZ_UI_Production_Kit\01_PANELS\Character_Stats_warning.png;Character_Stats_warning.png;.png;1220x160;7.625000;JA;5085;93410B7B9DCB437AF1E5AB66EF5799962CA2E8F776A66B0A8EACFDDC596B036C;PLAYER_STATUS;WARNING;Panel-Reserve;;NEIN;JA
C:\Users\patsl\Downloads\DeutschZ_UI_Production_Kit\01_PANELS\Event_Details_active.png;Event_Details_active.png;.png;1320x900;1.466667;JA;16134;DE8368208D8E79BE6DF1DDF6B3F51D4B4A6AA76144BEFFCD4DDA988F4040419B;PANEL;ACTIVE;Panel-Reserve;;NEIN;JA
C:\Users\patsl\Downloads\DeutschZ_UI_Production_Kit\01_PANELS\Event_Details_disabled.png;Event_Details_disabled.png;.png;1320x900;1.466667;JA;13750;67170B3CD572F91A7183D7FF97703F5FE7D1D3109CCC974A1DBC85B3607D8A15;PANEL;DISABLED;Panel-Reserve;;NEIN;JA
C:\Users\patsl\Downloads\DeutschZ_UI_Production_Kit\01_PANELS\Event_Details_normal.png;Event_Details_normal.png;.png;1320x900;1.466667;JA;13637;0154F6291B4844C9BDA6BDF9B532943C1D5B889ABD6A1F89D434700589031B2E;PANEL;NORMAL;Panel-Reserve;;NEIN;JA
C:\Users\patsl\Downloads\DeutschZ_UI_Production_Kit\01_PANELS\Event_Details_offline.png;Event_Details_offline.png;.png;1320x900;1.466667;JA;13704;A62DF32492086B00E63DA7C43DD7E889D5F098B8D799A2A9FFAB0D8768B9F9F2;PANEL;OFFLINE;Panel-Reserve;;NEIN;JA
C:\Users\patsl\Downloads\DeutschZ_UI_Production_Kit\01_PANELS\Event_Details_warning.paa;Event_Details_warning.paa;.paa;;;NEIN;371015;ACB3DE0CE2A42E91800E7A35B61443B95C406F839FA1A7C3ACD18CBA3BD734EE;PANEL;WARNING;Panel-Reserve;;NEIN;NEIN
C:\Users\patsl\Downloads\DeutschZ_UI_Production_Kit\01_PANELS\Event_Details_warning.png;Event_Details_warning.png;.png;1320x900;1.466667;JA;16809;FDAB34ACA15129B31B1199C9CC079705D495CAE50C568D1C143E363ED97E589F;PANEL;WARNING;Panel-Reserve;;NEIN;JA
C:\Users\patsl\Downloads\DeutschZ_UI_Production_Kit\01_PANELS\Events_3_Cards_active.paa;Events_3_Cards_active.paa;.paa;;;NEIN;221981;2075A769C8DA89557A075B79299EB9F5515E5F484292AB97F79C801CE0FF2F5E;PANEL;ACTIVE;Panel-Reserve;;NEIN;NEIN
C:\Users\patsl\Downloads\DeutschZ_UI_Production_Kit\01_PANELS\Events_3_Cards_active.png;Events_3_Cards_active.png;.png;920x760;1.210526;JA;11757;FAADF735CF94986A2E28ED4D97E47FD5F608BD2F73FDB89D3DB1885D7867C940;PANEL;ACTIVE;Panel-Reserve;;NEIN;JA
C:\Users\patsl\Downloads\DeutschZ_UI_Production_Kit\01_PANELS\Events_3_Cards_disabled.paa;Events_3_Cards_disabled.paa;.paa;;;NEIN;220811;D5A99C844270D50D204AC79E913D2B7341848001343073B0C31A81648525249C;PANEL;DISABLED;Panel-Reserve;;NEIN;NEIN
C:\Users\patsl\Downloads\DeutschZ_UI_Production_Kit\01_PANELS\Events_3_Cards_disabled.png;Events_3_Cards_disabled.png;.png;920x760;1.210526;JA;9263;66DA2DF82508BB546F2C8259EDC80455F027BBB68AFFF1F456494453220A9ED7;PANEL;DISABLED;Panel-Reserve;;NEIN;JA
C:\Users\patsl\Downloads\DeutschZ_UI_Production_Kit\01_PANELS\Events_3_Cards_normal.paa;Events_3_Cards_normal.paa;.paa;;;NEIN;221101;47A9B9C53D537B970CFBA40A110656F35A24B20C123C5A29A90F960712AC2B10;PANEL;NORMAL;Panel-Reserve;;NEIN;NEIN
C:\Users\patsl\Downloads\DeutschZ_UI_Production_Kit\01_PANELS\Events_3_Cards_normal.png;Events_3_Cards_normal.png;.png;920x760;1.210526;JA;9247;844D40A7888EDCE75FFB84E9686F538A51D93432B3FE6BFD51B40C94106DDFC2;PANEL;NORMAL;Panel-Reserve;;NEIN;JA
C:\Users\patsl\Downloads\DeutschZ_UI_Production_Kit\01_PANELS\Events_3_Cards_offline.paa;Events_3_Cards_offline.paa;.paa;;;NEIN;220831;7E27E9BC6CB46E7C1832410E29DC4E41BB14D73997AD580FCCA47BDD905CCD46;PANEL;OFFLINE;Panel-Reserve;;NEIN;NEIN
C:\Users\patsl\Downloads\DeutschZ_UI_Production_Kit\01_PANELS\Events_3_Cards_offline.png;Events_3_Cards_offline.png;.png;920x760;1.210526;JA;9292;C56023A0C173C4FCE874C06E8B0E88D512FBB3ADA1C82C2EC8584ED459999334;PANEL;OFFLINE;Panel-Reserve;;NEIN;JA
C:\Users\patsl\Downloads\DeutschZ_UI_Production_Kit\01_PANELS\Events_3_Cards_warning.paa;Events_3_Cards_warning.paa;.paa;;;NEIN;221721;3BAD6B4A90519BB024E6F1350D01D8D7983F33B61A622150EE639AFC295EFB67;PANEL;WARNING;Panel-Reserve;;NEIN;NEIN
C:\Users\patsl\Downloads\DeutschZ_UI_Production_Kit\01_PANELS\Events_3_Cards_warning.png;Events_3_Cards_warning.png;.png;920x760;1.210526;JA;12172;D5503B16BD895ADE17BCBCE8473A3B851842164BA50D939C3088538A1B264AA0;PANEL;WARNING;Panel-Reserve;;NEIN;JA
C:\Users\patsl\Downloads\DeutschZ_UI_Production_Kit\01_PANELS\Events_4_Cards_active.paa;Events_4_Cards_active.paa;.paa;;;NEIN;280583;253FAD457FF3C4ED98B5CEF3C59342C7219453F56E5CF9306894E4563EB836A2;PANEL;ACTIVE;Panel-Reserve;;NEIN;NEIN
C:\Users\patsl\Downloads\DeutschZ_UI_Production_Kit\01_PANELS\Events_4_Cards_active.png;Events_4_Cards_active.png;.png;1180x760;1.552632;JA;12960;03022084D61AC356EA5D4934AD53759553088CA063C82F90CD9481E6F34F2565;PANEL;ACTIVE;Panel-Reserve;;NEIN;JA
C:\Users\patsl\Downloads\DeutschZ_UI_Production_Kit\01_PANELS\Events_4_Cards_disabled.paa;Events_4_Cards_disabled.paa;.paa;;;NEIN;279347;345833C672BD7C144C5D86FDC3AD4B17EBDC2E65C1BF451327FC5ABA6C03243F;PANEL;DISABLED;Panel-Reserve;;NEIN;NEIN
C:\Users\patsl\Downloads\DeutschZ_UI_Production_Kit\01_PANELS\Events_4_Cards_disabled.png;Events_4_Cards_disabled.png;.png;1180x760;1.552632;JA;10590;203F8D74D03EC837CF123CBC1B690CBB366D4EB510C65B768AD40A2A58850B5F;PANEL;DISABLED;Panel-Reserve;;NEIN;JA
C:\Users\patsl\Downloads\DeutschZ_UI_Production_Kit\01_PANELS\Events_4_Cards_normal.paa;Events_4_Cards_normal.paa;.paa;;;NEIN;279679;32B0829A2DFB7DBA2E9149FD95F865982DB73A77235E8461423254630BD01F2A;PANEL;NORMAL;Panel-Reserve;;NEIN;NEIN
C:\Users\patsl\Downloads\DeutschZ_UI_Production_Kit\01_PANELS\Events_4_Cards_normal.png;Events_4_Cards_normal.png;.png;1180x760;1.552632;JA;10480;FBE6B80C6350B359C14B3D1FB7C18DD702408E732EC7B3E8588A32400C0BABEA;PANEL;NORMAL;panels/events_4_cards_normal.paa;;JA;NEIN
C:\Users\patsl\Downloads\DeutschZ_UI_Production_Kit\01_PANELS\Events_4_Cards_offline.paa;Events_4_Cards_offline.paa;.paa;;;NEIN;279296;92120B25A10EE99363CAB5E9BB00EC5F9F57FA5D12BD29D5C9EEC46919C16B51;PANEL;OFFLINE;Panel-Reserve;;NEIN;NEIN
C:\Users\patsl\Downloads\DeutschZ_UI_Production_Kit\01_PANELS\Events_4_Cards_offline.png;Events_4_Cards_offline.png;.png;1180x760;1.552632;JA;10531;B58BCA58815126DBE67B3AEFFB1C8627CA404C0B2A8A6CCAAD4780E22C164E81;PANEL;OFFLINE;Panel-Reserve;;NEIN;JA
C:\Users\patsl\Downloads\DeutschZ_UI_Production_Kit\01_PANELS\Events_4_Cards_warning.paa;Events_4_Cards_warning.paa;.paa;;;NEIN;280339;34C90C2E2446553A74894EE044D6C014B07960F12AC8C469CB046959C1A52732;PANEL;WARNING;Panel-Reserve;;NEIN;NEIN
C:\Users\patsl\Downloads\DeutschZ_UI_Production_Kit\01_PANELS\Events_4_Cards_warning.png;Events_4_Cards_warning.png;.png;1180x760;1.552632;JA;13453;B3CD77F2E4F4041770109D25EF544AEB9B9DC5449CA9C4FA90B5E96450068F66;PANEL;WARNING;Panel-Reserve;;NEIN;JA
C:\Users\patsl\Downloads\DeutschZ_UI_Production_Kit\01_PANELS\Inventory_active.paa;Inventory_active.paa;.paa;;;NEIN;317231;9F044BF18DE8B5C1E429E7988F6A251E3F760E481E5738ACAA70B1B2AF892035;PANEL;ACTIVE;Panel-Reserve;;NEIN;NEIN
C:\Users\patsl\Downloads\DeutschZ_UI_Production_Kit\01_PANELS\Inventory_active.png;Inventory_active.png;.png;1180x860;1.372093;JA;14178;92E2CEAE380C89E653416AB3875C8218AB81DC23928CDE6438A3B683A85B2F94;PANEL;ACTIVE;Panel-Reserve;;NEIN;JA
C:\Users\patsl\Downloads\DeutschZ_UI_Production_Kit\01_PANELS\Inventory_disabled.png;Inventory_disabled.png;.png;1180x860;1.372093;JA;11768;40485B6563DBBD317767E2FDC91D2972890807B505C604478B5DE3DA5DDEC3E9;PANEL;DISABLED;Panel-Reserve;;NEIN;JA
C:\Users\patsl\Downloads\DeutschZ_UI_Production_Kit\01_PANELS\Inventory_normal.png;Inventory_normal.png;.png;1180x860;1.372093;JA;11688;7F8628681F8B15D992F59533745F0B7E86F617595C90B5D8234B06BAE3498E7C;PANEL;NORMAL;Panel-Reserve;;NEIN;JA
C:\Users\patsl\Downloads\DeutschZ_UI_Production_Kit\01_PANELS\Inventory_offline.png;Inventory_offline.png;.png;1180x860;1.372093;JA;11710;05D4FF3268B242EA9EB0D7D9BF04FA85ED910A0348661B1C393924F489441BA2;PANEL;OFFLINE;Panel-Reserve;;NEIN;JA
C:\Users\patsl\Downloads\DeutschZ_UI_Production_Kit\01_PANELS\Inventory_warning.png;Inventory_warning.png;.png;1180x860;1.372093;JA;14761;F95DADBB26E35DB50343A8C16CB86F8489915942CF6AA21F8342FD7CAA802117;PANEL;WARNING;Panel-Reserve;;NEIN;JA
C:\Users\patsl\Downloads\DeutschZ_UI_Production_Kit\01_PANELS\Leaderboard_active.paa;Leaderboard_active.paa;.paa;;;NEIN;258018;37DD84B64B00457AB863AC532EF3EFAA80021D639D505163ED7B89283CEA1FE3;PANEL;ACTIVE;Panel-Reserve;;NEIN;NEIN
C:\Users\patsl\Downloads\DeutschZ_UI_Production_Kit\01_PANELS\Leaderboard_active.png;Leaderboard_active.png;.png;980x840;1.166667;JA;13950;A8A9417291A52F3080A1F6CD5D5A1E0B1FF9CAD9D4CB3391095D8DADA54D69CA;PANEL;ACTIVE;Panel-Reserve;;NEIN;JA
C:\Users\patsl\Downloads\DeutschZ_UI_Production_Kit\01_PANELS\Leaderboard_disabled.paa;Leaderboard_disabled.paa;.paa;;;NEIN;256745;7DDBEAAF5649DD8285F02A2F67F20E8BE11D058A3A2F6F755EE1140F6F2783BD;PANEL;DISABLED;Panel-Reserve;;NEIN;NEIN
C:\Users\patsl\Downloads\DeutschZ_UI_Production_Kit\01_PANELS\Leaderboard_disabled.png;Leaderboard_disabled.png;.png;980x840;1.166667;JA;11677;AD10534FC76B739F449539C65EE94AD62BFD8D5F8C89B1A6A40FCA451EC8B9B2;PANEL;DISABLED;Panel-Reserve;;NEIN;JA
C:\Users\patsl\Downloads\DeutschZ_UI_Production_Kit\01_PANELS\Leaderboard_normal.paa;Leaderboard_normal.paa;.paa;;;NEIN;256987;79B421D6B52A8419F5C582618E0E763CD5EF5D6C48ED299F69C65DDB5D12D7FB;PANEL;NORMAL;Panel-Reserve;;NEIN;NEIN
C:\Users\patsl\Downloads\DeutschZ_UI_Production_Kit\01_PANELS\Leaderboard_normal.png;Leaderboard_normal.png;.png;980x840;1.166667;JA;11672;013048ECA49956CCA9885F8D5A85E9B169ED76B6E85E857CB91B80F6A6FC0C2A;PANEL;NORMAL;Panel-Reserve;;NEIN;JA
C:\Users\patsl\Downloads\DeutschZ_UI_Production_Kit\01_PANELS\Leaderboard_offline.paa;Leaderboard_offline.paa;.paa;;;NEIN;256622;DAD6F14A3F0B74E69D241F10AA34B170D9DB923947C7E47E9C3FF6FC92DB14E9;PANEL;OFFLINE;Panel-Reserve;;NEIN;NEIN
C:\Users\patsl\Downloads\DeutschZ_UI_Production_Kit\01_PANELS\Leaderboard_offline.png;Leaderboard_offline.png;.png;980x840;1.166667;JA;11643;67A625D6B46B1C431CD8C4B63411F163EF07BC60DDFA0CC4336C4F7A1C90BF21;PANEL;OFFLINE;Panel-Reserve;;NEIN;JA
C:\Users\patsl\Downloads\DeutschZ_UI_Production_Kit\01_PANELS\Leaderboard_warning.paa;Leaderboard_warning.paa;.paa;;;NEIN;257744;B31440FFDCD12B1C1EDCE819454A374BEEA057F0307F5A63E4748457640249FA;PANEL;WARNING;Panel-Reserve;;NEIN;NEIN
C:\Users\patsl\Downloads\DeutschZ_UI_Production_Kit\01_PANELS\Leaderboard_warning.png;Leaderboard_warning.png;.png;980x840;1.166667;JA;14577;7D1F4F79B7647131885F97C8AEAB0A5E6F9476F94FF49376C948AA8887CC0951;PANEL;WARNING;Panel-Reserve;;NEIN;JA
C:\Users\patsl\Downloads\DeutschZ_UI_Production_Kit\01_PANELS\Main_Left_active.paa;Main_Left_active.paa;.paa;;;NEIN;318485;229FADB69B2AF3A6E75BC4586E3892DC1E28A7A6613FB90DB78FC059316D9210;NAVIGATION;ACTIVE;UI-State-Reserve;;NEIN;NEIN
C:\Users\patsl\Downloads\DeutschZ_UI_Production_Kit\01_PANELS\Main_Left_active.png;Main_Left_active.png;.png;760x1320;0.575758;JA;18984;42EF33BE6366EE68DF845C38B9D939BF817A89DABFD092810E5D94F4E7FC66DF;NAVIGATION;ACTIVE;UI-State-Reserve;;NEIN;JA
C:\Users\patsl\Downloads\DeutschZ_UI_Production_Kit\01_PANELS\Main_Left_Compact_active.paa;Main_Left_Compact_active.paa;.paa;;;NEIN;213229;97C797B5B456F3EFC73AC31436D89FA750BA7BDBC8DC05593B4691F349AF8F9F;NAVIGATION;ACTIVE;UI-State-Reserve;;NEIN;NEIN
C:\Users\patsl\Downloads\DeutschZ_UI_Production_Kit\01_PANELS\Main_Left_Compact_active.png;Main_Left_Compact_active.png;.png;640x1040;0.615385;JA;16258;872A4BA0C8854F6041DB87130A37CA06DE44991FA000B76CEEC5BEC6A4A3EED1;NAVIGATION;ACTIVE;UI-State-Reserve;;NEIN;JA
C:\Users\patsl\Downloads\DeutschZ_UI_Production_Kit\01_PANELS\Main_Left_Compact_disabled.paa;Main_Left_Compact_disabled.paa;.paa;;;NEIN;211712;D6DF307E632118267F1FAE5793FA9A9D2657E3CD8A484787C727CA6BDEED7770;NAVIGATION;DISABLED;UI-State-Reserve;;NEIN;NEIN
C:\Users\patsl\Downloads\DeutschZ_UI_Production_Kit\01_PANELS\Main_Left_Compact_disabled.png;Main_Left_Compact_disabled.png;.png;640x1040;0.615385;JA;13680;E7CFC9BA74226FCAE5FF971D606C7D19A212D5EA8161BC6446B12AF090A8A036;NAVIGATION;DISABLED;UI-State-Reserve;;NEIN;JA
C:\Users\patsl\Downloads\DeutschZ_UI_Production_Kit\01_PANELS\Main_Left_Compact_normal.paa;Main_Left_Compact_normal.paa;.paa;;;NEIN;212002;CAA1B080020C3BDD767835030EC714068E4E8C9ACC4A2E18324116D2FC15363B;NAVIGATION;NORMAL;UI-State-Reserve;;NEIN;NEIN
C:\Users\patsl\Downloads\DeutschZ_UI_Production_Kit\01_PANELS\Main_Left_Compact_normal.png;Main_Left_Compact_normal.png;.png;640x1040;0.615385;JA;13768;40373BA991D689044DA78A3CF5C3F8D3DB8F80485A9933685B8596935E96F992;NAVIGATION;NORMAL;UI-State-Reserve;;NEIN;JA
C:\Users\patsl\Downloads\DeutschZ_UI_Production_Kit\01_PANELS\Main_Left_Compact_offline.paa;Main_Left_Compact_offline.paa;.paa;;;NEIN;211575;CBA576897BB8B7E7B453284329799CF43E5D8FCA0DA046E47E28389D1E6B48B5;NAVIGATION;OFFLINE;UI-State-Reserve;;NEIN;NEIN
C:\Users\patsl\Downloads\DeutschZ_UI_Production_Kit\01_PANELS\Main_Left_Compact_offline.png;Main_Left_Compact_offline.png;.png;640x1040;0.615385;JA;13685;192A6D3980159C25E951D588369AD5A544871BB8ECE3AB853A3787DF2B51C90D;NAVIGATION;OFFLINE;UI-State-Reserve;;NEIN;JA
C:\Users\patsl\Downloads\DeutschZ_UI_Production_Kit\01_PANELS\Main_Left_Compact_warning.paa;Main_Left_Compact_warning.paa;.paa;;;NEIN;212921;6C011DB5D0D417BE246E0F79E66640193CC2BCC2B5502CFAD70DA8C70392937D;NAVIGATION;WARNING;UI-State-Reserve;;NEIN;NEIN
C:\Users\patsl\Downloads\DeutschZ_UI_Production_Kit\01_PANELS\Main_Left_Compact_warning.png;Main_Left_Compact_warning.png;.png;640x1040;0.615385;JA;17054;2A7BED2EF9082FF242EA4C1566AC7E40D1650C40F6E954B2487594AC4C8CD32D;NAVIGATION;WARNING;UI-State-Reserve;;NEIN;JA
C:\Users\patsl\Downloads\DeutschZ_UI_Production_Kit\01_PANELS\Main_Left_disabled.paa;Main_Left_disabled.paa;.paa;;;NEIN;316838;A43773E1374D6420E2F2FFE295FA47A21A8C28C8BBC2B38ADFD6B2EC4B239919;NAVIGATION;DISABLED;UI-State-Reserve;;NEIN;NEIN
C:\Users\patsl\Downloads\DeutschZ_UI_Production_Kit\01_PANELS\Main_Left_disabled.png;Main_Left_disabled.png;.png;760x1320;0.575758;JA;16541;EDC9AB8D27426802771361B55491B830C0DE681DE1B47EB59460B363BD71BC08;NAVIGATION;DISABLED;UI-State-Reserve;;NEIN;JA
C:\Users\patsl\Downloads\DeutschZ_UI_Production_Kit\01_PANELS\Main_Left_normal.paa;Main_Left_normal.paa;.paa;;;NEIN;317183;AFAB92CEBEB7CEAE0032D2DE37626E65B82EA788F41D9E2165805EC5AFF7FDBA;NAVIGATION;NORMAL;UI-State-Reserve;;NEIN;NEIN
C:\Users\patsl\Downloads\DeutschZ_UI_Production_Kit\01_PANELS\Main_Left_normal.png;Main_Left_normal.png;.png;760x1320;0.575758;JA;16596;DC2A3380CF34DE90A884E69D78DB0D638579AED27EA441FA84D36FCC62A1990E;NAVIGATION;NORMAL;panels/main_left_normal.paa;;JA;NEIN
C:\Users\patsl\Downloads\DeutschZ_UI_Production_Kit\01_PANELS\Main_Left_offline.paa;Main_Left_offline.paa;.paa;;;NEIN;316762;80094AE27AFE8B664DE4173276BB9D5C4D3DD6B22D5409F8D3240E906618733E;NAVIGATION;OFFLINE;UI-State-Reserve;;NEIN;NEIN
C:\Users\patsl\Downloads\DeutschZ_UI_Production_Kit\01_PANELS\Main_Left_offline.png;Main_Left_offline.png;.png;760x1320;0.575758;JA;16494;175B539A3977484F13B526DE93C324294F6EEF6E663E37D67DE9D570776C6114;NAVIGATION;OFFLINE;UI-State-Reserve;;NEIN;JA
C:\Users\patsl\Downloads\DeutschZ_UI_Production_Kit\01_PANELS\Main_Left_warning.paa;Main_Left_warning.paa;.paa;;;NEIN;318181;62D08EC771BC3F6945E99A4145BC4785BA6B4A472E03E9A880C00F496B5E5864;NAVIGATION;WARNING;UI-State-Reserve;;NEIN;NEIN
C:\Users\patsl\Downloads\DeutschZ_UI_Production_Kit\01_PANELS\Main_Left_warning.png;Main_Left_warning.png;.png;760x1320;0.575758;JA;19825;2BC19F44DA2C9918D26FCB18B8EAB01F30B046D4FBAFA24C37C7ED18F0C8DC0E;NAVIGATION;WARNING;UI-State-Reserve;;NEIN;JA
C:\Users\patsl\Downloads\DeutschZ_UI_Production_Kit\01_PANELS\Modal_Confirm_active.paa;Modal_Confirm_active.paa;.paa;;;NEIN;101842;A913041F19AC484516B89D504E62492B4CC6080F4DB7279FB58B276BEACEC647;DIALOG;ACTIVE;Panel-Reserve;;NEIN;NEIN
C:\Users\patsl\Downloads\DeutschZ_UI_Production_Kit\01_PANELS\Modal_Confirm_active.png;Modal_Confirm_active.png;.png;760x420;1.809524;JA;10480;6084C8FA7D6BDE1A96ADE4D347BE5241412AF23B78ADD701DB3642E232F7A75B;DIALOG;ACTIVE;Panel-Reserve;;NEIN;JA
C:\Users\patsl\Downloads\DeutschZ_UI_Production_Kit\01_PANELS\Modal_Confirm_disabled.png;Modal_Confirm_disabled.png;.png;760x420;1.809524;JA;7945;13EC1AEDA55A9C53CD892C39BF661A33B925CB7D3E73DF2C1EBF66F9C9099E5E;DIALOG;DISABLED;Panel-Reserve;;NEIN;JA
C:\Users\patsl\Downloads\DeutschZ_UI_Production_Kit\01_PANELS\Modal_Confirm_normal.png;Modal_Confirm_normal.png;.png;760x420;1.809524;JA;8201;103D37A8D6980B690BBFEB0F4362852014BECE041BA4D852BA91226EE05E703A;DIALOG;NORMAL;Panel-Reserve;;NEIN;JA
C:\Users\patsl\Downloads\DeutschZ_UI_Production_Kit\01_PANELS\Modal_Confirm_offline.png;Modal_Confirm_offline.png;.png;760x420;1.809524;JA;7971;DCFB0985A6F1E3E59B4CA908BD7779DC77BF58C5AAAAE0CF761B3A4FFBA7893D;DIALOG;OFFLINE;Panel-Reserve;;NEIN;JA
C:\Users\patsl\Downloads\DeutschZ_UI_Production_Kit\01_PANELS\Modal_Confirm_warning.png;Modal_Confirm_warning.png;.png;760x420;1.809524;JA;11064;C97208AA8E2137C6CE877634ADCCFCCE66AACF59C405881D098E40EC27D3C541;DIALOG;WARNING;Panel-Reserve;;NEIN;JA
C:\Users\patsl\Downloads\DeutschZ_UI_Production_Kit\01_PANELS\Modal_Error_active.png;Modal_Error_active.png;.png;760x420;1.809524;JA;7002;4DB851479DAE679812E9410C8C39DB60E9890B7D3F0FA32D358946C9B9CDFAA1;DIALOG;ACTIVE;Panel-Reserve;;NEIN;JA
C:\Users\patsl\Downloads\DeutschZ_UI_Production_Kit\01_PANELS\Modal_Error_disabled.png;Modal_Error_disabled.png;.png;760x420;1.809524;JA;4669;C4F2CCAC3A072B9B4BB77721FE8E7A83CB4EC247DDB75A971962ED69E0C7E0C6;DIALOG;DISABLED;Panel-Reserve;;NEIN;JA
C:\Users\patsl\Downloads\DeutschZ_UI_Production_Kit\01_PANELS\Modal_Error_normal.png;Modal_Error_normal.png;.png;760x420;1.809524;JA;4673;2019B1DB2E6C3C2F0855AE6CC9DF79C1B38FE7B4D87215534F5FEF80060067E5;DIALOG;NORMAL;Panel-Reserve;;NEIN;JA
C:\Users\patsl\Downloads\DeutschZ_UI_Production_Kit\01_PANELS\Modal_Error_offline.png;Modal_Error_offline.png;.png;760x420;1.809524;JA;4650;ACDE32F6696BBD4746041869657763FACACE4599F6921EE560DFC1CB43B78C13;DIALOG;ERROR;Panel-Reserve;;NEIN;JA
C:\Users\patsl\Downloads\DeutschZ_UI_Production_Kit\01_PANELS\Modal_Error_warning.png;Modal_Error_warning.png;.png;760x420;1.809524;JA;7458;44961E4AA320EFD37B270695DD017B78731D8D58480CC041B99CD888DAA0627D;DIALOG;ERROR;Panel-Reserve;;NEIN;JA
C:\Users\patsl\Downloads\DeutschZ_UI_Production_Kit\01_PANELS\Modal_Info_active.png;Modal_Info_active.png;.png;760x420;1.809524;JA;9748;DF7F34CE6F367ABB2F1A015960670B58110B9C3900F5634657AA6BFED66009D3;DIALOG;ACTIVE;Panel-Reserve;;NEIN;JA
C:\Users\patsl\Downloads\DeutschZ_UI_Production_Kit\01_PANELS\Modal_Info_disabled.png;Modal_Info_disabled.png;.png;760x420;1.809524;JA;7306;AEF6D1F12113B64D328DD193476EECF3CF9D906C684C1028513514A5163F1592;DIALOG;DISABLED;Panel-Reserve;;NEIN;JA
C:\Users\patsl\Downloads\DeutschZ_UI_Production_Kit\01_PANELS\Modal_Info_normal.png;Modal_Info_normal.png;.png;760x420;1.809524;JA;7337;B9E7B292D0CA0E9026945F793B2AA4CC476624FAC1E6B7460B4E5620991B3FF6;DIALOG;NORMAL;Panel-Reserve;;NEIN;JA
C:\Users\patsl\Downloads\DeutschZ_UI_Production_Kit\01_PANELS\Modal_Info_offline.png;Modal_Info_offline.png;.png;760x420;1.809524;JA;7299;BBA4FCE658CA247F1D458C1DB31E02CF3FA64778DFBCFFCEFF4B7AA0A34EC31F;DIALOG;OFFLINE;Panel-Reserve;;NEIN;JA
C:\Users\patsl\Downloads\DeutschZ_UI_Production_Kit\01_PANELS\Modal_Info_warning.png;Modal_Info_warning.png;.png;760x420;1.809524;JA;10334;82BE5F54F1DD0BBAA8226DF65C5E26DED67E25AF4D47B90370E800E907A5221A;DIALOG;WARNING;Panel-Reserve;;NEIN;JA
C:\Users\patsl\Downloads\DeutschZ_UI_Production_Kit\01_PANELS\Modal_Warning_active.png;Modal_Warning_active.png;.png;760x420;1.809524;JA;10119;6D155E112E5C4B38C9EF22EDD8A9D1EE6E96DA1C47C8E90C60DAB850AD0D1743;DIALOG;ACTIVE;Panel-Reserve;;NEIN;JA
C:\Users\patsl\Downloads\DeutschZ_UI_Production_Kit\01_PANELS\Modal_Warning_disabled.png;Modal_Warning_disabled.png;.png;760x420;1.809524;JA;7534;43634920D6CEE2182ABFAA7A7C8F1F99D6DA630EDC8E7DA4584D5AB1D2EF1813;DIALOG;DISABLED;Panel-Reserve;;NEIN;JA
C:\Users\patsl\Downloads\DeutschZ_UI_Production_Kit\01_PANELS\Modal_Warning_normal.png;Modal_Warning_normal.png;.png;760x420;1.809524;JA;7568;0288C7E9C0134ECC5FC13737EE2490805DCEE6113B42756A9840E4033498EDB8;DIALOG;NORMAL;Panel-Reserve;;NEIN;JA
C:\Users\patsl\Downloads\DeutschZ_UI_Production_Kit\01_PANELS\Modal_Warning_offline.png;Modal_Warning_offline.png;.png;760x420;1.809524;JA;7490;0721942ECE491DA3C0E53B78767067192DC310A779A42797200737123D98C63E;DIALOG;WARNING;Panel-Reserve;;NEIN;JA
C:\Users\patsl\Downloads\DeutschZ_UI_Production_Kit\01_PANELS\Modal_Warning_warning.png;Modal_Warning_warning.png;.png;760x420;1.809524;JA;10607;5B6913FE017E2533221C95FAF309ED7116D10010494C737872F9C507389B6F06;DIALOG;WARNING;Panel-Reserve;;NEIN;JA
C:\Users\patsl\Downloads\DeutschZ_UI_Production_Kit\01_PANELS\Music_Player_active.png;Music_Player_active.png;.png;1200x260;4.615385;JA;8193;4C1F9F395C81D0265D052B0E53D087B764961E811805CCEE0C863C10C1BD38A0;MUSIC_PLAYER;ACTIVE;UI-State-Reserve;;NEIN;JA
C:\Users\patsl\Downloads\DeutschZ_UI_Production_Kit\01_PANELS\Music_Player_disabled.png;Music_Player_disabled.png;.png;1200x260;4.615385;JA;5785;181B427124FA839F53A0B397BAEC94E26421C304819782FD2FE336FFB09809FE;MUSIC_PLAYER;DISABLED;UI-State-Reserve;;NEIN;JA
C:\Users\patsl\Downloads\DeutschZ_UI_Production_Kit\01_PANELS\Music_Player_normal.png;Music_Player_normal.png;.png;1200x260;4.615385;JA;5830;7C30BAEDFCDF31A2EECFF37E850CAC9C968075710344018EAA4D7A22551A56DE;MUSIC_PLAYER;NORMAL;panels/music_player_normal.paa;;JA;NEIN
C:\Users\patsl\Downloads\DeutschZ_UI_Production_Kit\01_PANELS\Music_Player_offline.png;Music_Player_offline.png;.png;1200x260;4.615385;JA;5761;2E0EDCAB46DA731C6B6A55E85021DC3491EBDF7C25FE835BD5C286E564969101;MUSIC_PLAYER;OFFLINE;UI-State-Reserve;;NEIN;JA
C:\Users\patsl\Downloads\DeutschZ_UI_Production_Kit\01_PANELS\Music_Player_warning.png;Music_Player_warning.png;.png;1200x260;4.615385;JA;8680;273D3488C832B2BD804F10F43F68DC2CAE5C4E4E3ECBE004989D7F43133538FE;MUSIC_PLAYER;WARNING;UI-State-Reserve;;NEIN;JA
C:\Users\patsl\Downloads\DeutschZ_UI_Production_Kit\01_PANELS\News_active.png;News_active.png;.png;760x360;2.111111;JA;8031;FCA4EEE5C1011F82282F8C57C833E12CDB4A58E924641B46C08D84B6A35112C6;PANEL;ACTIVE;Panel-Reserve;;NEIN;JA
C:\Users\patsl\Downloads\DeutschZ_UI_Production_Kit\01_PANELS\News_disabled.png;News_disabled.png;.png;760x360;2.111111;JA;5677;9EE29D48B4FD3D2E476775E83A258959C3CECB9C3FECF5DDABAE0D49D086A52B;PANEL;DISABLED;Panel-Reserve;;NEIN;JA
C:\Users\patsl\Downloads\DeutschZ_UI_Production_Kit\01_PANELS\News_normal.png;News_normal.png;.png;760x360;2.111111;JA;5665;0367ED23DDED15D954696C62CD0C38C9A028016BF6A2F7A636B638492F0274F0;PANEL;NORMAL;panels/news_normal.paa;;JA;NEIN
C:\Users\patsl\Downloads\DeutschZ_UI_Production_Kit\01_PANELS\News_offline.png;News_offline.png;.png;760x360;2.111111;JA;5632;654EB2C50109D05AD7E1036C768352F1DE43E71DE69FCEC1170D87C0B7A9201C;PANEL;OFFLINE;Panel-Reserve;;NEIN;JA
C:\Users\patsl\Downloads\DeutschZ_UI_Production_Kit\01_PANELS\News_warning.png;News_warning.png;.png;760x360;2.111111;JA;8622;344CDF9AB9E594551B758A7D28A4C1E4702C4DA9CBDC8409941F6AD370917E4A;PANEL;WARNING;Panel-Reserve;;NEIN;JA
C:\Users\patsl\Downloads\DeutschZ_UI_Production_Kit\01_PANELS\Next_Event_active.png;Next_Event_active.png;.png;760x310;2.451613;JA;8819;FFDEB167582813EF47AAB037077C6468359D85889BB4542B54058E7DC99D8639;PANEL;ACTIVE;Panel-Reserve;;NEIN;JA
C:\Users\patsl\Downloads\DeutschZ_UI_Production_Kit\01_PANELS\Next_Event_disabled.png;Next_Event_disabled.png;.png;760x310;2.451613;JA;6255;1A51662846686D85C6E8BFA594EAF7AF5F99D4287CA7359C741F56BDF40B20C7;PANEL;DISABLED;Panel-Reserve;;NEIN;JA
C:\Users\patsl\Downloads\DeutschZ_UI_Production_Kit\01_PANELS\Next_Event_normal.png;Next_Event_normal.png;.png;760x310;2.451613;JA;6175;99DAFBA203D33C9FD791DA0AF264D7D0AAF0218B56272C47357C5FF7B3196EF0;PANEL;NORMAL;Panel-Reserve;;NEIN;JA
C:\Users\patsl\Downloads\DeutschZ_UI_Production_Kit\01_PANELS\Next_Event_offline.png;Next_Event_offline.png;.png;760x310;2.451613;JA;6168;AE7E50F1103BA18CE89D6F2091E3AFFAF7A3D598619B6E9A1AF37BA293D57E7C;PANEL;OFFLINE;Panel-Reserve;;NEIN;JA
C:\Users\patsl\Downloads\DeutschZ_UI_Production_Kit\01_PANELS\Next_Event_warning.png;Next_Event_warning.png;.png;760x310;2.451613;JA;9105;72F957725179D0BEC498DFE10529F1697811972DD2CAEB3B7A02035909913D6F;PANEL;WARNING;Panel-Reserve;;NEIN;JA
C:\Users\patsl\Downloads\DeutschZ_UI_Production_Kit\01_PANELS\Server_Status_active.png;Server_Status_active.png;.png;760x420;1.809524;JA;9977;CB94FA483FE6A7D5FBC3D23B5D68588B0F562016113B68AB745AD243D9DD3325;PANEL;ACTIVE;Panel-Reserve;;NEIN;JA
C:\Users\patsl\Downloads\DeutschZ_UI_Production_Kit\01_PANELS\Server_Status_disabled.png;Server_Status_disabled.png;.png;760x420;1.809524;JA;7428;F85D7A80980685DBE08956F98754999F343C3B879C86875C4E4ACB9EDA0CB50F;PANEL;DISABLED;Panel-Reserve;;NEIN;JA
C:\Users\patsl\Downloads\DeutschZ_UI_Production_Kit\01_PANELS\Server_Status_normal.png;Server_Status_normal.png;.png;760x420;1.809524;JA;7546;AF313663F41B5103F48A1A22F6A9737D746F7A4C2D68CA2EAC7CF03BF025C783;PANEL;NORMAL;Panel-Reserve;;NEIN;JA
C:\Users\patsl\Downloads\DeutschZ_UI_Production_Kit\01_PANELS\Server_Status_offline.png;Server_Status_offline.png;.png;760x420;1.809524;JA;7420;6E1288747616F3A94855015B07541DB5019C7A8B80086CBFB66C50E4C68949F3;PANEL;OFFLINE;Panel-Reserve;;NEIN;JA
C:\Users\patsl\Downloads\DeutschZ_UI_Production_Kit\01_PANELS\Server_Status_warning.png;Server_Status_warning.png;.png;760x420;1.809524;JA;10477;ED69147795CFD5F5396327DBB643D59055752B31947359C37D5170158F883A9F;PANEL;WARNING;Panel-Reserve;;NEIN;JA
C:\Users\patsl\Downloads\DeutschZ_UI_Production_Kit\01_PANELS\Settings_active.paa;Settings_active.paa;.paa;;;NEIN;295990;DEDDCB868F92741B829769BE6DC01D088531299FFF5466616A0A444C3752904F;PANEL;ACTIVE;Panel-Reserve;;NEIN;NEIN
C:\Users\patsl\Downloads\DeutschZ_UI_Production_Kit\01_PANELS\Settings_active.png;Settings_active.png;.png;1100x860;1.279070;JA;14437;7D179B6E22741AF66F778A568351E0AE7BB2C755E1F03BB67F30C144D74EB896;PANEL;ACTIVE;Panel-Reserve;;NEIN;JA
C:\Users\patsl\Downloads\DeutschZ_UI_Production_Kit\01_PANELS\Settings_disabled.paa;Settings_disabled.paa;.paa;;;NEIN;294679;999B6F8A603801A095498259D224D531F8A0267A781B2C0EA823D808C26DFC68;PANEL;DISABLED;Panel-Reserve;;NEIN;NEIN
C:\Users\patsl\Downloads\DeutschZ_UI_Production_Kit\01_PANELS\Settings_disabled.png;Settings_disabled.png;.png;1100x860;1.279070;JA;11950;5D6BCB689077C75BFAE3AAD14547ADFA01FCC277353E8D00A4A4B9AF74256C4C;PANEL;DISABLED;Panel-Reserve;;NEIN;JA
C:\Users\patsl\Downloads\DeutschZ_UI_Production_Kit\01_PANELS\Settings_normal.png;Settings_normal.png;.png;1100x860;1.279070;JA;11783;B815922EEE51639D7518689C3C86AC69776E4C17FEFDB307C9CC4C8DC8B63C6D;PANEL;NORMAL;Panel-Reserve;;NEIN;JA
C:\Users\patsl\Downloads\DeutschZ_UI_Production_Kit\01_PANELS\Settings_offline.png;Settings_offline.png;.png;1100x860;1.279070;JA;11893;665F42B67F61ABEAC5924ACD68DEFB45C3809467270DEF25CBD95EDA83A216C1;PANEL;OFFLINE;Panel-Reserve;;NEIN;JA
C:\Users\patsl\Downloads\DeutschZ_UI_Production_Kit\01_PANELS\Settings_warning.png;Settings_warning.png;.png;1100x860;1.279070;JA;14912;C94633F978053C55BE64FF4AADE541CD28A22AEE1051E9A3766D6394BDCAEA54;PANEL;WARNING;Panel-Reserve;;NEIN;JA
C:\Users\patsl\Downloads\DeutschZ_UI_Production_Kit\01_PANELS\Shop_active.png;Shop_active.png;.png;1180x860;1.372093;JA;14122;F8ADBBC641E465B46B699D72C3512B4CE9CB54D6B68D6112DDBC641C916E7EF2;PANEL;ACTIVE;Panel-Reserve;;NEIN;JA
C:\Users\patsl\Downloads\DeutschZ_UI_Production_Kit\01_PANELS\Shop_disabled.png;Shop_disabled.png;.png;1180x860;1.372093;JA;11772;E7688838EFF061CAECEB827A5782AEE7C64B59DAFD561DAA863D5FD0A94737A1;PANEL;DISABLED;Panel-Reserve;;NEIN;JA
C:\Users\patsl\Downloads\DeutschZ_UI_Production_Kit\01_PANELS\Shop_normal.png;Shop_normal.png;.png;1180x860;1.372093;JA;11637;FF5D8874454215E1D776BBF92491B1339452F459831C7C795E40688B186EE210;PANEL;NORMAL;Panel-Reserve;;NEIN;JA
C:\Users\patsl\Downloads\DeutschZ_UI_Production_Kit\01_PANELS\Shop_offline.png;Shop_offline.png;.png;1180x860;1.372093;JA;11646;83519C1C88FF721815A0B54F985BB0B51907002AD56C5346063B088DA4E7B213;PANEL;OFFLINE;Panel-Reserve;;NEIN;JA
C:\Users\patsl\Downloads\DeutschZ_UI_Production_Kit\01_PANELS\Shop_warning.png;Shop_warning.png;.png;1180x860;1.372093;JA;14723;07DC4A4099113D5FB847C3AE932C3448E6B9764F1EB91E5FF18AD2D9CE3A628D;PANEL;WARNING;Panel-Reserve;;NEIN;JA
C:\Users\patsl\Downloads\DeutschZ_UI_Production_Kit\01_PANELS\Social_Media_active.paa;Social_Media_active.paa;.paa;;;NEIN;59734;98D3B1DCC29EB393E8C9E9CDA2DE88ECDCED36DBF2E3E50EB30F20A63AEC2ADB;SOCIAL;ACTIVE;Panel-Reserve;;NEIN;NEIN
C:\Users\patsl\Downloads\DeutschZ_UI_Production_Kit\01_PANELS\Social_Media_active.png;Social_Media_active.png;.png;760x240;3.166667;JA;7751;217FEFA7527DEE8AD5334641C3A0B35E9C93D1F8F374726A18E58CB9E24502F1;SOCIAL;ACTIVE;Panel-Reserve;;NEIN;JA
C:\Users\patsl\Downloads\DeutschZ_UI_Production_Kit\01_PANELS\Social_Media_disabled.png;Social_Media_disabled.png;.png;760x240;3.166667;JA;5389;DA6729A7ECB9398783176800BDA516C21DCF18867186A15CBD56A8D7C48A44B2;SOCIAL;DISABLED;Panel-Reserve;;NEIN;JA
C:\Users\patsl\Downloads\DeutschZ_UI_Production_Kit\01_PANELS\Social_Media_normal.paa;Social_Media_normal.paa;.paa;;;NEIN;58983;8E267C8AD507FE4A9D3AC0596B08B9090FC7AFB25F5F2FCCEA783F0295EEBC7B;SOCIAL;NORMAL;Panel-Reserve;;NEIN;NEIN
C:\Users\patsl\Downloads\DeutschZ_UI_Production_Kit\01_PANELS\Social_Media_normal.png;Social_Media_normal.png;.png;760x240;3.166667;JA;5504;58F7863E89292699C6F0CE76F144927FF66E388A731B264C876FD903F0D15EA3;SOCIAL;NORMAL;Panel-Reserve;;NEIN;JA
C:\Users\patsl\Downloads\DeutschZ_UI_Production_Kit\01_PANELS\Social_Media_offline.paa;Social_Media_offline.paa;.paa;;;NEIN;58670;2C3CF872665A33E7F66353873F6E352D23D2D68F5A259BFE78FDB5D0F3C869CC;SOCIAL;OFFLINE;Panel-Reserve;;NEIN;NEIN
C:\Users\patsl\Downloads\DeutschZ_UI_Production_Kit\01_PANELS\Social_Media_offline.png;Social_Media_offline.png;.png;760x240;3.166667;JA;5438;E72F19D933877F32B46C02CAD459361D9EF410DBB2C6067FFE4820222045979B;SOCIAL;OFFLINE;Panel-Reserve;;NEIN;JA
C:\Users\patsl\Downloads\DeutschZ_UI_Production_Kit\01_PANELS\Social_Media_warning.png;Social_Media_warning.png;.png;760x240;3.166667;JA;8161;0ED7315DA1D8C81EB2201EB4F6C94AB52B93B0270547DFE8498238EC87C6995D;SOCIAL;WARNING;Panel-Reserve;;NEIN;JA
C:\Users\patsl\Downloads\DeutschZ_UI_Production_Kit\01_PANELS\Tooltip_Large_active.png;Tooltip_Large_active.png;.png;620x240;2.583333;JA;4782;909F33120693E364E4228FCF0DFD221B9E7D8FCC55BB99E8CCAD4E48C8EB9B80;TOOLTIP;ACTIVE;Panel-Reserve;;NEIN;JA
C:\Users\patsl\Downloads\DeutschZ_UI_Production_Kit\01_PANELS\Tooltip_Large_disabled.png;Tooltip_Large_disabled.png;.png;620x240;2.583333;JA;2473;25049C2F6882D975DB20A0982A06A1E49D20AC3E7D14BA8023485AB00927C994;TOOLTIP;DISABLED;Panel-Reserve;;NEIN;JA
C:\Users\patsl\Downloads\DeutschZ_UI_Production_Kit\01_PANELS\Tooltip_Large_normal.png;Tooltip_Large_normal.png;.png;620x240;2.583333;JA;2520;C814005CEB32F2DC1831555CDC99626038826035730A4F6C37015C821978AAF7;TOOLTIP;NORMAL;Panel-Reserve;;NEIN;JA
C:\Users\patsl\Downloads\DeutschZ_UI_Production_Kit\01_PANELS\Tooltip_Large_offline.png;Tooltip_Large_offline.png;.png;620x240;2.583333;JA;2417;17ABA82E4133C679ABCE014FA06D7D0FCEA5E4FC023DA991D5EFF8A127BEAF1E;TOOLTIP;OFFLINE;Panel-Reserve;;NEIN;JA
C:\Users\patsl\Downloads\DeutschZ_UI_Production_Kit\01_PANELS\Tooltip_Large_warning.png;Tooltip_Large_warning.png;.png;620x240;2.583333;JA;5013;16FAD0C805B06E3F28B7278189C7E0D7028488916D1C37D38388AE6FCAD9C705;TOOLTIP;WARNING;Panel-Reserve;;NEIN;JA
C:\Users\patsl\Downloads\DeutschZ_UI_Production_Kit\01_PANELS\Tooltip_Small_active.png;Tooltip_Small_active.png;.png;420x160;2.625000;JA;4099;EFE02921775A3D995E1CAC2A12DA6A7A05847A79E2AC946D95A9248EC3D2DD15;TOOLTIP;ACTIVE;Panel-Reserve;;NEIN;JA
C:\Users\patsl\Downloads\DeutschZ_UI_Production_Kit\01_PANELS\Tooltip_Small_disabled.png;Tooltip_Small_disabled.png;.png;420x160;2.625000;JA;1868;45E18C43B86044224C12142DBF8109F143D3D3F01AD4118730F97D625C0DB9E7;TOOLTIP;DISABLED;Panel-Reserve;;NEIN;JA
C:\Users\patsl\Downloads\DeutschZ_UI_Production_Kit\01_PANELS\Tooltip_Small_normal.png;Tooltip_Small_normal.png;.png;420x160;2.625000;JA;1850;970D16867CC3696BD8545041A90FC23AE1580B524ACA41B714804426BE80E016;TOOLTIP;NORMAL;Panel-Reserve;;NEIN;JA
C:\Users\patsl\Downloads\DeutschZ_UI_Production_Kit\01_PANELS\Tooltip_Small_offline.png;Tooltip_Small_offline.png;.png;420x160;2.625000;JA;1904;134668871C758F5048927B35D84EC2F434E9F9681F2EF838F62589BD64B6AE96;TOOLTIP;OFFLINE;Panel-Reserve;;NEIN;JA
C:\Users\patsl\Downloads\DeutschZ_UI_Production_Kit\01_PANELS\Tooltip_Small_warning.png;Tooltip_Small_warning.png;.png;420x160;2.625000;JA;4376;06DB54179334AECDBDB1CA9EF7D9AFCDF4435334EE2E8820D48B9DA65506D26E;TOOLTIP;WARNING;Panel-Reserve;;NEIN;JA
C:\Users\patsl\Downloads\DeutschZ_UI_Production_Kit\02_BUTTONS\IconOnly\character_active.paa;character_active.paa;.paa;;;NEIN;9166;D01FE967C1D59F1E2F207E0D3ACF9BE2861C6FE0017C83391947722A781AE578;BUTTON;ACTIVE;UI-State-Reserve;;NEIN;NEIN
C:\Users\patsl\Downloads\DeutschZ_UI_Production_Kit\02_BUTTONS\IconOnly\character_active.png;character_active.png;.png;160x160;1.000000;JA;5219;0065F97B78A61B6A8915CAB6AE8681E8B5C9D9831D35111C17EEA1DBC77745AB;BUTTON;ACTIVE;UI-State-Reserve;;NEIN;JA
C:\Users\patsl\Downloads\DeutschZ_UI_Production_Kit\02_BUTTONS\IconOnly\character_disabled.png;character_disabled.png;.png;160x160;1.000000;JA;1751;213F91ABE872BA4F7BEB9C83FC02E6610E6D39DF099C37F46CD1AB18CEE89CB0;BUTTON;DISABLED;UI-State-Reserve;;NEIN;JA
C:\Users\patsl\Downloads\DeutschZ_UI_Production_Kit\02_BUTTONS\IconOnly\character_hover.png;character_hover.png;.png;160x160;1.000000;JA;5063;F696F36D5DFB1FDCD506272DAB08E3C2C30D8CAB0301870A6ACBFCD214AF9664;BUTTON;HOVER;UI-State-Reserve;;NEIN;JA
C:\Users\patsl\Downloads\DeutschZ_UI_Production_Kit\02_BUTTONS\IconOnly\character_normal.png;character_normal.png;.png;160x160;1.000000;JA;1713;2BB79442E7EFD2C514AEAA13FCC5BF95CD442B8371BFE2F75307150259A30984;BUTTON;NORMAL;UI-State-Reserve;;NEIN;JA
C:\Users\patsl\Downloads\DeutschZ_UI_Production_Kit\02_BUTTONS\IconOnly\character_pressed.png;character_pressed.png;.png;160x160;1.000000;JA;5179;EB463BE9C9701F21C3BAA82B2CD574FB9A4C98AC259F7FA07405647A9190E8EF;BUTTON;PRESSED;UI-State-Reserve;;NEIN;JA
C:\Users\patsl\Downloads\DeutschZ_UI_Production_Kit\02_BUTTONS\IconOnly\character_warning.png;character_warning.png;.png;160x160;1.000000;JA;5669;56BD8B7CB93152C5C720FDD6DF09766E3553E5CAEE0BCDDD3380BD6AD6209162;BUTTON;WARNING;UI-State-Reserve;;NEIN;JA
C:\Users\patsl\Downloads\DeutschZ_UI_Production_Kit\02_BUTTONS\IconOnly\clock_active.png;clock_active.png;.png;160x160;1.000000;JA;5639;1FD791B7529BA514AD52E4EBC9C5BE72B589FE274AD0C7F394FCDA30336340F3;BUTTON;ACTIVE;UI-State-Reserve;;NEIN;JA
C:\Users\patsl\Downloads\DeutschZ_UI_Production_Kit\02_BUTTONS\IconOnly\clock_disabled.png;clock_disabled.png;.png;160x160;1.000000;JA;2127;8B0AB986B78EBE3DB25B19453585F9B14B469DD526365A2DEA4AC7EE1F78158C;BUTTON;DISABLED;UI-State-Reserve;;NEIN;JA
C:\Users\patsl\Downloads\DeutschZ_UI_Production_Kit\02_BUTTONS\IconOnly\clock_hover.png;clock_hover.png;.png;160x160;1.000000;JA;5415;CAD57BCC3F7B0B666028D1B012C6CB9B14C9B7BC05207A70DCB03D1310748B7D;BUTTON;HOVER;UI-State-Reserve;;NEIN;JA
C:\Users\patsl\Downloads\DeutschZ_UI_Production_Kit\02_BUTTONS\IconOnly\clock_normal.png;clock_normal.png;.png;160x160;1.000000;JA;2087;A1215E32E35C253232B8C29ECF73CBA080A000906AC7998F612629E83ADDCC51;BUTTON;NORMAL;UI-State-Reserve;;NEIN;JA
C:\Users\patsl\Downloads\DeutschZ_UI_Production_Kit\02_BUTTONS\IconOnly\clock_pressed.png;clock_pressed.png;.png;160x160;1.000000;JA;5647;4A2B08F987CF896022D17E9ED2D25A31302BABCD31B73038FA0DF4101A3106EC;BUTTON;PRESSED;UI-State-Reserve;;NEIN;JA
C:\Users\patsl\Downloads\DeutschZ_UI_Production_Kit\02_BUTTONS\IconOnly\clock_warning.png;clock_warning.png;.png;160x160;1.000000;JA;6083;742C069883D2A0C87FBC315E1DCF99E95CFC663656CB9DC900BE50921A8028F4;BUTTON;WARNING;UI-State-Reserve;;NEIN;JA
C:\Users\patsl\Downloads\DeutschZ_UI_Production_Kit\02_BUTTONS\IconOnly\close_active.png;close_active.png;.png;160x160;1.000000;JA;5443;E848CA19AF98483DC0B2CF4E2397D940989334A7B759A59F6E95EAA419B636B1;BUTTON;ACTIVE;UI-State-Reserve;;NEIN;JA
C:\Users\patsl\Downloads\DeutschZ_UI_Production_Kit\02_BUTTONS\IconOnly\close_disabled.png;close_disabled.png;.png;160x160;1.000000;JA;1926;0D2D535F195597192DC9D4614203914563463B416DBB0E9744225C5C821D989C;BUTTON;DISABLED;UI-State-Reserve;;NEIN;JA
C:\Users\patsl\Downloads\DeutschZ_UI_Production_Kit\02_BUTTONS\IconOnly\close_hover.png;close_hover.png;.png;160x160;1.000000;JA;5267;43257F254F2D884AE7A4CF377C746325C8539975CEAE658189AD4915CF5D7848;BUTTON;HOVER;UI-State-Reserve;;NEIN;JA
C:\Users\patsl\Downloads\DeutschZ_UI_Production_Kit\02_BUTTONS\IconOnly\close_normal.png;close_normal.png;.png;160x160;1.000000;JA;2007;B57AD5DEF32721B205ABB0DE61235E4EFBD780D9ECC18357DBD58A2E62A5B0FB;BUTTON;NORMAL;UI-State-Reserve;;NEIN;JA
C:\Users\patsl\Downloads\DeutschZ_UI_Production_Kit\02_BUTTONS\IconOnly\close_pressed.png;close_pressed.png;.png;160x160;1.000000;JA;5413;BE21CE4E88F7490FCB7D942DB06120A0FFF8E98030DC53125457E7A9F18257D1;BUTTON;PRESSED;UI-State-Reserve;;NEIN;JA
C:\Users\patsl\Downloads\DeutschZ_UI_Production_Kit\02_BUTTONS\IconOnly\close_warning.png;close_warning.png;.png;160x160;1.000000;JA;5816;ACA8A1649EB5989AC87AA5A13CA04763E4DCABEE211989E301AB2EDBA0F23E5A;BUTTON;WARNING;UI-State-Reserve;;NEIN;JA
C:\Users\patsl\Downloads\DeutschZ_UI_Production_Kit\02_BUTTONS\IconOnly\coins_active.png;coins_active.png;.png;160x160;1.000000;JA;5604;21CF7D6CC1A1F34EF56C8E0CD9183F7CCBA74F2D8129014CE687F035EF84CC5C;BUTTON;ACTIVE;UI-State-Reserve;;NEIN;JA
C:\Users\patsl\Downloads\DeutschZ_UI_Production_Kit\02_BUTTONS\IconOnly\coins_disabled.png;coins_disabled.png;.png;160x160;1.000000;JA;2117;107C1BBD28356F96FBD9334C35B684DD9DC2C6282DF89FAFF5C0BDB1918C9658;BUTTON;DISABLED;UI-State-Reserve;;NEIN;JA
C:\Users\patsl\Downloads\DeutschZ_UI_Production_Kit\02_BUTTONS\IconOnly\coins_hover.png;coins_hover.png;.png;160x160;1.000000;JA;5402;2F77117C4EC3C8C982DDA05FE12BE6727CD4C844B1313A5B0C290B6778CB3B74;BUTTON;HOVER;UI-State-Reserve;;NEIN;JA
C:\Users\patsl\Downloads\DeutschZ_UI_Production_Kit\02_BUTTONS\IconOnly\coins_normal.png;coins_normal.png;.png;160x160;1.000000;JA;2044;1728C65C505FA58B6F3C346E1A86D5E9BCFA9C46BE4D705B5324AD86F0D814D0;BUTTON;NORMAL;UI-State-Reserve;;NEIN;JA
C:\Users\patsl\Downloads\DeutschZ_UI_Production_Kit\02_BUTTONS\IconOnly\coins_pressed.png;coins_pressed.png;.png;160x160;1.000000;JA;5661;9DA0135FC601073EECEDDD509D78C7BD382B41CAF1AAB0005B7E4F0BA727C0E2;BUTTON;PRESSED;UI-State-Reserve;;NEIN;JA
C:\Users\patsl\Downloads\DeutschZ_UI_Production_Kit\02_BUTTONS\IconOnly\coins_warning.png;coins_warning.png;.png;160x160;1.000000;JA;5982;6D25960A97AFCBAAFADD4B6332CF78926A7AF9EC222311577C532FFB03F6DBB3;BUTTON;WARNING;UI-State-Reserve;;NEIN;JA
C:\Users\patsl\Downloads\DeutschZ_UI_Production_Kit\02_BUTTONS\IconOnly\discord_active.png;discord_active.png;.png;160x160;1.000000;JA;5272;53C7FBDEBD107A6821FDDB1C35423BC7A3F2DFDB58DBFDBC489122D9493F3A0F;BUTTON;ACTIVE;UI-State-Reserve;;NEIN;JA
C:\Users\patsl\Downloads\DeutschZ_UI_Production_Kit\02_BUTTONS\IconOnly\discord_disabled.png;discord_disabled.png;.png;160x160;1.000000;JA;1859;121499468C80C5198111591CA41BD89589529F7D95604953E7B2614354F087AB;BUTTON;DISABLED;UI-State-Reserve;;NEIN;JA
C:\Users\patsl\Downloads\DeutschZ_UI_Production_Kit\02_BUTTONS\IconOnly\discord_hover.png;discord_hover.png;.png;160x160;1.000000;JA;5147;17BDDFDC133CDF175930B10EC516ACA05E41402982B069AC6A87D9D6C0D43604;BUTTON;HOVER;UI-State-Reserve;;NEIN;JA
C:\Users\patsl\Downloads\DeutschZ_UI_Production_Kit\02_BUTTONS\IconOnly\discord_normal.png;discord_normal.png;.png;160x160;1.000000;JA;1854;B7D1BCDD6AE13BF92C9B710C2638766A827442391F7422197AE81AFC278AA876;BUTTON;NORMAL;UI-State-Reserve;;NEIN;JA
C:\Users\patsl\Downloads\DeutschZ_UI_Production_Kit\02_BUTTONS\IconOnly\discord_pressed.png;discord_pressed.png;.png;160x160;1.000000;JA;5393;5E412662CB740CD5584D60BAD55F65D51165221764CEB7CCBFE061BDEA30AD42;BUTTON;PRESSED;UI-State-Reserve;;NEIN;JA
C:\Users\patsl\Downloads\DeutschZ_UI_Production_Kit\02_BUTTONS\IconOnly\discord_warning.png;discord_warning.png;.png;160x160;1.000000;JA;5713;0C5430C7BF78D34A40FFE8AE8850A6DB3F26F67F55134699C8659B89D84A6B8E;BUTTON;WARNING;UI-State-Reserve;;NEIN;JA
C:\Users\patsl\Downloads\DeutschZ_UI_Production_Kit\02_BUTTONS\IconOnly\down_active.png;down_active.png;.png;160x160;1.000000;JA;5205;EAAE9A32105D07CFED75333B6FFD606C7E26B9AE406E93E4BA29CDFC05557D6E;BUTTON;ACTIVE;UI-State-Reserve;;NEIN;JA
C:\Users\patsl\Downloads\DeutschZ_UI_Production_Kit\02_BUTTONS\IconOnly\down_disabled.png;down_disabled.png;.png;160x160;1.000000;JA;1759;722D527CB054D88BBDFE6BBE95388026DFABC66B8ADE4B299DC568789994BAA6;BUTTON;DISABLED;UI-State-Reserve;;NEIN;JA
C:\Users\patsl\Downloads\DeutschZ_UI_Production_Kit\02_BUTTONS\IconOnly\down_hover.png;down_hover.png;.png;160x160;1.000000;JA;5150;A5FA008649C3075F3BEB32793EA49D9CEDF6BF5E129A629A81DD311D8DE37932;BUTTON;HOVER;UI-State-Reserve;;NEIN;JA
C:\Users\patsl\Downloads\DeutschZ_UI_Production_Kit\02_BUTTONS\IconOnly\down_normal.png;down_normal.png;.png;160x160;1.000000;JA;1708;73BD53DD34C19FD35D15831DF3818A56DB9EDC5B514F15EA51741F83A71878C1;BUTTON;NORMAL;UI-State-Reserve;;NEIN;JA
C:\Users\patsl\Downloads\DeutschZ_UI_Production_Kit\02_BUTTONS\IconOnly\down_pressed.png;down_pressed.png;.png;160x160;1.000000;JA;5239;61741ED6A3E6331C40997AD3F89ADB06782BE125F4B03CD9AD698FAA9AAC9C40;BUTTON;PRESSED;UI-State-Reserve;;NEIN;JA
C:\Users\patsl\Downloads\DeutschZ_UI_Production_Kit\02_BUTTONS\IconOnly\down_warning.png;down_warning.png;.png;160x160;1.000000;JA;5603;F4CFC081EBCC48A25703BED042151E2FBF102B8900CAA5CF45226937B2002F0C;BUTTON;WARNING;UI-State-Reserve;;NEIN;JA
C:\Users\patsl\Downloads\DeutschZ_UI_Production_Kit\02_BUTTONS\IconOnly\events_active.png;events_active.png;.png;160x160;1.000000;JA;5458;770A36BEF1DB597EE096B8B43E146A347B058279D8A9679C14E0FA14FB288CFF;BUTTON;ACTIVE;UI-State-Reserve;;NEIN;JA
C:\Users\patsl\Downloads\DeutschZ_UI_Production_Kit\02_BUTTONS\IconOnly\events_disabled.png;events_disabled.png;.png;160x160;1.000000;JA;1918;F582405E3C62D981301CD58EABEC0DF4860C7A32D3666D10BAB6DDDB48C78C6F;BUTTON;DISABLED;UI-State-Reserve;;NEIN;JA
C:\Users\patsl\Downloads\DeutschZ_UI_Production_Kit\02_BUTTONS\IconOnly\events_hover.png;events_hover.png;.png;160x160;1.000000;JA;5156;E3119B050A9568DD7036D1352F81805D4897964D55AEA11F073AC9410D9EC7F0;BUTTON;HOVER;UI-State-Reserve;;NEIN;JA
C:\Users\patsl\Downloads\DeutschZ_UI_Production_Kit\02_BUTTONS\IconOnly\events_normal.png;events_normal.png;.png;160x160;1.000000;JA;1925;9192413C9479AED364E787E7FD0B2C523ADFF962CA17D0D38010074054868373;BUTTON;NORMAL;UI-State-Reserve;;NEIN;JA
C:\Users\patsl\Downloads\DeutschZ_UI_Production_Kit\02_BUTTONS\IconOnly\events_pressed.png;events_pressed.png;.png;160x160;1.000000;JA;5442;834D5F7F2C233F267CFE580E2D02CAD24A35DC43A8A18B38061E66EAD9E18111;BUTTON;PRESSED;UI-State-Reserve;;NEIN;JA
C:\Users\patsl\Downloads\DeutschZ_UI_Production_Kit\02_BUTTONS\IconOnly\events_warning.png;events_warning.png;.png;160x160;1.000000;JA;5802;94E573FC995DAF767C8E97BA9E22FBCA38A1F2A235DBF847836A6A46F47526B9;BUTTON;WARNING;UI-State-Reserve;;NEIN;JA
C:\Users\patsl\Downloads\DeutschZ_UI_Production_Kit\02_BUTTONS\IconOnly\exit_active.png;exit_active.png;.png;160x160;1.000000;JA;5122;4D2948B8B3A84B4C48E44F57A26054E6F282B58538C4F906E30C17DE21B792AC;BUTTON;ACTIVE;UI-State-Reserve;;NEIN;JA
C:\Users\patsl\Downloads\DeutschZ_UI_Production_Kit\02_BUTTONS\IconOnly\exit_disabled.png;exit_disabled.png;.png;160x160;1.000000;JA;1583;6D9E73DE4E3C72F2C29A91A4B756654A0D61D35A6347BC38388DD1AD6C14CF32;BUTTON;DISABLED;UI-State-Reserve;;NEIN;JA
C:\Users\patsl\Downloads\DeutschZ_UI_Production_Kit\02_BUTTONS\IconOnly\exit_hover.png;exit_hover.png;.png;160x160;1.000000;JA;4944;FB93FC827A1B0D15E49AA901189ABAA14C10F465FA142F5DC655D3AC41330421;BUTTON;HOVER;UI-State-Reserve;;NEIN;JA
C:\Users\patsl\Downloads\DeutschZ_UI_Production_Kit\02_BUTTONS\IconOnly\exit_normal.png;exit_normal.png;.png;160x160;1.000000;JA;1550;A4476B92C14A26AAAD42E149ECCA202C1A47C3E709D8F84616CC3B02C9FD647C;BUTTON;NORMAL;UI-State-Reserve;;NEIN;JA
C:\Users\patsl\Downloads\DeutschZ_UI_Production_Kit\02_BUTTONS\IconOnly\exit_pressed.png;exit_pressed.png;.png;160x160;1.000000;JA;5069;AAFFA1ACA9D6841375F7FC990F2791F0D1754356C0F2680F44B6A70F268AD051;BUTTON;PRESSED;UI-State-Reserve;;NEIN;JA
C:\Users\patsl\Downloads\DeutschZ_UI_Production_Kit\02_BUTTONS\IconOnly\exit_warning.png;exit_warning.png;.png;160x160;1.000000;JA;5474;93CB45FB5A7EAE71DD23A845C15FB9D2BC98199ABA5ACAF51EF1771C4BDC2535;BUTTON;WARNING;UI-State-Reserve;;NEIN;JA
C:\Users\patsl\Downloads\DeutschZ_UI_Production_Kit\02_BUTTONS\IconOnly\home_active.png;home_active.png;.png;160x160;1.000000;JA;5275;0AF6D30FD628B6EC97A66099F450A936401A449F4F8E5469645E707E39C6FF44;BUTTON;ACTIVE;UI-State-Reserve;;NEIN;JA
C:\Users\patsl\Downloads\DeutschZ_UI_Production_Kit\02_BUTTONS\IconOnly\home_disabled.png;home_disabled.png;.png;160x160;1.000000;JA;1830;8615B827D561FDF751F82A9827E0F24F67E25F0DAA038D90508A3E23AA90A07F;BUTTON;DISABLED;UI-State-Reserve;;NEIN;JA
C:\Users\patsl\Downloads\DeutschZ_UI_Production_Kit\02_BUTTONS\IconOnly\home_hover.png;home_hover.png;.png;160x160;1.000000;JA;5026;2CAABD95295FA0C83799D66C01D9F375AE2F6CE009C4F54A4C68D97194777DBD;BUTTON;HOVER;UI-State-Reserve;;NEIN;JA
C:\Users\patsl\Downloads\DeutschZ_UI_Production_Kit\02_BUTTONS\IconOnly\home_normal.png;home_normal.png;.png;160x160;1.000000;JA;1703;4C719CC65BE725BBED4750F0B81D55EEA5F819B48ADE4A190E034DA4C4EA549E;BUTTON;NORMAL;UI-State-Reserve;;NEIN;JA
C:\Users\patsl\Downloads\DeutschZ_UI_Production_Kit\02_BUTTONS\IconOnly\home_pressed.png;home_pressed.png;.png;160x160;1.000000;JA;5238;6828251282AB918FEE36AC09DB2F782E6D744029A51FDDD07298D34432426BB8;BUTTON;PRESSED;UI-State-Reserve;;NEIN;JA
C:\Users\patsl\Downloads\DeutschZ_UI_Production_Kit\02_BUTTONS\IconOnly\home_warning.png;home_warning.png;.png;160x160;1.000000;JA;5658;FEEB9F61DCD2C3718FE7C3BB528303B7B58EA3FCB51B9ED37DE3832B319B0E0A;BUTTON;WARNING;UI-State-Reserve;;NEIN;JA
C:\Users\patsl\Downloads\DeutschZ_UI_Production_Kit\02_BUTTONS\IconOnly\inventory_active.png;inventory_active.png;.png;160x160;1.000000;JA;5133;FDBC3D4F361C60B34CF55C4AD6777BDB9ED87E09E9A135DE777F8448905D9994;BUTTON;ACTIVE;UI-State-Reserve;;NEIN;JA
C:\Users\patsl\Downloads\DeutschZ_UI_Production_Kit\02_BUTTONS\IconOnly\inventory_disabled.png;inventory_disabled.png;.png;160x160;1.000000;JA;1579;73AEC50EAE25C25F0C7DF0DE29A989A02E5E84A7A3A38D8ED07CE26857E7C693;BUTTON;DISABLED;UI-State-Reserve;;NEIN;JA
C:\Users\patsl\Downloads\DeutschZ_UI_Production_Kit\02_BUTTONS\IconOnly\inventory_hover.png;inventory_hover.png;.png;160x160;1.000000;JA;4924;663EBCE639CA518A99A7EB151FA30B7ABDF95383D2E930300EFB78B306AC0636;BUTTON;HOVER;UI-State-Reserve;;NEIN;JA
C:\Users\patsl\Downloads\DeutschZ_UI_Production_Kit\02_BUTTONS\IconOnly\inventory_normal.png;inventory_normal.png;.png;160x160;1.000000;JA;1563;20A417281C1E5C5E8209D1852F3F987DD1379453043E9F00C88A6626876D0FF3;BUTTON;NORMAL;UI-State-Reserve;;NEIN;JA
C:\Users\patsl\Downloads\DeutschZ_UI_Production_Kit\02_BUTTONS\IconOnly\inventory_pressed.png;inventory_pressed.png;.png;160x160;1.000000;JA;5184;32CFDB3C399E9AE1888DF3F1441A44EFE1F1911BFE96452BDBE0365879D6139B;BUTTON;PRESSED;UI-State-Reserve;;NEIN;JA
C:\Users\patsl\Downloads\DeutschZ_UI_Production_Kit\02_BUTTONS\IconOnly\inventory_warning.png;inventory_warning.png;.png;160x160;1.000000;JA;5442;194E46F92D4F258453BACA68B3A783072F435309F95F743C127FC5F6DBF6619C;BUTTON;WARNING;UI-State-Reserve;;NEIN;JA
C:\Users\patsl\Downloads\DeutschZ_UI_Production_Kit\02_BUTTONS\IconOnly\music_active.png;music_active.png;.png;160x160;1.000000;JA;5271;EDADADDC2CFE8AC91AC3B0BFB372323B545591DAF83D8FB4B6B69923274B7D31;BUTTON;ACTIVE;UI-State-Reserve;;NEIN;JA
C:\Users\patsl\Downloads\DeutschZ_UI_Production_Kit\02_BUTTONS\IconOnly\music_disabled.png;music_disabled.png;.png;160x160;1.000000;JA;1704;D809C4C6938A59646CAA67FBE357235DEFC7CD65FC053D3C4B6B3A63E6212828;BUTTON;DISABLED;UI-State-Reserve;;NEIN;JA
C:\Users\patsl\Downloads\DeutschZ_UI_Production_Kit\02_BUTTONS\IconOnly\music_hover.png;music_hover.png;.png;160x160;1.000000;JA;5018;437DFF025F5DB572C6A6AB19D45DA7188EE2393F538A1D89C66E1F800F3E47F5;BUTTON;HOVER;UI-State-Reserve;;NEIN;JA
C:\Users\patsl\Downloads\DeutschZ_UI_Production_Kit\02_BUTTONS\IconOnly\music_normal.png;music_normal.png;.png;160x160;1.000000;JA;1794;F51DC5523F8FC2CCD0398E7401E067E23126426EA328AFA07A1A1EF0D80D1D16;BUTTON;NORMAL;UI-State-Reserve;;NEIN;JA
C:\Users\patsl\Downloads\DeutschZ_UI_Production_Kit\02_BUTTONS\IconOnly\music_pressed.png;music_pressed.png;.png;160x160;1.000000;JA;5217;037E071FFFDD204A0318C50D8AB07CC308DFD144489D261B250A1C688D026408;BUTTON;PRESSED;UI-State-Reserve;;NEIN;JA
C:\Users\patsl\Downloads\DeutschZ_UI_Production_Kit\02_BUTTONS\IconOnly\music_warning.png;music_warning.png;.png;160x160;1.000000;JA;5623;E088F9E1C72F58423FBA50210314F73E4F4DB4B3A8BA835C13D74AC96BD4DEC5;BUTTON;WARNING;UI-State-Reserve;;NEIN;JA
C:\Users\patsl\Downloads\DeutschZ_UI_Production_Kit\02_BUTTONS\IconOnly\news_active.png;news_active.png;.png;160x160;1.000000;JA;5072;1F7BF8A86EBDFE1F5D7EC5D2B1E7A235AD702E43644BADADB2C0CEA6E8E59332;BUTTON;ACTIVE;UI-State-Reserve;;NEIN;JA
C:\Users\patsl\Downloads\DeutschZ_UI_Production_Kit\02_BUTTONS\IconOnly\news_disabled.png;news_disabled.png;.png;160x160;1.000000;JA;1550;3DB3DA722A759EEFCDA61AA3066BE071754925687A566F9874297B53D690D27D;BUTTON;DISABLED;UI-State-Reserve;;NEIN;JA
C:\Users\patsl\Downloads\DeutschZ_UI_Production_Kit\02_BUTTONS\IconOnly\news_hover.png;news_hover.png;.png;160x160;1.000000;JA;4850;36A7BE8BC665C4ABAC0BF487B0A43B424922CD73C8FED01907A86013E8A30595;BUTTON;HOVER;UI-State-Reserve;;NEIN;JA
C:\Users\patsl\Downloads\DeutschZ_UI_Production_Kit\02_BUTTONS\IconOnly\news_normal.png;news_normal.png;.png;160x160;1.000000;JA;1613;6A7777F5DC0C7D63AC99DDC1CEC3B4EE0C9BF133828C34B8B07819456B8138D7;BUTTON;NORMAL;UI-State-Reserve;;NEIN;JA
C:\Users\patsl\Downloads\DeutschZ_UI_Production_Kit\02_BUTTONS\IconOnly\news_pressed.png;news_pressed.png;.png;160x160;1.000000;JA;5218;9F248461E07C23129B8E3BDE4C23A497EA46FBE733DA705A2803C1D56A51B329;BUTTON;PRESSED;UI-State-Reserve;;NEIN;JA
C:\Users\patsl\Downloads\DeutschZ_UI_Production_Kit\02_BUTTONS\IconOnly\news_warning.png;news_warning.png;.png;160x160;1.000000;JA;5450;50FEB4DAF1308C3579999CB5E3E87F6EA0A135EE19C571E39CE9DACA125E96C4;BUTTON;WARNING;UI-State-Reserve;;NEIN;JA
C:\Users\patsl\Downloads\DeutschZ_UI_Production_Kit\02_BUTTONS\IconOnly\next_active.png;next_active.png;.png;160x160;1.000000;JA;5275;BA1A65D56E123EDEC27138085055C56C56FB19495990922F4562A4450644CE8A;BUTTON;ACTIVE;UI-State-Reserve;;NEIN;JA
C:\Users\patsl\Downloads\DeutschZ_UI_Production_Kit\02_BUTTONS\IconOnly\next_disabled.png;next_disabled.png;.png;160x160;1.000000;JA;1801;3FE298B12E4F88BB247CEC479DE7FB1C082F08B1191666C9B95025DF8E249DFC;BUTTON;DISABLED;UI-State-Reserve;;NEIN;JA
C:\Users\patsl\Downloads\DeutschZ_UI_Production_Kit\02_BUTTONS\IconOnly\next_hover.png;next_hover.png;.png;160x160;1.000000;JA;5086;FDC0BF6E6472DB8129415C9DFDF3C41A7F9B0193A64881A52D42CBC7C7B32756;BUTTON;HOVER;UI-State-Reserve;;NEIN;JA
C:\Users\patsl\Downloads\DeutschZ_UI_Production_Kit\02_BUTTONS\IconOnly\next_normal.png;next_normal.png;.png;160x160;1.000000;JA;1751;F6EE316CD779BFCC252E9BC5820648E33C88BCFAD4621B1368394E2893094079;BUTTON;NORMAL;UI-State-Reserve;;NEIN;JA
C:\Users\patsl\Downloads\DeutschZ_UI_Production_Kit\02_BUTTONS\IconOnly\next_pressed.png;next_pressed.png;.png;160x160;1.000000;JA;5310;328C115EC0334E7A000F8771DFDA07D1D9181D5D88A054F349E17D88195596BA;BUTTON;PRESSED;UI-State-Reserve;;NEIN;JA
C:\Users\patsl\Downloads\DeutschZ_UI_Production_Kit\02_BUTTONS\IconOnly\next_warning.png;next_warning.png;.png;160x160;1.000000;JA;5777;112C1D22351842E31458A6D6A58D60D278808D17D488279EA3CE2D6677FFBF27;BUTTON;WARNING;UI-State-Reserve;;NEIN;JA
C:\Users\patsl\Downloads\DeutschZ_UI_Production_Kit\02_BUTTONS\IconOnly\pause_active.png;pause_active.png;.png;160x160;1.000000;JA;5090;AAA67A636F2107148B06303E241AF2A218B171DF5050975524D9E5F19995F850;BUTTON;ACTIVE;UI-State-Reserve;;NEIN;JA
C:\Users\patsl\Downloads\DeutschZ_UI_Production_Kit\02_BUTTONS\IconOnly\pause_disabled.png;pause_disabled.png;.png;160x160;1.000000;JA;1524;1480D8CB21884D7F07C18B00C38A58604CD53F7F2226B32857B43BF5A9D8EE20;BUTTON;DISABLED;UI-State-Reserve;;NEIN;JA
C:\Users\patsl\Downloads\DeutschZ_UI_Production_Kit\02_BUTTONS\IconOnly\pause_hover.png;pause_hover.png;.png;160x160;1.000000;JA;4908;B5C6E30795137F5AB951FB76874417ABD19426B404ABCD1885F82121F86AB1E9;BUTTON;HOVER;UI-State-Reserve;;NEIN;JA
C:\Users\patsl\Downloads\DeutschZ_UI_Production_Kit\02_BUTTONS\IconOnly\pause_normal.png;pause_normal.png;.png;160x160;1.000000;JA;1469;88B5C34558F7072A485D49A199720F9A0AE5A38F840B3C9CED4D8F8FF1AB3074;BUTTON;NORMAL;UI-State-Reserve;;NEIN;JA
C:\Users\patsl\Downloads\DeutschZ_UI_Production_Kit\02_BUTTONS\IconOnly\pause_pressed.png;pause_pressed.png;.png;160x160;1.000000;JA;5023;569F605D61A8D7AC632A7D23C0442E1BAB42F5FEF25B8F46E807429F42E3D81C;BUTTON;PRESSED;UI-State-Reserve;;NEIN;JA
C:\Users\patsl\Downloads\DeutschZ_UI_Production_Kit\02_BUTTONS\IconOnly\pause_warning.png;pause_warning.png;.png;160x160;1.000000;JA;5391;189F45DD12F79114C478574230C883C1B517C13B3752AC0342B98A59359C25C7;BUTTON;WARNING;UI-State-Reserve;;NEIN;JA
C:\Users\patsl\Downloads\DeutschZ_UI_Production_Kit\02_BUTTONS\IconOnly\play_active.png;play_active.png;.png;160x160;1.000000;JA;5271;A91253F8E2CB6985B23C379799AAE60F90E89E5CC6C3DACA4DCEBE9D0A3D40A2;BUTTON;ACTIVE;UI-State-Reserve;;NEIN;JA
C:\Users\patsl\Downloads\DeutschZ_UI_Production_Kit\02_BUTTONS\IconOnly\play_disabled.png;play_disabled.png;.png;160x160;1.000000;JA;1740;60F57E350EFCA74C4102D55FDF8EC8F04B59FB29013B779A03A9992CBE170B0E;BUTTON;DISABLED;UI-State-Reserve;;NEIN;JA
C:\Users\patsl\Downloads\DeutschZ_UI_Production_Kit\02_BUTTONS\IconOnly\play_hover.png;play_hover.png;.png;160x160;1.000000;JA;4920;FDDE2C08F04833D38FDDCD9FDED17247008E7D21EA87D719C045B23B3906DC1F;BUTTON;HOVER;UI-State-Reserve;;NEIN;JA
C:\Users\patsl\Downloads\DeutschZ_UI_Production_Kit\02_BUTTONS\IconOnly\play_normal.png;play_normal.png;.png;160x160;1.000000;JA;1762;09D331C9EAA8CF9D354ABDCD2F07EAD84BDF1633AD744B6DB79908502793A1FF;BUTTON;NORMAL;UI-State-Reserve;;NEIN;JA
C:\Users\patsl\Downloads\DeutschZ_UI_Production_Kit\02_BUTTONS\IconOnly\play_pressed.png;play_pressed.png;.png;160x160;1.000000;JA;5331;691C5F4B564122E51E7C28B82C6742385B8194A1EC4169783054C34317AF067B;BUTTON;PRESSED;UI-State-Reserve;;NEIN;JA
C:\Users\patsl\Downloads\DeutschZ_UI_Production_Kit\02_BUTTONS\IconOnly\play_warning.png;play_warning.png;.png;160x160;1.000000;JA;5661;A7D602604B613CD40A46360F7895A3BE4876970BA44D58CE0B969BFF2CBCA324;BUTTON;WARNING;UI-State-Reserve;;NEIN;JA
C:\Users\patsl\Downloads\DeutschZ_UI_Production_Kit\02_BUTTONS\IconOnly\power_active.png;power_active.png;.png;160x160;1.000000;JA;5394;107E3E56BA853BD350B8EA94F05DC1FE11E24E645E53C8C59C072F4CA12DE782;BUTTON;ACTIVE;UI-State-Reserve;;NEIN;JA
C:\Users\patsl\Downloads\DeutschZ_UI_Production_Kit\02_BUTTONS\IconOnly\power_disabled.png;power_disabled.png;.png;160x160;1.000000;JA;1917;0A16F127DBBAAD4BB5AFA724C5AB465009A05B809AE1B5C75CD53FF7C23CA3B7;BUTTON;DISABLED;UI-State-Reserve;;NEIN;JA
C:\Users\patsl\Downloads\DeutschZ_UI_Production_Kit\02_BUTTONS\IconOnly\power_hover.png;power_hover.png;.png;160x160;1.000000;JA;5156;156EC38AA1DCE5565C84F00B8A351BE3BFC83D5424E19811115CCAE1F9C58A75;BUTTON;HOVER;UI-State-Reserve;;NEIN;JA
C:\Users\patsl\Downloads\DeutschZ_UI_Production_Kit\02_BUTTONS\IconOnly\power_normal.png;power_normal.png;.png;160x160;1.000000;JA;1842;03F6ACA00F2C3FAAEC72CA9076C20EFC97D45023C3C0C503A0CB98D211714943;BUTTON;NORMAL;UI-State-Reserve;;NEIN;JA
C:\Users\patsl\Downloads\DeutschZ_UI_Production_Kit\02_BUTTONS\IconOnly\power_pressed.png;power_pressed.png;.png;160x160;1.000000;JA;5426;B387A58DF80A78A3657F7A7B82574B6A788E83C67A433FC3C0C4E789753D7245;BUTTON;PRESSED;UI-State-Reserve;;NEIN;JA
C:\Users\patsl\Downloads\DeutschZ_UI_Production_Kit\02_BUTTONS\IconOnly\power_warning.png;power_warning.png;.png;160x160;1.000000;JA;5719;4B3F5DC2607DB4B5EFD77695D40F94CA35785390B7EC0F7F25CE73A33670AB74;BUTTON;WARNING;UI-State-Reserve;;NEIN;JA
C:\Users\patsl\Downloads\DeutschZ_UI_Production_Kit\02_BUTTONS\IconOnly\prev_active.png;prev_active.png;.png;160x160;1.000000;JA;5241;2CFE5ED27FDC153A9D1D87ABDE4D594C76FE625A972FCA35BDBF69C2183CDB1B;BUTTON;ACTIVE;UI-State-Reserve;;NEIN;JA
C:\Users\patsl\Downloads\DeutschZ_UI_Production_Kit\02_BUTTONS\IconOnly\prev_disabled.png;prev_disabled.png;.png;160x160;1.000000;JA;1816;4E6DFB8E9ABE20956E53810A8434100D9F0EF5530DC423C41D9B3D5E0E2C049A;BUTTON;DISABLED;UI-State-Reserve;;NEIN;JA
C:\Users\patsl\Downloads\DeutschZ_UI_Production_Kit\02_BUTTONS\IconOnly\prev_hover.png;prev_hover.png;.png;160x160;1.000000;JA;5103;3A34726E9B9EB47F16A27EFD2FE160E66CEF0905F6C745D81CEC60B3EF9217C1;BUTTON;HOVER;UI-State-Reserve;;NEIN;JA
C:\Users\patsl\Downloads\DeutschZ_UI_Production_Kit\02_BUTTONS\IconOnly\prev_normal.png;prev_normal.png;.png;160x160;1.000000;JA;1871;606083F4452EE3F3ADBF80D2348487E9206A6E28F4631A2AEBF7B1F9414AE877;BUTTON;NORMAL;UI-State-Reserve;;NEIN;JA
C:\Users\patsl\Downloads\DeutschZ_UI_Production_Kit\02_BUTTONS\IconOnly\prev_pressed.png;prev_pressed.png;.png;160x160;1.000000;JA;5453;9C62F1AB37DCCE3267E1E398F42CCFD3E3170B05168B8AB4FF54D7BDA2254ADF;BUTTON;PRESSED;UI-State-Reserve;;NEIN;JA
C:\Users\patsl\Downloads\DeutschZ_UI_Production_Kit\02_BUTTONS\IconOnly\prev_warning.png;prev_warning.png;.png;160x160;1.000000;JA;5662;13CB798D5E7EA6182E454CE73869DD0772336C4ECD051DF3D21915BFBBC5A553;BUTTON;WARNING;UI-State-Reserve;;NEIN;JA
C:\Users\patsl\Downloads\DeutschZ_UI_Production_Kit\02_BUTTONS\IconOnly\profile_active.png;profile_active.png;.png;160x160;1.000000;JA;5176;ADC3D96CE0503ED2D8557553D52DC68A214585F890BC23D16ED74A0DC0113D80;BUTTON;ACTIVE;UI-State-Reserve;;NEIN;JA
C:\Users\patsl\Downloads\DeutschZ_UI_Production_Kit\02_BUTTONS\IconOnly\profile_disabled.png;profile_disabled.png;.png;160x160;1.000000;JA;1826;2996D59E778AC32021B31ADF87DA4F5C3A750E5145234FAAFEE6F048CED27935;BUTTON;DISABLED;UI-State-Reserve;;NEIN;JA
C:\Users\patsl\Downloads\DeutschZ_UI_Production_Kit\02_BUTTONS\IconOnly\profile_hover.png;profile_hover.png;.png;160x160;1.000000;JA;5051;AFABE852953723FD1F64E7B1C6728AAC1A0C892974C521CB02B7AEF720084D6F;BUTTON;HOVER;UI-State-Reserve;;NEIN;JA
C:\Users\patsl\Downloads\DeutschZ_UI_Production_Kit\02_BUTTONS\IconOnly\profile_normal.png;profile_normal.png;.png;160x160;1.000000;JA;1708;C4D5D831ABB84067292F06BD518C21C2569F57F0EFAFC30DBA1DABCBDB0B9864;BUTTON;NORMAL;UI-State-Reserve;;NEIN;JA
C:\Users\patsl\Downloads\DeutschZ_UI_Production_Kit\02_BUTTONS\IconOnly\profile_pressed.png;profile_pressed.png;.png;160x160;1.000000;JA;5304;216B8456C5ADB332DB191EF0A5FC3BB0A9873EBE6BBA9D2ADC725071E13F88C6;BUTTON;PRESSED;UI-State-Reserve;;NEIN;JA
C:\Users\patsl\Downloads\DeutschZ_UI_Production_Kit\02_BUTTONS\IconOnly\profile_warning.png;profile_warning.png;.png;160x160;1.000000;JA;5620;3DFE4B09DE75DFA284965ACA2D230FBE146825320E3484A148CAC58917A25CA0;BUTTON;WARNING;UI-State-Reserve;;NEIN;JA
C:\Users\patsl\Downloads\DeutschZ_UI_Production_Kit\02_BUTTONS\IconOnly\rank_active.png;rank_active.png;.png;160x160;1.000000;JA;5659;DB066233E306EFE98F445B8AA1A35844464DB407DE7F1F1C614262830C21879D;BUTTON;ACTIVE;UI-State-Reserve;;NEIN;JA
C:\Users\patsl\Downloads\DeutschZ_UI_Production_Kit\02_BUTTONS\IconOnly\rank_disabled.png;rank_disabled.png;.png;160x160;1.000000;JA;2128;CCCB0347094EB042E5F1CAA62B2ECC38E8163F394B165B9E29B16FF9C5A63F0B;BUTTON;DISABLED;UI-State-Reserve;;NEIN;JA
C:\Users\patsl\Downloads\DeutschZ_UI_Production_Kit\02_BUTTONS\IconOnly\rank_hover.png;rank_hover.png;.png;160x160;1.000000;JA;5473;952B000469C9491E9BC7512864D0C147DF7BCB39D066418F2E5ABF0911057DF3;BUTTON;HOVER;UI-State-Reserve;;NEIN;JA
C:\Users\patsl\Downloads\DeutschZ_UI_Production_Kit\02_BUTTONS\IconOnly\rank_normal.png;rank_normal.png;.png;160x160;1.000000;JA;2075;8CCEB2855222F511B584E6049B3AD6EC9A3E8E7598A4EFE9CF751D97B84AD05A;BUTTON;NORMAL;UI-State-Reserve;;NEIN;JA
C:\Users\patsl\Downloads\DeutschZ_UI_Production_Kit\02_BUTTONS\IconOnly\rank_pressed.png;rank_pressed.png;.png;160x160;1.000000;JA;5604;03D5AB3C4D4BAB80014997388D16D1E968147AD61BC9FF1017FE28EC041FA584;BUTTON;PRESSED;UI-State-Reserve;;NEIN;JA
C:\Users\patsl\Downloads\DeutschZ_UI_Production_Kit\02_BUTTONS\IconOnly\rank_warning.png;rank_warning.png;.png;160x160;1.000000;JA;6000;565C32FFBBDA65CA3CE4E0867EA60E716D613676E7E164E365F47C12C1A3E774;BUTTON;WARNING;UI-State-Reserve;;NEIN;JA
C:\Users\patsl\Downloads\DeutschZ_UI_Production_Kit\02_BUTTONS\IconOnly\rules_active.png;rules_active.png;.png;160x160;1.000000;JA;5089;2BF20F88BE5DB8B651BA1174D4750A29B7966EDC3F06113C877B64CDC76D9885;BUTTON;ACTIVE;UI-State-Reserve;;NEIN;JA
C:\Users\patsl\Downloads\DeutschZ_UI_Production_Kit\02_BUTTONS\IconOnly\rules_disabled.png;rules_disabled.png;.png;160x160;1.000000;JA;1485;99E8F7668A3AFB281B47A5D432363750E053F5E8C0D2D936AFDF198E554A0392;BUTTON;DISABLED;UI-State-Reserve;;NEIN;JA
C:\Users\patsl\Downloads\DeutschZ_UI_Production_Kit\02_BUTTONS\IconOnly\rules_hover.png;rules_hover.png;.png;160x160;1.000000;JA;4833;EB401A5B1CB8B0335E135F8C2EEC15057042018194DDCFDF1BAB156D44E4C3F3;BUTTON;HOVER;UI-State-Reserve;;NEIN;JA
C:\Users\patsl\Downloads\DeutschZ_UI_Production_Kit\02_BUTTONS\IconOnly\rules_normal.png;rules_normal.png;.png;160x160;1.000000;JA;1584;C9DB3FA016CD0EDF9A8785FCBEABEE6F9BD27C6B9F3FCCB4C4CD3B76B159AEB1;BUTTON;NORMAL;UI-State-Reserve;;NEIN;JA
C:\Users\patsl\Downloads\DeutschZ_UI_Production_Kit\02_BUTTONS\IconOnly\rules_pressed.png;rules_pressed.png;.png;160x160;1.000000;JA;5129;2C699A3DCA24C119753AB7175DD0F8BA348AFF042F6ECF2E08D69AB0E3462376;BUTTON;PRESSED;UI-State-Reserve;;NEIN;JA
C:\Users\patsl\Downloads\DeutschZ_UI_Production_Kit\02_BUTTONS\IconOnly\rules_warning.png;rules_warning.png;.png;160x160;1.000000;JA;5373;ECF2CA3FC43B1F878781A6F1DBF8CDE5D4F339385662C079EFEE79E67EDC3E6B;BUTTON;WARNING;UI-State-Reserve;;NEIN;JA
C:\Users\patsl\Downloads\DeutschZ_UI_Production_Kit\02_BUTTONS\IconOnly\safezone_active.png;safezone_active.png;.png;160x160;1.000000;JA;5311;DB307114B49FAEB3B87E91401B3EAA09586CB54F4A24B87C1A7423F23C20AFBD;BUTTON;ACTIVE;UI-State-Reserve;;NEIN;JA
C:\Users\patsl\Downloads\DeutschZ_UI_Production_Kit\02_BUTTONS\IconOnly\safezone_disabled.png;safezone_disabled.png;.png;160x160;1.000000;JA;1693;73FFC9A34839B534202BAD5F2DFE28F03FB4D66559025C4BD1458BD75A3F5957;BUTTON;DISABLED;UI-State-Reserve;;NEIN;JA
C:\Users\patsl\Downloads\DeutschZ_UI_Production_Kit\02_BUTTONS\IconOnly\safezone_hover.png;safezone_hover.png;.png;160x160;1.000000;JA;5204;5DAF7BA363884712A13AFDAE7EB04CC4D8E727428CF58C4627605A3A027FF419;BUTTON;HOVER;UI-State-Reserve;;NEIN;JA
C:\Users\patsl\Downloads\DeutschZ_UI_Production_Kit\02_BUTTONS\IconOnly\safezone_normal.png;safezone_normal.png;.png;160x160;1.000000;JA;1703;C2778E231D62922A28EAACF2D4869E06A4444F3F9D09A3A0A10782FFE6E0B2AC;BUTTON;NORMAL;UI-State-Reserve;;NEIN;JA
C:\Users\patsl\Downloads\DeutschZ_UI_Production_Kit\02_BUTTONS\IconOnly\safezone_pressed.png;safezone_pressed.png;.png;160x160;1.000000;JA;5320;4050DF71C13C643B88684C37057EE2E4132369574A6043A3B8F98213EA41D097;BUTTON;PRESSED;UI-State-Reserve;;NEIN;JA
C:\Users\patsl\Downloads\DeutschZ_UI_Production_Kit\02_BUTTONS\IconOnly\safezone_warning.png;safezone_warning.png;.png;160x160;1.000000;JA;5632;F8CA72F73C519B966CCC375913F578ECE493AF51CFCB0D649013E2CBDC1E1E25;BUTTON;WARNING;UI-State-Reserve;;NEIN;JA
C:\Users\patsl\Downloads\DeutschZ_UI_Production_Kit\02_BUTTONS\IconOnly\search_active.png;search_active.png;.png;160x160;1.000000;JA;5442;8EE297DFC2F21CA0AB5D03D984BFE60F263E0A9BEC499693B3258FB30FF31497;BUTTON;ACTIVE;UI-State-Reserve;;NEIN;JA
C:\Users\patsl\Downloads\DeutschZ_UI_Production_Kit\02_BUTTONS\IconOnly\search_disabled.png;search_disabled.png;.png;160x160;1.000000;JA;1961;9665C52B643C3DB10B39CB62496C3B29A4BCAF105AC99747E1751A0CAFDE9920;BUTTON;DISABLED;UI-State-Reserve;;NEIN;JA
C:\Users\patsl\Downloads\DeutschZ_UI_Production_Kit\02_BUTTONS\IconOnly\search_hover.png;search_hover.png;.png;160x160;1.000000;JA;5218;792589D232DA93B911538EE6A42EC1BB154903AEA3474AD1ABC76613A8561477;BUTTON;HOVER;UI-State-Reserve;;NEIN;JA
C:\Users\patsl\Downloads\DeutschZ_UI_Production_Kit\02_BUTTONS\IconOnly\search_normal.png;search_normal.png;.png;160x160;1.000000;JA;1940;03170D2D1DC528DBE472FCB1271B0ED0A3D7CFA62487FE502955F27EAC3F68A5;BUTTON;NORMAL;UI-State-Reserve;;NEIN;JA
C:\Users\patsl\Downloads\DeutschZ_UI_Production_Kit\02_BUTTONS\IconOnly\search_pressed.png;search_pressed.png;.png;160x160;1.000000;JA;5491;9BED245B15BA1DB4B2D17C160AA342F4A026B62987CE5C524877DED8A96A1907;BUTTON;PRESSED;UI-State-Reserve;;NEIN;JA
C:\Users\patsl\Downloads\DeutschZ_UI_Production_Kit\02_BUTTONS\IconOnly\search_warning.png;search_warning.png;.png;160x160;1.000000;JA;5797;DF9A765916F6D43EB2C05A3A3687FEF718D8C4E384D64A572064A51BF3FDF585;BUTTON;WARNING;UI-State-Reserve;;NEIN;JA
C:\Users\patsl\Downloads\DeutschZ_UI_Production_Kit\02_BUTTONS\IconOnly\server_active.png;server_active.png;.png;160x160;1.000000;JA;5093;C51FBD168A9EBDEAA8CA15778A6EA5D21E94C64C4ED8772A9278B0FA790BB8FA;BUTTON;ACTIVE;UI-State-Reserve;;NEIN;JA
C:\Users\patsl\Downloads\DeutschZ_UI_Production_Kit\02_BUTTONS\IconOnly\server_disabled.png;server_disabled.png;.png;160x160;1.000000;JA;1531;94E3223A9787FB694B729F9766236C2C79281D16DC80F7EC2541043967F449EF;BUTTON;DISABLED;UI-State-Reserve;;NEIN;JA
C:\Users\patsl\Downloads\DeutschZ_UI_Production_Kit\02_BUTTONS\IconOnly\server_hover.png;server_hover.png;.png;160x160;1.000000;JA;5019;E6B75FE382841D43D54D5E06FD8BB9B31A51194EF153E254351F75BAA5A82FDE;BUTTON;HOVER;UI-State-Reserve;;NEIN;JA
C:\Users\patsl\Downloads\DeutschZ_UI_Production_Kit\02_BUTTONS\IconOnly\server_normal.png;server_normal.png;.png;160x160;1.000000;JA;1671;2E921EE0FE8361493510C294B65DD8A7B591D49B2D2CD7F7FEA2549DB74B17A9;BUTTON;NORMAL;UI-State-Reserve;;NEIN;JA
C:\Users\patsl\Downloads\DeutschZ_UI_Production_Kit\02_BUTTONS\IconOnly\server_pressed.png;server_pressed.png;.png;160x160;1.000000;JA;5170;16EC0C9D57F5E8908CDD93A17D77AC07D0938FBAE212223970D5A7DD43EA792D;BUTTON;PRESSED;UI-State-Reserve;;NEIN;JA
C:\Users\patsl\Downloads\DeutschZ_UI_Production_Kit\02_BUTTONS\IconOnly\server_warning.png;server_warning.png;.png;160x160;1.000000;JA;5578;10B5C5E5895DC76497233B91FE6E4B9D6B72F2700B6DBD140703EFD2CA30FF04;BUTTON;WARNING;UI-State-Reserve;;NEIN;JA
C:\Users\patsl\Downloads\DeutschZ_UI_Production_Kit\02_BUTTONS\IconOnly\settings_active.png;settings_active.png;.png;160x160;1.000000;JA;5431;E8718D8FA4E87B33FDA74CC077BA3EB794E216EF8632DAE670BD1F05718EE79F;BUTTON;ACTIVE;UI-State-Reserve;;NEIN;JA
C:\Users\patsl\Downloads\DeutschZ_UI_Production_Kit\02_BUTTONS\IconOnly\settings_disabled.png;settings_disabled.png;.png;160x160;1.000000;JA;1944;114303582D5033CEF0472E4C9108DE93421B3B50B3180249FB3BBEB9C0BB5B2A;BUTTON;DISABLED;UI-State-Reserve;;NEIN;JA
C:\Users\patsl\Downloads\DeutschZ_UI_Production_Kit\02_BUTTONS\IconOnly\settings_hover.png;settings_hover.png;.png;160x160;1.000000;JA;5235;4B6962A2A200381958E482710C978C902F7EF18EB04EE79780BEEADC8157C8BC;BUTTON;HOVER;UI-State-Reserve;;NEIN;JA
C:\Users\patsl\Downloads\DeutschZ_UI_Production_Kit\02_BUTTONS\IconOnly\settings_normal.png;settings_normal.png;.png;160x160;1.000000;JA;1906;D9BAFC318CEC39FA0AFCB4317947669F8347CF6E90625FAC2FAEE383D4413C71;BUTTON;NORMAL;UI-State-Reserve;;NEIN;JA
C:\Users\patsl\Downloads\DeutschZ_UI_Production_Kit\02_BUTTONS\IconOnly\settings_pressed.png;settings_pressed.png;.png;160x160;1.000000;JA;5436;F59B6DC1EB25B97A40C11510E782DC22D65F0A7864584312DD4F0CAE0C3E6548;BUTTON;PRESSED;UI-State-Reserve;;NEIN;JA
C:\Users\patsl\Downloads\DeutschZ_UI_Production_Kit\02_BUTTONS\IconOnly\settings_warning.png;settings_warning.png;.png;160x160;1.000000;JA;5818;AA00B5508CBE5C136D002A620D5F24BA4286A98205144B88DEF47D84E86654B7;BUTTON;WARNING;UI-State-Reserve;;NEIN;JA
C:\Users\patsl\Downloads\DeutschZ_UI_Production_Kit\02_BUTTONS\IconOnly\shop_active.png;shop_active.png;.png;160x160;1.000000;JA;5186;4AEB023B650C979F4E5B3B15DC1C16C9ADDFB82DC09A16C17B045F8ECD7E23DA;BUTTON;ACTIVE;UI-State-Reserve;;NEIN;JA
C:\Users\patsl\Downloads\DeutschZ_UI_Production_Kit\02_BUTTONS\IconOnly\shop_disabled.png;shop_disabled.png;.png;160x160;1.000000;JA;1673;145E94EF5A449FB1B33FF3D08C86C698FD95A4131057829020A9E23689B36958;BUTTON;DISABLED;UI-State-Reserve;;NEIN;JA
C:\Users\patsl\Downloads\DeutschZ_UI_Production_Kit\02_BUTTONS\IconOnly\shop_hover.png;shop_hover.png;.png;160x160;1.000000;JA;5015;A8B0519D6A68297D3EF50DE5B041E8315C614B949A958A8058EE47A67614944E;BUTTON;HOVER;UI-State-Reserve;;NEIN;JA
C:\Users\patsl\Downloads\DeutschZ_UI_Production_Kit\02_BUTTONS\IconOnly\shop_normal.png;shop_normal.png;.png;160x160;1.000000;JA;1664;D992EF6BC0B24564DA1CAD7F5BA07F5CC68CFCCDF8745D63E8538F9A99180D5A;BUTTON;NORMAL;UI-State-Reserve;;NEIN;JA
C:\Users\patsl\Downloads\DeutschZ_UI_Production_Kit\02_BUTTONS\IconOnly\shop_pressed.png;shop_pressed.png;.png;160x160;1.000000;JA;5218;6674D60F6E3E254F26A2AB76C3E5D40DA0B4FC00E7FBB7C71B6581DE80B2A234;BUTTON;PRESSED;UI-State-Reserve;;NEIN;JA
C:\Users\patsl\Downloads\DeutschZ_UI_Production_Kit\02_BUTTONS\IconOnly\shop_warning.png;shop_warning.png;.png;160x160;1.000000;JA;5511;EECA4F38C4C430B59F611BD9A7CD2C3E415E7B2BC5182A9648064688F2BA189D;BUTTON;WARNING;UI-State-Reserve;;NEIN;JA
C:\Users\patsl\Downloads\DeutschZ_UI_Production_Kit\02_BUTTONS\IconOnly\skull_active.png;skull_active.png;.png;160x160;1.000000;JA;5427;7C627E5AC4F149AFEA3DC17C0A4CA52C33295804CD01767F944C816EB3F74029;BUTTON;ACTIVE;UI-State-Reserve;;NEIN;JA
C:\Users\patsl\Downloads\DeutschZ_UI_Production_Kit\02_BUTTONS\IconOnly\skull_disabled.png;skull_disabled.png;.png;160x160;1.000000;JA;1806;6E3B5BFBD01F3E5FB10CA1D7AFB0E8A0588EE04B5F92A5E31FC175BC71985825;BUTTON;DISABLED;UI-State-Reserve;;NEIN;JA
C:\Users\patsl\Downloads\DeutschZ_UI_Production_Kit\02_BUTTONS\IconOnly\skull_hover.png;skull_hover.png;.png;160x160;1.000000;JA;5232;4C8A125F1CB81E90B32473A707132E67B425695D208A3E899F816D6EECAAB881;BUTTON;HOVER;UI-State-Reserve;;NEIN;JA
C:\Users\patsl\Downloads\DeutschZ_UI_Production_Kit\02_BUTTONS\IconOnly\skull_normal.png;skull_normal.png;.png;160x160;1.000000;JA;1903;7F3EA2AD718D8C4DCD3BAACE7CEC8A388A4500B92D56E5FA1C9E24B57DA104A1;BUTTON;NORMAL;UI-State-Reserve;;NEIN;JA
C:\Users\patsl\Downloads\DeutschZ_UI_Production_Kit\02_BUTTONS\IconOnly\skull_pressed.png;skull_pressed.png;.png;160x160;1.000000;JA;5478;FB45D67CF5CF7783AAA9B431A27A3256B03778A4B5D577193877F8E94B86DC00;BUTTON;PRESSED;UI-State-Reserve;;NEIN;JA
C:\Users\patsl\Downloads\DeutschZ_UI_Production_Kit\02_BUTTONS\IconOnly\skull_warning.png;skull_warning.png;.png;160x160;1.000000;JA;5783;38C1F1B387E687D5796CB692C89784AA9818E4879E6C78C8AE1E7C9F3ADE5D36;BUTTON;WARNING;UI-State-Reserve;;NEIN;JA
C:\Users\patsl\Downloads\DeutschZ_UI_Production_Kit\02_BUTTONS\IconOnly\support_active.png;support_active.png;.png;160x160;1.000000;JA;5543;ACCEED6FD2D85F72F780AB04477A2E9EFE2577D91690C5AD4A16C64AB3FF0C52;BUTTON;ACTIVE;UI-State-Reserve;;NEIN;JA
C:\Users\patsl\Downloads\DeutschZ_UI_Production_Kit\02_BUTTONS\IconOnly\support_disabled.png;support_disabled.png;.png;160x160;1.000000;JA;2024;99CB789C0531B13F2D6545DC1F1E0473268B9427C2EC7102A6AA92C5F3D6FA1A;BUTTON;DISABLED;UI-State-Reserve;;NEIN;JA
C:\Users\patsl\Downloads\DeutschZ_UI_Production_Kit\02_BUTTONS\IconOnly\support_hover.png;support_hover.png;.png;160x160;1.000000;JA;5394;2F7B129DC46D97E21796710D99EB4FE1AB9A9DC192B6610180218AE3924F2112;BUTTON;HOVER;UI-State-Reserve;;NEIN;JA
C:\Users\patsl\Downloads\DeutschZ_UI_Production_Kit\02_BUTTONS\IconOnly\support_normal.png;support_normal.png;.png;160x160;1.000000;JA;2081;1A45348DD5D6792D6B7292EC0B7D1EC2FAB81357815C273C511E45FB76CC3274;BUTTON;NORMAL;UI-State-Reserve;;NEIN;JA
C:\Users\patsl\Downloads\DeutschZ_UI_Production_Kit\02_BUTTONS\IconOnly\support_pressed.png;support_pressed.png;.png;160x160;1.000000;JA;5567;D5F29EDB4E3DFD0C92D0CA90A3A9FCC248C304DC497C49A6C1F5CFF00909FE97;BUTTON;PRESSED;UI-State-Reserve;;NEIN;JA
C:\Users\patsl\Downloads\DeutschZ_UI_Production_Kit\02_BUTTONS\IconOnly\support_warning.png;support_warning.png;.png;160x160;1.000000;JA;5967;CE0B5717048043B2C18DB3D9E212A8173D40FB7E9AD528981DAC230A9BBD850F;BUTTON;WARNING;UI-State-Reserve;;NEIN;JA
C:\Users\patsl\Downloads\DeutschZ_UI_Production_Kit\02_BUTTONS\IconOnly\up_active.png;up_active.png;.png;160x160;1.000000;JA;5239;8BB928B36250D57BD100F5898719EB69297EFBFCAFD36DAC2335A7BD45FD338C;BUTTON;ACTIVE;UI-State-Reserve;;NEIN;JA
C:\Users\patsl\Downloads\DeutschZ_UI_Production_Kit\02_BUTTONS\IconOnly\up_disabled.png;up_disabled.png;.png;160x160;1.000000;JA;1742;F46440EDDFA2C67DE0026CEEDB4A34E5CD36B1F0DF71DA82BD78CA39D9C820EC;BUTTON;DISABLED;UI-State-Reserve;;NEIN;JA
C:\Users\patsl\Downloads\DeutschZ_UI_Production_Kit\02_BUTTONS\IconOnly\up_hover.png;up_hover.png;.png;160x160;1.000000;JA;5018;851404168D6CC5D927547F85FDF44982C144A54173D18A7A6A2ACE334056D8D1;BUTTON;HOVER;UI-State-Reserve;;NEIN;JA
C:\Users\patsl\Downloads\DeutschZ_UI_Production_Kit\02_BUTTONS\IconOnly\up_normal.png;up_normal.png;.png;160x160;1.000000;JA;1751;74DEA1C2C31D3706CB227CB3344EFB81D4D070BBE922E9E0DB60902F6CBEDC81;BUTTON;NORMAL;UI-State-Reserve;;NEIN;JA
C:\Users\patsl\Downloads\DeutschZ_UI_Production_Kit\02_BUTTONS\IconOnly\up_pressed.png;up_pressed.png;.png;160x160;1.000000;JA;5249;19A6B1C840AFE729DB4833E27C3023E2D7F8B7EE2F0202EC4BC7EDDE8425A6F5;BUTTON;PRESSED;UI-State-Reserve;;NEIN;JA
C:\Users\patsl\Downloads\DeutschZ_UI_Production_Kit\02_BUTTONS\IconOnly\up_warning.png;up_warning.png;.png;160x160;1.000000;JA;5642;026F18094E6E3F20969DFCFD6301F606D400D00434B50B93E6EE89A3B7A7BA47;BUTTON;WARNING;UI-State-Reserve;;NEIN;JA
C:\Users\patsl\Downloads\DeutschZ_UI_Production_Kit\02_BUTTONS\IconOnly\volume_active.png;volume_active.png;.png;160x160;1.000000;JA;5213;8B329618D80E9C47B174329D6259F950EB543CF1C420278C65CD0C1765E95D66;BUTTON;ACTIVE;UI-State-Reserve;;NEIN;JA
C:\Users\patsl\Downloads\DeutschZ_UI_Production_Kit\02_BUTTONS\IconOnly\volume_disabled.png;volume_disabled.png;.png;160x160;1.000000;JA;1723;618B135408713FFEEB03732D9A596D1DF25E7B90BE589FF39E1E8B857235EDD4;BUTTON;DISABLED;UI-State-Reserve;;NEIN;JA
C:\Users\patsl\Downloads\DeutschZ_UI_Production_Kit\02_BUTTONS\IconOnly\volume_hover.png;volume_hover.png;.png;160x160;1.000000;JA;4874;7733ADE13EA203D03511DA0BD5D09B02FC441E4B879C6350D0B40B0F985869BD;BUTTON;HOVER;UI-State-Reserve;;NEIN;JA
C:\Users\patsl\Downloads\DeutschZ_UI_Production_Kit\02_BUTTONS\IconOnly\volume_normal.png;volume_normal.png;.png;160x160;1.000000;JA;1744;A7A275614C253152C0423EBDCA952B73EA9CA9FB57BCF8D3ABF492682A8F81E5;BUTTON;NORMAL;UI-State-Reserve;;NEIN;JA
C:\Users\patsl\Downloads\DeutschZ_UI_Production_Kit\02_BUTTONS\IconOnly\volume_pressed.png;volume_pressed.png;.png;160x160;1.000000;JA;5207;FE43E34EF5A143E0CC55A9F403769F23AF2C81CEBD5E97FFB99EA84D80F94BA4;BUTTON;PRESSED;UI-State-Reserve;;NEIN;JA
C:\Users\patsl\Downloads\DeutschZ_UI_Production_Kit\02_BUTTONS\IconOnly\volume_warning.png;volume_warning.png;.png;160x160;1.000000;JA;5612;410CA196EAC340CEC8CFDC80E8066DCF683901E0015F76C89936A7635338E7F9;BUTTON;WARNING;UI-State-Reserve;;NEIN;JA
C:\Users\patsl\Downloads\DeutschZ_UI_Production_Kit\02_BUTTONS\IconOnly\vote_active.png;vote_active.png;.png;160x160;1.000000;JA;5306;EB881491630F25CF2C5ABF1CADBB32DBC89A94EFE1DFF8012F45152A3AB5A327;BUTTON;ACTIVE;UI-State-Reserve;;NEIN;JA
C:\Users\patsl\Downloads\DeutschZ_UI_Production_Kit\02_BUTTONS\IconOnly\vote_disabled.png;vote_disabled.png;.png;160x160;1.000000;JA;1778;CC0C54F6DBC91E75634E8F7BDAFEB39756B79532CC657A2515F7A40C4EB1FD03;BUTTON;DISABLED;UI-State-Reserve;;NEIN;JA
C:\Users\patsl\Downloads\DeutschZ_UI_Production_Kit\02_BUTTONS\IconOnly\vote_hover.png;vote_hover.png;.png;160x160;1.000000;JA;5211;3C32B11E9CB5ABB41063F069AA5422784C2C01DFDEAC0F9BFFB8579BBA7C1A5D;BUTTON;HOVER;UI-State-Reserve;;NEIN;JA
C:\Users\patsl\Downloads\DeutschZ_UI_Production_Kit\02_BUTTONS\IconOnly\vote_normal.png;vote_normal.png;.png;160x160;1.000000;JA;1873;785DEB81A356D684BD89EE84C488521CCA4AF26C83B3D32ADDFBDA0FCF8179CA;BUTTON;NORMAL;UI-State-Reserve;;NEIN;JA
C:\Users\patsl\Downloads\DeutschZ_UI_Production_Kit\02_BUTTONS\IconOnly\vote_pressed.png;vote_pressed.png;.png;160x160;1.000000;JA;5302;585EE3F75853C39CEF3330F879696AAE132ADD3FEAFBEA158E9D66D24E44A140;BUTTON;PRESSED;UI-State-Reserve;;NEIN;JA
C:\Users\patsl\Downloads\DeutschZ_UI_Production_Kit\02_BUTTONS\IconOnly\vote_warning.png;vote_warning.png;.png;160x160;1.000000;JA;5674;EA3A39DBE013FDA08EBA1C30F0586AC2175F9A4B257F569EBDAEA0674CF674B2;BUTTON;WARNING;UI-State-Reserve;;NEIN;JA
C:\Users\patsl\Downloads\DeutschZ_UI_Production_Kit\02_BUTTONS\IconOnly\weather_active.png;weather_active.png;.png;160x160;1.000000;JA;5208;671B8ABD38696EEBC31A00140BAEFA27C0BF606C24A81288D46E3BF4D4B27371;BUTTON;ACTIVE;UI-State-Reserve;;NEIN;JA
C:\Users\patsl\Downloads\DeutschZ_UI_Production_Kit\02_BUTTONS\IconOnly\weather_disabled.png;weather_disabled.png;.png;160x160;1.000000;JA;1651;728B28E7DAAF86BB4DFD61A0E6EDF407DCF5EDBF0217991EEB63FABB8ECD502E;BUTTON;DISABLED;UI-State-Reserve;;NEIN;JA
C:\Users\patsl\Downloads\DeutschZ_UI_Production_Kit\02_BUTTONS\IconOnly\weather_hover.png;weather_hover.png;.png;160x160;1.000000;JA;4932;263962E67F2441DF15C91228214B981DEC4815D24BECCFC508EC796DF5748DC5;BUTTON;HOVER;UI-State-Reserve;;NEIN;JA
C:\Users\patsl\Downloads\DeutschZ_UI_Production_Kit\02_BUTTONS\IconOnly\weather_normal.png;weather_normal.png;.png;160x160;1.000000;JA;1594;59A823F1EABEE4A993CA04D59349199195A308BA8426B88C22B34753771527EB;BUTTON;NORMAL;UI-State-Reserve;;NEIN;JA
C:\Users\patsl\Downloads\DeutschZ_UI_Production_Kit\02_BUTTONS\IconOnly\weather_pressed.png;weather_pressed.png;.png;160x160;1.000000;JA;5110;D942F15B36DD11BC8A82A863A5B188D7B274E2AA1B95E3BF650E8764877EE21A;BUTTON;PRESSED;UI-State-Reserve;;NEIN;JA
C:\Users\patsl\Downloads\DeutschZ_UI_Production_Kit\02_BUTTONS\IconOnly\weather_warning.png;weather_warning.png;.png;160x160;1.000000;JA;5498;85CAEF2CD5C1ECE245A6A548976490EC6B733767F4D717D7D3F7C5E9AC27AF4D;BUTTON;WARNING;UI-State-Reserve;;NEIN;JA
C:\Users\patsl\Downloads\DeutschZ_UI_Production_Kit\02_BUTTONS\IconOnly\website_active.png;website_active.png;.png;160x160;1.000000;JA;5636;C45FA49F266B2D62B70DDED05A391866C93BCE2CCE4B066166925422BD6AF027;BUTTON;ACTIVE;UI-State-Reserve;;NEIN;JA
C:\Users\patsl\Downloads\DeutschZ_UI_Production_Kit\02_BUTTONS\IconOnly\website_disabled.png;website_disabled.png;.png;160x160;1.000000;JA;2064;D99DF2384F6BABA040DC340B9A4C4C4D5D98BAF7F68BE8E8DB6AF00E5F1761A5;BUTTON;DISABLED;UI-State-Reserve;;NEIN;JA
C:\Users\patsl\Downloads\DeutschZ_UI_Production_Kit\02_BUTTONS\IconOnly\website_hover.png;website_hover.png;.png;160x160;1.000000;JA;5443;7B6A61F628B8A94E4AD6632C1D928060AEDCE09BD98899D7D68FAC37FF272A18;BUTTON;HOVER;UI-State-Reserve;;NEIN;JA
C:\Users\patsl\Downloads\DeutschZ_UI_Production_Kit\02_BUTTONS\IconOnly\website_normal.png;website_normal.png;.png;160x160;1.000000;JA;2138;3E080CC294C780A4815CADD13D0A749052C686EC478CFF91723AC3A8F8144B9A;BUTTON;NORMAL;UI-State-Reserve;;NEIN;JA
C:\Users\patsl\Downloads\DeutschZ_UI_Production_Kit\02_BUTTONS\IconOnly\website_pressed.png;website_pressed.png;.png;160x160;1.000000;JA;5709;0C965889C6BC18E321E986A7360C44B67C6F5FBAC210A6014857D34F804B5381;BUTTON;PRESSED;UI-State-Reserve;;NEIN;JA
C:\Users\patsl\Downloads\DeutschZ_UI_Production_Kit\02_BUTTONS\IconOnly\website_warning.png;website_warning.png;.png;160x160;1.000000;JA;6048;1D2F182D27AD7C555D2D3AACE52C89F33250B71B5B55B07C91BF57858762C200;BUTTON;WARNING;UI-State-Reserve;;NEIN;JA
C:\Users\patsl\Downloads\DeutschZ_UI_Production_Kit\02_BUTTONS\Text\ABBRECHEN_active.paa;ABBRECHEN_active.paa;.paa;;;NEIN;13790;1DE707068DE5A9175C1782E72CF1B5D18BF7F5F23921E9A6289C61C2465CAE36;BUTTON;ACTIVE;UI-State-Reserve;;NEIN;NEIN
C:\Users\patsl\Downloads\DeutschZ_UI_Production_Kit\02_BUTTONS\Text\ABBRECHEN_active.png;ABBRECHEN_active.png;.png;360x100;3.600000;JA;6850;20FEE58A4FDC6A3B4D910BBD0CE9E7BEC27DF2439571D21765D4B190C6205C87;BUTTON;ACTIVE;UI-State-Reserve;;NEIN;JA
C:\Users\patsl\Downloads\DeutschZ_UI_Production_Kit\02_BUTTONS\Text\ABBRECHEN_disabled.png;ABBRECHEN_disabled.png;.png;360x100;3.600000;JA;4579;A80EAA746079E163C4A73110B90CF54889ED96A32BD07919C863DBC05E34B364;BUTTON;DISABLED;UI-State-Reserve;;NEIN;JA
C:\Users\patsl\Downloads\DeutschZ_UI_Production_Kit\02_BUTTONS\Text\ABBRECHEN_hover.png;ABBRECHEN_hover.png;.png;360x100;3.600000;JA;6676;24E1B34717E9B3E14C3873C81632D0338761D8EBD7062F79B5273AEFFC2751A6;BUTTON;HOVER;UI-State-Reserve;;NEIN;JA
C:\Users\patsl\Downloads\DeutschZ_UI_Production_Kit\02_BUTTONS\Text\ABBRECHEN_locked.paa;ABBRECHEN_locked.paa;.paa;;;NEIN;13535;A344FB273D383ACF90098C909AE094955892AD1A9761159F41A2B01348A7A048;BUTTON;LOCKED;UI-State-Reserve;;NEIN;NEIN
C:\Users\patsl\Downloads\DeutschZ_UI_Production_Kit\02_BUTTONS\Text\ABBRECHEN_locked.png;ABBRECHEN_locked.png;.png;360x100;3.600000;JA;7040;ECA0B6C8835546C1E300B1DA9BA13295AAD6FBD29224DB670AB82701152FE548;BUTTON;LOCKED;UI-State-Reserve;;NEIN;JA
C:\Users\patsl\Downloads\DeutschZ_UI_Production_Kit\02_BUTTONS\Text\ABBRECHEN_normal.png;ABBRECHEN_normal.png;.png;360x100;3.600000;JA;4981;2C5E01A42145DFA93D8BB3BF11C45F390C91DE3A20837B4A5E958ECFE46E433D;BUTTON;NORMAL;UI-State-Reserve;;NEIN;JA
C:\Users\patsl\Downloads\DeutschZ_UI_Production_Kit\02_BUTTONS\Text\ABBRECHEN_offline.png;ABBRECHEN_offline.png;.png;360x100;3.600000;JA;4990;CFA6C68DF6B9DD102C0A4089B842D19363A160CCFE2207B83A07E3148EE536C9;BUTTON;OFFLINE;UI-State-Reserve;;NEIN;JA
C:\Users\patsl\Downloads\DeutschZ_UI_Production_Kit\02_BUTTONS\Text\ABBRECHEN_pressed.png;ABBRECHEN_pressed.png;.png;360x100;3.600000;JA;6814;BCD1259C7C15E5570B850533C3FDB866B2838D35686327278261044A23C9CC1C;BUTTON;PRESSED;UI-State-Reserve;;NEIN;JA
C:\Users\patsl\Downloads\DeutschZ_UI_Production_Kit\02_BUTTONS\Text\ABBRECHEN_selected.png;ABBRECHEN_selected.png;.png;360x100;3.600000;JA;6814;36DED5E18F6DE154C75EE8BFD923F095541617B9DF22313E9B5F876649476EE9;BUTTON;SELECTED;UI-State-Reserve;;NEIN;JA
C:\Users\patsl\Downloads\DeutschZ_UI_Production_Kit\02_BUTTONS\Text\ABBRECHEN_success.png;ABBRECHEN_success.png;.png;360x100;3.600000;JA;6997;AC311DC45A65729162212E666EC663380BF2E07832532BA37C5C4B4AC098D093;BUTTON;SUCCESS;UI-State-Reserve;;NEIN;JA
C:\Users\patsl\Downloads\DeutschZ_UI_Production_Kit\02_BUTTONS\Text\ABBRECHEN_warning.png;ABBRECHEN_warning.png;.png;360x100;3.600000;JA;7136;CC00AD4411CC1246F56D9FBDEE376DFFEFFD043C73A54950ACC435F24C11F8DE;BUTTON;WARNING;UI-State-Reserve;;NEIN;JA
C:\Users\patsl\Downloads\DeutschZ_UI_Production_Kit\02_BUTTONS\Text\ALLE_EVENTS_ANSEHEN_active.paa;ALLE_EVENTS_ANSEHEN_active.paa;.paa;;;NEIN;21268;E1680F482AC61155840513F5F6ACEC9B433DBB28BC50007C5472C65C4DC4E5F6;BUTTON;ACTIVE;UI-State-Reserve;;NEIN;NEIN
C:\Users\patsl\Downloads\DeutschZ_UI_Production_Kit\02_BUTTONS\Text\ALLE_EVENTS_ANSEHEN_active.png;ALLE_EVENTS_ANSEHEN_active.png;.png;620x96;6.458333;JA;7105;03D43F476289FDC38B2AB2384B6C5E9944F0C2A630170B5353BD32ED143B94E4;BUTTON;ACTIVE;UI-State-Reserve;;NEIN;JA
C:\Users\patsl\Downloads\DeutschZ_UI_Production_Kit\02_BUTTONS\Text\ALLE_EVENTS_ANSEHEN_disabled.png;ALLE_EVENTS_ANSEHEN_disabled.png;.png;620x96;6.458333;JA;4667;52FE1069CF7F540E277F00CB305B574B4C111091DE4CE7356D931C77CA894DC0;BUTTON;DISABLED;UI-State-Reserve;;NEIN;JA
C:\Users\patsl\Downloads\DeutschZ_UI_Production_Kit\02_BUTTONS\Text\ALLE_EVENTS_ANSEHEN_hover.png;ALLE_EVENTS_ANSEHEN_hover.png;.png;620x96;6.458333;JA;6931;BD0974D9E833DC695B21A7960A8D26C3C6D96898878E0F1D638965F1B2F76D7D;BUTTON;HOVER;UI-State-Reserve;;NEIN;JA
C:\Users\patsl\Downloads\DeutschZ_UI_Production_Kit\02_BUTTONS\Text\ALLE_EVENTS_ANSEHEN_locked.paa;ALLE_EVENTS_ANSEHEN_locked.paa;.paa;;;NEIN;20968;B7784F9B358C7AA16375BE2538BFAC8B65278D38999ED60B440C95BE2F3BC936;BUTTON;LOCKED;UI-State-Reserve;;NEIN;NEIN
C:\Users\patsl\Downloads\DeutschZ_UI_Production_Kit\02_BUTTONS\Text\ALLE_EVENTS_ANSEHEN_locked.png;ALLE_EVENTS_ANSEHEN_locked.png;.png;620x96;6.458333;JA;6988;C38CD8D4EA4FA92C1776C86225BEFA59FE261B5F6EB2D2F8E71B22BB19E7CF52;BUTTON;LOCKED;UI-State-Reserve;;NEIN;JA
C:\Users\patsl\Downloads\DeutschZ_UI_Production_Kit\02_BUTTONS\Text\ALLE_EVENTS_ANSEHEN_normal.png;ALLE_EVENTS_ANSEHEN_normal.png;.png;620x96;6.458333;JA;4980;FACF2EA55455F66FAD692A66557B3B2755321622756C1D52BA2D82DA4CC369CF;BUTTON;NORMAL;UI-State-Reserve;;NEIN;JA
C:\Users\patsl\Downloads\DeutschZ_UI_Production_Kit\02_BUTTONS\Text\ALLE_EVENTS_ANSEHEN_offline.png;ALLE_EVENTS_ANSEHEN_offline.png;.png;620x96;6.458333;JA;5054;BE8854FCA745D585B23B537BF2FC71FBF0388FDC374E192C700248970B5FD3EE;BUTTON;OFFLINE;UI-State-Reserve;;NEIN;JA
C:\Users\patsl\Downloads\DeutschZ_UI_Production_Kit\02_BUTTONS\Text\ALLE_EVENTS_ANSEHEN_pressed.png;ALLE_EVENTS_ANSEHEN_pressed.png;.png;620x96;6.458333;JA;7091;9AE550652FD1D23C00300EE283B353927D8EAB68CDAA3610A2EB06E54DE000C3;BUTTON;PRESSED;UI-State-Reserve;;NEIN;JA
C:\Users\patsl\Downloads\DeutschZ_UI_Production_Kit\02_BUTTONS\Text\ALLE_EVENTS_ANSEHEN_selected.png;ALLE_EVENTS_ANSEHEN_selected.png;.png;620x96;6.458333;JA;7147;49CBDD4424092DE161935D106127FE729DEA265A5C1EB9AEDF91DAD2F603FF96;BUTTON;SELECTED;UI-State-Reserve;;NEIN;JA
C:\Users\patsl\Downloads\DeutschZ_UI_Production_Kit\02_BUTTONS\Text\ALLE_EVENTS_ANSEHEN_success.png;ALLE_EVENTS_ANSEHEN_success.png;.png;620x96;6.458333;JA;6990;5AA7F82999ECBD61B83F09DAD4C1CACD9CE7432425048277CA8AFED83D04A339;BUTTON;SUCCESS;UI-State-Reserve;;NEIN;JA
C:\Users\patsl\Downloads\DeutschZ_UI_Production_Kit\02_BUTTONS\Text\ALLE_EVENTS_ANSEHEN_warning.png;ALLE_EVENTS_ANSEHEN_warning.png;.png;620x96;6.458333;JA;7203;608427719EDAD64A2EFBE69F57A63125C2B6849B84727AA8672E1ACAB6832C54;BUTTON;WARNING;UI-State-Reserve;;NEIN;JA
C:\Users\patsl\Downloads\DeutschZ_UI_Production_Kit\02_BUTTONS\Text\ALLE_NEWS_ANZEIGEN_active.png;ALLE_NEWS_ANZEIGEN_active.png;.png;520x96;5.416667;JA;8196;2EAE11C8265F43252C607884E02C17D2D9AA1E81B0FE402C4F20186979797DD1;BUTTON;ACTIVE;UI-State-Reserve;;NEIN;JA
C:\Users\patsl\Downloads\DeutschZ_UI_Production_Kit\02_BUTTONS\Text\ALLE_NEWS_ANZEIGEN_disabled.png;ALLE_NEWS_ANZEIGEN_disabled.png;.png;520x96;5.416667;JA;5578;E52BBA68E55FE2A3262DD1A1D495C13F04B7F0AC6D4667CAED55007DFB6FA665;BUTTON;DISABLED;UI-State-Reserve;;NEIN;JA
C:\Users\patsl\Downloads\DeutschZ_UI_Production_Kit\02_BUTTONS\Text\ALLE_NEWS_ANZEIGEN_hover.png;ALLE_NEWS_ANZEIGEN_hover.png;.png;520x96;5.416667;JA;8030;9B931DF228B8D7616980B45E21E0BDDFE688C54FC8BD82AB1F59FFD816F3664B;BUTTON;HOVER;UI-State-Reserve;;NEIN;JA
C:\Users\patsl\Downloads\DeutschZ_UI_Production_Kit\02_BUTTONS\Text\ALLE_NEWS_ANZEIGEN_locked.png;ALLE_NEWS_ANZEIGEN_locked.png;.png;520x96;5.416667;JA;8079;61099D65A4B90B98BD9AB0E689F4CBCA1E91C869C13F214D2A958E7C881CD461;BUTTON;LOCKED;UI-State-Reserve;;NEIN;JA
C:\Users\patsl\Downloads\DeutschZ_UI_Production_Kit\02_BUTTONS\Text\ALLE_NEWS_ANZEIGEN_normal.png;ALLE_NEWS_ANZEIGEN_normal.png;.png;520x96;5.416667;JA;6093;6F10EF234331C2CA93962432667016608083057BF1482B147CD79BDEFB16CE0E;BUTTON;NORMAL;UI-State-Reserve;;NEIN;JA
C:\Users\patsl\Downloads\DeutschZ_UI_Production_Kit\02_BUTTONS\Text\ALLE_NEWS_ANZEIGEN_offline.png;ALLE_NEWS_ANZEIGEN_offline.png;.png;520x96;5.416667;JA;6173;0071C6E05A75E1CBA9E091A5089360341BC2EE889D552C7D96DBA2D81F62A25E;BUTTON;OFFLINE;UI-State-Reserve;;NEIN;JA
C:\Users\patsl\Downloads\DeutschZ_UI_Production_Kit\02_BUTTONS\Text\ALLE_NEWS_ANZEIGEN_pressed.png;ALLE_NEWS_ANZEIGEN_pressed.png;.png;520x96;5.416667;JA;8080;81350AAFBB651E8CF43BF6C8F6EC42B8A40AD19FC7DFCD6ECD96F9887B04A312;BUTTON;PRESSED;UI-State-Reserve;;NEIN;JA
C:\Users\patsl\Downloads\DeutschZ_UI_Production_Kit\02_BUTTONS\Text\ALLE_NEWS_ANZEIGEN_selected.png;ALLE_NEWS_ANZEIGEN_selected.png;.png;520x96;5.416667;JA;8191;ADCDD49C9591E557810CC93054BD6D027CAA83E0F939D0C218775CFB99DAE069;BUTTON;SELECTED;UI-State-Reserve;;NEIN;JA
C:\Users\patsl\Downloads\DeutschZ_UI_Production_Kit\02_BUTTONS\Text\ALLE_NEWS_ANZEIGEN_success.png;ALLE_NEWS_ANZEIGEN_success.png;.png;520x96;5.416667;JA;8066;005CAD78DF99B0E78B1C43C0E51A78BEE8C80B078DB44CC460A62EE530003A74;BUTTON;SUCCESS;UI-State-Reserve;;NEIN;JA
C:\Users\patsl\Downloads\DeutschZ_UI_Production_Kit\02_BUTTONS\Text\ALLE_NEWS_ANZEIGEN_warning.png;ALLE_NEWS_ANZEIGEN_warning.png;.png;520x96;5.416667;JA;8372;FE0AC52542D5B1E564287F9196E5C8B18D9E7467E019B9B5E5C9CE64660D78A7;BUTTON;WARNING;UI-State-Reserve;;NEIN;JA
C:\Users\patsl\Downloads\DeutschZ_UI_Production_Kit\02_BUTTONS\Text\BEENDEN_active.paa;BEENDEN_active.paa;.paa;;;NEIN;16751;2AB5B5FE2BD13B4BD27FBFB3019B35E188BF319038F1A6EFC5C00A2A91BDC5DF;BUTTON;ACTIVE;UI-State-Reserve;;NEIN;NEIN
C:\Users\patsl\Downloads\DeutschZ_UI_Production_Kit\02_BUTTONS\Text\BEENDEN_active.png;BEENDEN_active.png;.png;420x112;3.750000;JA;5990;DD979092A3DA41CC2624DD43628666FEB697A5EA89B7A2B9ABEC97BA79F2CFD6;BUTTON;ACTIVE;UI-State-Reserve;;NEIN;JA
C:\Users\patsl\Downloads\DeutschZ_UI_Production_Kit\02_BUTTONS\Text\BEENDEN_disabled.png;BEENDEN_disabled.png;.png;420x112;3.750000;JA;3545;A452F6054C59F30BD84595F12E701672395199127A75BB55A1BE1F6B7BB28C1B;BUTTON;DISABLED;UI-State-Reserve;;NEIN;JA
C:\Users\patsl\Downloads\DeutschZ_UI_Production_Kit\02_BUTTONS\Text\BEENDEN_hover.png;BEENDEN_hover.png;.png;420x112;3.750000;JA;5792;F6A12041F86CE8A470247AB0FBD8E38C08E3CDF4AE584B8AB9BE29E366F28598;BUTTON;HOVER;UI-State-Reserve;;NEIN;JA
C:\Users\patsl\Downloads\DeutschZ_UI_Production_Kit\02_BUTTONS\Text\BEENDEN_locked.paa;BEENDEN_locked.paa;.paa;;;NEIN;16566;9CF2C82BF6299B7AD8B8C51B0801C6A657E51C899BC1BF8899E4BE6419AF949F;BUTTON;LOCKED;UI-State-Reserve;;NEIN;NEIN
C:\Users\patsl\Downloads\DeutschZ_UI_Production_Kit\02_BUTTONS\Text\BEENDEN_locked.png;BEENDEN_locked.png;.png;420x112;3.750000;JA;6080;EEDD1393A2A404B062BFC647A61975DA3E8865FC66FEA52F5D1B3B5A4FE28ED9;BUTTON;LOCKED;UI-State-Reserve;;NEIN;JA
C:\Users\patsl\Downloads\DeutschZ_UI_Production_Kit\02_BUTTONS\Text\BEENDEN_normal.png;BEENDEN_normal.png;.png;420x112;3.750000;JA;3762;60201D9ADDED0EA973E041DE7AA376440D348F6D71A571F0643C4F51F4EB48F9;BUTTON;NORMAL;UI-State-Reserve;;NEIN;JA
C:\Users\patsl\Downloads\DeutschZ_UI_Production_Kit\02_BUTTONS\Text\BEENDEN_offline.png;BEENDEN_offline.png;.png;420x112;3.750000;JA;3838;CED163EA4A26E5405FA7FB626360451E95954D4C14B5F9DED99C2B093535D072;BUTTON;OFFLINE;UI-State-Reserve;;NEIN;JA
C:\Users\patsl\Downloads\DeutschZ_UI_Production_Kit\02_BUTTONS\Text\BEENDEN_pressed.png;BEENDEN_pressed.png;.png;420x112;3.750000;JA;5887;C0EF6E3E6347B8BE5FB10CA19F420D32A5FDA1EB5A9DC14F30E26C681529F11E;BUTTON;PRESSED;UI-State-Reserve;;NEIN;JA
C:\Users\patsl\Downloads\DeutschZ_UI_Production_Kit\02_BUTTONS\Text\BEENDEN_selected.png;BEENDEN_selected.png;.png;420x112;3.750000;JA;5935;7F353C9B66755205149DD700C752AE8453CE165B03E8B557B1DCEBB5698B5328;BUTTON;SELECTED;UI-State-Reserve;;NEIN;JA
C:\Users\patsl\Downloads\DeutschZ_UI_Production_Kit\02_BUTTONS\Text\BEENDEN_success.png;BEENDEN_success.png;.png;420x112;3.750000;JA;5898;0C113A6ADF5F7238B88CAFB16D5DF27D12C5D573F593BEE827FE51585DB501E6;BUTTON;SUCCESS;UI-State-Reserve;;NEIN;JA
C:\Users\patsl\Downloads\DeutschZ_UI_Production_Kit\02_BUTTONS\Text\BEENDEN_warning.png;BEENDEN_warning.png;.png;420x112;3.750000;JA;6281;2CB84EB379E3A49EF66185F7CE0D157A750F01E9B4D2CE2CC5D443005672675E;BUTTON;WARNING;UI-State-Reserve;;NEIN;JA
C:\Users\patsl\Downloads\DeutschZ_UI_Production_Kit\02_BUTTONS\Text\BESTAETIGEN_active.png;BESTAETIGEN_active.png;.png;360x100;3.600000;JA;7223;BDF6851D901D0A744762FCF6B0F25C00B38117D7E50DE7DCBA5A54E7F15CDB19;BUTTON;ACTIVE;UI-State-Reserve;;NEIN;JA
C:\Users\patsl\Downloads\DeutschZ_UI_Production_Kit\02_BUTTONS\Text\BESTAETIGEN_disabled.png;BESTAETIGEN_disabled.png;.png;360x100;3.600000;JA;4862;970AC667AAC4A997138CC1B0761AC2D21F0061D11505FBEC8BB23A5A8A652333;BUTTON;DISABLED;UI-State-Reserve;;NEIN;JA
C:\Users\patsl\Downloads\DeutschZ_UI_Production_Kit\02_BUTTONS\Text\BESTAETIGEN_hover.png;BESTAETIGEN_hover.png;.png;360x100;3.600000;JA;7096;08DDB0302E5018400B9CD29489B88CCD71790DA2E72417A091FBE7FBC44A380A;BUTTON;HOVER;UI-State-Reserve;;NEIN;JA
C:\Users\patsl\Downloads\DeutschZ_UI_Production_Kit\02_BUTTONS\Text\BESTAETIGEN_locked.png;BESTAETIGEN_locked.png;.png;360x100;3.600000;JA;7387;AF28FD1A9B4BB28347B05771E162856468DBF00AFF886901BA12F22B01E47991;BUTTON;LOCKED;UI-State-Reserve;;NEIN;JA
C:\Users\patsl\Downloads\DeutschZ_UI_Production_Kit\02_BUTTONS\Text\BESTAETIGEN_normal.png;BESTAETIGEN_normal.png;.png;360x100;3.600000;JA;5269;7777530DD7A8DC9431342D9E1D4DB211DA82A837C97358683B1926E93AF7BFFA;BUTTON;NORMAL;UI-State-Reserve;;NEIN;JA
C:\Users\patsl\Downloads\DeutschZ_UI_Production_Kit\02_BUTTONS\Text\BESTAETIGEN_offline.png;BESTAETIGEN_offline.png;.png;360x100;3.600000;JA;5370;58378E891B367C62D91DBE39E199688E93441841ACA168422B8DEC30E6A2C9A5;BUTTON;OFFLINE;UI-State-Reserve;;NEIN;JA
C:\Users\patsl\Downloads\DeutschZ_UI_Production_Kit\02_BUTTONS\Text\BESTAETIGEN_pressed.paa;BESTAETIGEN_pressed.paa;.paa;;;NEIN;13976;E2A8346CBD9F42961098358BC15324BF8629553B2C57B33E1D6C26CBF35E3A9C;BUTTON;PRESSED;UI-State-Reserve;;NEIN;NEIN
C:\Users\patsl\Downloads\DeutschZ_UI_Production_Kit\02_BUTTONS\Text\BESTAETIGEN_pressed.png;BESTAETIGEN_pressed.png;.png;360x100;3.600000;JA;7287;392C5722FAB8C3353A54781D0A6B27E58125FBD7E7A99B5CBDBF2F84C0D6AC30;BUTTON;PRESSED;UI-State-Reserve;;NEIN;JA
C:\Users\patsl\Downloads\DeutschZ_UI_Production_Kit\02_BUTTONS\Text\BESTAETIGEN_selected.png;BESTAETIGEN_selected.png;.png;360x100;3.600000;JA;7229;2465EAC9699E6F6209964C83A278D06CAF94A14E506C4B1952088493D278DFDC;BUTTON;SELECTED;UI-State-Reserve;;NEIN;JA
C:\Users\patsl\Downloads\DeutschZ_UI_Production_Kit\02_BUTTONS\Text\BESTAETIGEN_success.png;BESTAETIGEN_success.png;.png;360x100;3.600000;JA;7299;5BAF8943ACE42EED87098673583D6C975BA734BFFC0C1473FD5B8CC385DEFCD9;BUTTON;SUCCESS;UI-State-Reserve;;NEIN;JA
C:\Users\patsl\Downloads\DeutschZ_UI_Production_Kit\02_BUTTONS\Text\BESTAETIGEN_warning.png;BESTAETIGEN_warning.png;.png;360x100;3.600000;JA;7534;0778A5B28BC745DC56195D5CADB72BA740657684854EFF9F1272847368AB0033;BUTTON;WARNING;UI-State-Reserve;;NEIN;JA
C:\Users\patsl\Downloads\DeutschZ_UI_Production_Kit\02_BUTTONS\Text\CHARAKTER_active.paa;CHARAKTER_active.paa;.paa;;;NEIN;28731;59AA064027D19C34D1B72BA07E89CB05615C259490FE496B0C2F96745B4A1540;BUTTON;ACTIVE;UI-State-Reserve;;NEIN;NEIN
C:\Users\patsl\Downloads\DeutschZ_UI_Production_Kit\02_BUTTONS\Text\CHARAKTER_active.png;CHARAKTER_active.png;.png;760x118;6.440678;JA;8041;D888C7C50AE93BD3FC1079342CC3314BCEAD42A23A4D96DF2A4F90B82195DC62;BUTTON;ACTIVE;UI-State-Reserve;;NEIN;JA
C:\Users\patsl\Downloads\DeutschZ_UI_Production_Kit\02_BUTTONS\Text\CHARAKTER_disabled.png;CHARAKTER_disabled.png;.png;760x118;6.440678;JA;5333;84BF5391152D958E8184AC74067F4A7668564157DCBD9BA97002243B0F321D07;BUTTON;DISABLED;buttons/charakter_disabled.paa;;JA;NEIN
C:\Users\patsl\Downloads\DeutschZ_UI_Production_Kit\02_BUTTONS\Text\CHARAKTER_hover.png;CHARAKTER_hover.png;.png;760x118;6.440678;JA;8015;B6DC50ACF796CA520F13D44CAC76FDC0C5CBE9331CB677E98F5D1D38979C1243;BUTTON;HOVER;buttons/charakter_hover.paa;;JA;NEIN
C:\Users\patsl\Downloads\DeutschZ_UI_Production_Kit\02_BUTTONS\Text\CHARAKTER_locked.paa;CHARAKTER_locked.paa;.paa;;;NEIN;28440;E554942ABE05B5CBE53A39E2566FC5672C497A063E41F19E8883E0541F6227F4;BUTTON;LOCKED;UI-State-Reserve;;NEIN;NEIN
C:\Users\patsl\Downloads\DeutschZ_UI_Production_Kit\02_BUTTONS\Text\CHARAKTER_locked.png;CHARAKTER_locked.png;.png;760x118;6.440678;JA;8165;6EDC73580EB3D9D0B846F901D9713F620F2588BEBD087E67634FE4891955F759;BUTTON;LOCKED;UI-State-Reserve;;NEIN;JA
C:\Users\patsl\Downloads\DeutschZ_UI_Production_Kit\02_BUTTONS\Text\CHARAKTER_normal.png;CHARAKTER_normal.png;.png;760x118;6.440678;JA;5788;858E83591BE2EAE32BBDF549CB666CE29D80A7AE4E21963A2E87121610E8F7F7;BUTTON;NORMAL;buttons/charakter_normal.paa;;JA;NEIN
C:\Users\patsl\Downloads\DeutschZ_UI_Production_Kit\02_BUTTONS\Text\CHARAKTER_offline.png;CHARAKTER_offline.png;.png;760x118;6.440678;JA;5839;D87508695BEC7886287C92FBEADEFE352AD3851222BBFFE39865CA09AE2D4E6B;BUTTON;OFFLINE;UI-State-Reserve;;NEIN;JA
C:\Users\patsl\Downloads\DeutschZ_UI_Production_Kit\02_BUTTONS\Text\CHARAKTER_pressed.png;CHARAKTER_pressed.png;.png;760x118;6.440678;JA;8067;0786F56D69FB92A9AAC4607C332381982C21F734E0CC8F3245438AA4AD3EB606;BUTTON;PRESSED;buttons/charakter_pressed.paa;;JA;NEIN
C:\Users\patsl\Downloads\DeutschZ_UI_Production_Kit\02_BUTTONS\Text\CHARAKTER_selected.png;CHARAKTER_selected.png;.png;760x118;6.440678;JA;8020;59713D96461CFF9C7F9AE2FF09F0FB01EF702282C876232185A03C7AA629BF7D;BUTTON;SELECTED;buttons/charakter_selected.paa;;JA;NEIN
C:\Users\patsl\Downloads\DeutschZ_UI_Production_Kit\02_BUTTONS\Text\CHARAKTER_success.png;CHARAKTER_success.png;.png;760x118;6.440678;JA;8125;9347E10C7D12432EFD630F3794C4B3128796863F51BFDB4A2810A3734515F43F;BUTTON;SUCCESS;UI-State-Reserve;;NEIN;JA
C:\Users\patsl\Downloads\DeutschZ_UI_Production_Kit\02_BUTTONS\Text\CHARAKTER_warning.png;CHARAKTER_warning.png;.png;760x118;6.440678;JA;8396;7D305A72424CE071CC3FA73DDE7319EB90C43A3A39DD09F05B61C94B73818CA3;BUTTON;WARNING;UI-State-Reserve;;NEIN;JA
C:\Users\patsl\Downloads\DeutschZ_UI_Production_Kit\02_BUTTONS\Text\CREDITS_active.png;CREDITS_active.png;.png;360x112;3.214286;JA;7221;F4EAF73EE2F15AB52D326016BE85AB4CB75BC5E8805D872404922C6DBF422516;BUTTON;ACTIVE;UI-State-Reserve;;NEIN;JA
C:\Users\patsl\Downloads\DeutschZ_UI_Production_Kit\02_BUTTONS\Text\CREDITS_disabled.png;CREDITS_disabled.png;.png;360x112;3.214286;JA;4575;615F79701DEDF0742FC1ECE7EB4CCAF08ED9ED7E52676BA86A7B47412E1EAFAB;BUTTON;DISABLED;UI-State-Reserve;;NEIN;JA
C:\Users\patsl\Downloads\DeutschZ_UI_Production_Kit\02_BUTTONS\Text\CREDITS_hover.paa;CREDITS_hover.paa;.paa;;;NEIN;15297;83EDCD9642D18B3E8CA099707E8AB568003682996B884C87C48083B3A656D8D3;BUTTON;HOVER;UI-State-Reserve;;NEIN;NEIN
C:\Users\patsl\Downloads\DeutschZ_UI_Production_Kit\02_BUTTONS\Text\CREDITS_hover.png;CREDITS_hover.png;.png;360x112;3.214286;JA;7077;7AA65AD96613EC6B45E7385008CA69C2F3B7D36AB20C1F2176900DA5C6C8628D;BUTTON;HOVER;UI-State-Reserve;;NEIN;JA
C:\Users\patsl\Downloads\DeutschZ_UI_Production_Kit\02_BUTTONS\Text\CREDITS_locked.paa;CREDITS_locked.paa;.paa;;;NEIN;15068;687EC3DEC54F5A87EE49E3A39B3AA1A02001346B86B32578574C343E35B2FE15;BUTTON;LOCKED;UI-State-Reserve;;NEIN;NEIN
C:\Users\patsl\Downloads\DeutschZ_UI_Production_Kit\02_BUTTONS\Text\CREDITS_locked.png;CREDITS_locked.png;.png;360x112;3.214286;JA;7350;BC6D55E93D9B7394E494141BABBD89B0C239A0FD621F54A1B488386F8BBFB1DC;BUTTON;LOCKED;UI-State-Reserve;;NEIN;JA
C:\Users\patsl\Downloads\DeutschZ_UI_Production_Kit\02_BUTTONS\Text\CREDITS_normal.png;CREDITS_normal.png;.png;360x112;3.214286;JA;5081;DB9BABA32AD2C0F732C1AA6EFFCD2FEB8EE45F404A021968A869EF1D74010478;BUTTON;NORMAL;UI-State-Reserve;;NEIN;JA
C:\Users\patsl\Downloads\DeutschZ_UI_Production_Kit\02_BUTTONS\Text\CREDITS_offline.png;CREDITS_offline.png;.png;360x112;3.214286;JA;5088;5CA3E442CF1A5BFDC8D997392B7D93CFE72FE42D3896DFF2F756E8C310150AE8;BUTTON;OFFLINE;UI-State-Reserve;;NEIN;JA
C:\Users\patsl\Downloads\DeutschZ_UI_Production_Kit\02_BUTTONS\Text\CREDITS_pressed.png;CREDITS_pressed.png;.png;360x112;3.214286;JA;7158;1089B7CEBBFDB77E92CDEAF1266FB813FB3CBE6A92845E374423E10B1BC9C32F;BUTTON;PRESSED;UI-State-Reserve;;NEIN;JA
C:\Users\patsl\Downloads\DeutschZ_UI_Production_Kit\02_BUTTONS\Text\CREDITS_selected.png;CREDITS_selected.png;.png;360x112;3.214286;JA;7256;CAC9DE8DA8A47CED1453A2E78EBC1172BDC9AF173D6A8DE44B470E49AA50C8B0;BUTTON;SELECTED;UI-State-Reserve;;NEIN;JA
C:\Users\patsl\Downloads\DeutschZ_UI_Production_Kit\02_BUTTONS\Text\CREDITS_success.png;CREDITS_success.png;.png;360x112;3.214286;JA;7109;506BE07BDD29A42D8FADD01D0FE992A9E29EFB94B49731D934E1D7BC730DEFD3;BUTTON;SUCCESS;UI-State-Reserve;;NEIN;JA
C:\Users\patsl\Downloads\DeutschZ_UI_Production_Kit\02_BUTTONS\Text\CREDITS_warning.png;CREDITS_warning.png;.png;360x112;3.214286;JA;7512;44F39AAF055DD535D6499B8C8AA894AFE87F6E70B9AF8EB4A0B32EFE644C9499;BUTTON;WARNING;UI-State-Reserve;;NEIN;JA
C:\Users\patsl\Downloads\DeutschZ_UI_Production_Kit\02_BUTTONS\Text\DISCORD_active.png;DISCORD_active.png;.png;360x112;3.214286;JA;8060;EB7EFFCC365694FDD3204EB6F6EDEEF819106ECED773F32CB08AC8C2128F63AE;BUTTON;ACTIVE;UI-State-Reserve;;NEIN;JA
C:\Users\patsl\Downloads\DeutschZ_UI_Production_Kit\02_BUTTONS\Text\DISCORD_disabled.png;DISCORD_disabled.png;.png;360x112;3.214286;JA;5406;1FE976A09AC7554AC27BC2D7E51CE8DD3FD5B5EE1DBA82A4680B2FCB9B4D2CBA;BUTTON;DISABLED;buttons/discord_disabled.paa;;JA;NEIN
C:\Users\patsl\Downloads\DeutschZ_UI_Production_Kit\02_BUTTONS\Text\DISCORD_hover.png;DISCORD_hover.png;.png;360x112;3.214286;JA;7916;19377AF1374332A5D52A8724D2D34BE05BE27F1197C32F1A6FF951C1FB60D030;BUTTON;HOVER;buttons/discord_hover.paa;;JA;NEIN
C:\Users\patsl\Downloads\DeutschZ_UI_Production_Kit\02_BUTTONS\Text\DISCORD_locked.paa;DISCORD_locked.paa;.paa;;;NEIN;15332;9BB8CD6657297FD8A4B6CF4D9EF9AD1637EF5E4577EAC5DB349B9FF0FE08A00E;BUTTON;LOCKED;UI-State-Reserve;;NEIN;NEIN
C:\Users\patsl\Downloads\DeutschZ_UI_Production_Kit\02_BUTTONS\Text\DISCORD_locked.png;DISCORD_locked.png;.png;360x112;3.214286;JA;8254;586331186D127B5F2EB0BB7559989CD70671DC09501AB0174FD945F0E2B65125;BUTTON;LOCKED;UI-State-Reserve;;NEIN;JA
C:\Users\patsl\Downloads\DeutschZ_UI_Production_Kit\02_BUTTONS\Text\DISCORD_normal.png;DISCORD_normal.png;.png;360x112;3.214286;JA;5824;ADD0C8EB3CEA44F46364BA961A930BD06C4964A82C55F2658722AAC1D3066273;BUTTON;NORMAL;buttons/discord_normal.paa;;JA;NEIN
C:\Users\patsl\Downloads\DeutschZ_UI_Production_Kit\02_BUTTONS\Text\DISCORD_offline.png;DISCORD_offline.png;.png;360x112;3.214286;JA;6052;88F18987989876FD6AEAC07F20085DB477C74D1F8A4A646D75360BA79DC8AACE;BUTTON;OFFLINE;UI-State-Reserve;;NEIN;JA
C:\Users\patsl\Downloads\DeutschZ_UI_Production_Kit\02_BUTTONS\Text\DISCORD_pressed.paa;DISCORD_pressed.paa;.paa;;;NEIN;15723;0E4E03BCFB0AE6556F0F3A3029E8B7F33772B7E3A9DA53A1A40123392FB447BD;BUTTON;PRESSED;UI-State-Reserve;;NEIN;NEIN
C:\Users\patsl\Downloads\DeutschZ_UI_Production_Kit\02_BUTTONS\Text\DISCORD_pressed.png;DISCORD_pressed.png;.png;360x112;3.214286;JA;7965;5415AC10046BADD2CD3AD19796A7FA7CD3A969261864827CA86178446CA68FA3;BUTTON;PRESSED;buttons/discord_pressed.paa;;JA;NEIN
C:\Users\patsl\Downloads\DeutschZ_UI_Production_Kit\02_BUTTONS\Text\DISCORD_selected.png;DISCORD_selected.png;.png;360x112;3.214286;JA;8037;AAFC1E833B3257B9DABAB528D39F72345570DC217E5F6F7C1FB26BD7E2254421;BUTTON;SELECTED;buttons/discord_selected.paa;;JA;NEIN
C:\Users\patsl\Downloads\DeutschZ_UI_Production_Kit\02_BUTTONS\Text\DISCORD_success.png;DISCORD_success.png;.png;360x112;3.214286;JA;7956;189D35394E18AE4B6756854C3A44E0C6648567E8E91C0E21BBFD06E5C3C211DC;BUTTON;SUCCESS;UI-State-Reserve;;NEIN;JA
C:\Users\patsl\Downloads\DeutschZ_UI_Production_Kit\02_BUTTONS\Text\DISCORD_warning.png;DISCORD_warning.png;.png;360x112;3.214286;JA;8328;F943B7E65A33E8271B5BD73E30B7506CB482B6FF74A9B24ECC36BACACCB8A82C;BUTTON;WARNING;UI-State-Reserve;;NEIN;JA
C:\Users\patsl\Downloads\DeutschZ_UI_Production_Kit\02_BUTTONS\Text\EINSTELLUNGEN_active.paa;EINSTELLUNGEN_active.paa;.paa;;;NEIN;17357;CF3C15D1E5EB33574284BBF72DB5EA5855AB59D5E009E82EFA8A27B7E5318C09;BUTTON;ACTIVE;UI-State-Reserve;;NEIN;NEIN
C:\Users\patsl\Downloads\DeutschZ_UI_Production_Kit\02_BUTTONS\Text\EINSTELLUNGEN_active.png;EINSTELLUNGEN_active.png;.png;420x112;3.750000;JA;7518;AAFA5E7E66AB7D527EA0D3B306DD5BBD85D59BE11A3247C3FEDDFDE27B7F0336;BUTTON;ACTIVE;UI-State-Reserve;;NEIN;JA
C:\Users\patsl\Downloads\DeutschZ_UI_Production_Kit\02_BUTTONS\Text\EINSTELLUNGEN_disabled.png;EINSTELLUNGEN_disabled.png;.png;420x112;3.750000;JA;4919;9669C17C9BFBCE11482BBA21CDBC4B29AF5B8E66F8702E70FB95FCBBCBE6BE40;BUTTON;DISABLED;UI-State-Reserve;;NEIN;JA
C:\Users\patsl\Downloads\DeutschZ_UI_Production_Kit\02_BUTTONS\Text\EINSTELLUNGEN_hover.png;EINSTELLUNGEN_hover.png;.png;420x112;3.750000;JA;7370;1F91351BF3FBE99E86DC365699191B1F2C7659408B20031022EA2C8B484E17F9;BUTTON;HOVER;UI-State-Reserve;;NEIN;JA
C:\Users\patsl\Downloads\DeutschZ_UI_Production_Kit\02_BUTTONS\Text\EINSTELLUNGEN_locked.paa;EINSTELLUNGEN_locked.paa;.paa;;;NEIN;17055;101F94F7EA9CF73502BE1AE9BBD1706199B43DD251073C28B2430395218B9D60;BUTTON;LOCKED;UI-State-Reserve;;NEIN;NEIN
C:\Users\patsl\Downloads\DeutschZ_UI_Production_Kit\02_BUTTONS\Text\EINSTELLUNGEN_locked.png;EINSTELLUNGEN_locked.png;.png;420x112;3.750000;JA;7687;46F15DF23358F2266D9FDBF493CF3E295C1B51213D4DA588A20D223578F23FB2;BUTTON;LOCKED;UI-State-Reserve;;NEIN;JA
C:\Users\patsl\Downloads\DeutschZ_UI_Production_Kit\02_BUTTONS\Text\EINSTELLUNGEN_normal.png;EINSTELLUNGEN_normal.png;.png;420x112;3.750000;JA;5368;9CA67DD4174297B32B0CEDC3710E2A2F7816CC1AB15B36079A5FEE8E7053599E;BUTTON;NORMAL;UI-State-Reserve;;NEIN;JA
C:\Users\patsl\Downloads\DeutschZ_UI_Production_Kit\02_BUTTONS\Text\EINSTELLUNGEN_offline.png;EINSTELLUNGEN_offline.png;.png;420x112;3.750000;JA;5391;9DEA8988CFB1FF57075F79BF13DC77A78172462A8100AFADD09FE10603F4067B;BUTTON;OFFLINE;UI-State-Reserve;;NEIN;JA
C:\Users\patsl\Downloads\DeutschZ_UI_Production_Kit\02_BUTTONS\Text\EINSTELLUNGEN_pressed.png;EINSTELLUNGEN_pressed.png;.png;420x112;3.750000;JA;7451;70E6B3B000C012C03E1034A685BA7A95DA2E8A100E3E8ACF7B0FAC060FC6F7CD;BUTTON;PRESSED;UI-State-Reserve;;NEIN;JA
C:\Users\patsl\Downloads\DeutschZ_UI_Production_Kit\02_BUTTONS\Text\EINSTELLUNGEN_selected.png;EINSTELLUNGEN_selected.png;.png;420x112;3.750000;JA;7528;ECEB9362B316BDF4108291F3ECA3479171F9EF426AFD96ABC4DF342E49108EAF;BUTTON;SELECTED;UI-State-Reserve;;NEIN;JA
C:\Users\patsl\Downloads\DeutschZ_UI_Production_Kit\02_BUTTONS\Text\EINSTELLUNGEN_success.png;EINSTELLUNGEN_success.png;.png;420x112;3.750000;JA;7425;E8815783B8ADDB1B44685E12E979F91DB373428303C219292CC899E4F0AF3C97;BUTTON;SUCCESS;UI-State-Reserve;;NEIN;JA
C:\Users\patsl\Downloads\DeutschZ_UI_Production_Kit\02_BUTTONS\Text\EINSTELLUNGEN_warning.png;EINSTELLUNGEN_warning.png;.png;420x112;3.750000;JA;7878;375474903192C0F9E1259096450BEE6B931D2E764495D3EFD8187AEABCD531D2;BUTTON;WARNING;UI-State-Reserve;;NEIN;JA
C:\Users\patsl\Downloads\DeutschZ_UI_Production_Kit\02_BUTTONS\Text\EVENT_ANSEHEN_active.paa;EVENT_ANSEHEN_active.paa;.paa;;;NEIN;17368;6C39762D3BCBC9F00E49ECB4AAEE274F40142B15ADD522B7917A24EFB6150B7B;BUTTON;ACTIVE;UI-State-Reserve;;NEIN;NEIN
C:\Users\patsl\Downloads\DeutschZ_UI_Production_Kit\02_BUTTONS\Text\EVENT_ANSEHEN_active.png;EVENT_ANSEHEN_active.png;.png;480x96;5.000000;JA;6704;5AE24AC0D4E0975C187E9B9CE00936633F330276040E573010E400295ACB1270;BUTTON;ACTIVE;UI-State-Reserve;;NEIN;JA
C:\Users\patsl\Downloads\DeutschZ_UI_Production_Kit\02_BUTTONS\Text\EVENT_ANSEHEN_disabled.png;EVENT_ANSEHEN_disabled.png;.png;480x96;5.000000;JA;4345;C87C825A7677BDB999F7FCDB36BD508726918D6063B98F158483A64DDCF755D9;BUTTON;DISABLED;UI-State-Reserve;;NEIN;JA
C:\Users\patsl\Downloads\DeutschZ_UI_Production_Kit\02_BUTTONS\Text\EVENT_ANSEHEN_hover.png;EVENT_ANSEHEN_hover.png;.png;480x96;5.000000;JA;6537;EA11CE02234DA5A06A595C6F15E6B12EA1008D74417056447AF74277A131FA43;BUTTON;HOVER;UI-State-Reserve;;NEIN;JA
C:\Users\patsl\Downloads\DeutschZ_UI_Production_Kit\02_BUTTONS\Text\EVENT_ANSEHEN_locked.paa;EVENT_ANSEHEN_locked.paa;.paa;;;NEIN;17053;D61A8BB0B5F568D51CC99C61EB2F910B0B37E72B93085749418105B957A71E75;BUTTON;LOCKED;UI-State-Reserve;;NEIN;NEIN
C:\Users\patsl\Downloads\DeutschZ_UI_Production_Kit\02_BUTTONS\Text\EVENT_ANSEHEN_locked.png;EVENT_ANSEHEN_locked.png;.png;480x96;5.000000;JA;6612;4D27EC1865447A347D5B7ABB41C26A22DE31119F519A654A5350428DB9C70392;BUTTON;LOCKED;UI-State-Reserve;;NEIN;JA
C:\Users\patsl\Downloads\DeutschZ_UI_Production_Kit\02_BUTTONS\Text\EVENT_ANSEHEN_normal.png;EVENT_ANSEHEN_normal.png;.png;480x96;5.000000;JA;4647;0B0CA6D73E07F607DAA97DC65222D1899E64DCBCDE0F898FE387988FF9615CB8;BUTTON;NORMAL;UI-State-Reserve;;NEIN;JA
C:\Users\patsl\Downloads\DeutschZ_UI_Production_Kit\02_BUTTONS\Text\EVENT_ANSEHEN_offline.png;EVENT_ANSEHEN_offline.png;.png;480x96;5.000000;JA;4743;7808514DEE7CB3612F0238E64DE405D83696DA28CC9BF47A34C5080747951F4B;BUTTON;OFFLINE;UI-State-Reserve;;NEIN;JA
C:\Users\patsl\Downloads\DeutschZ_UI_Production_Kit\02_BUTTONS\Text\EVENT_ANSEHEN_pressed.png;EVENT_ANSEHEN_pressed.png;.png;480x96;5.000000;JA;6669;611AB33503639C38ECDBA7A8D9F479C248A097864485B8A4AB6B8D40BE557713;BUTTON;PRESSED;UI-State-Reserve;;NEIN;JA
C:\Users\patsl\Downloads\DeutschZ_UI_Production_Kit\02_BUTTONS\Text\EVENT_ANSEHEN_selected.png;EVENT_ANSEHEN_selected.png;.png;480x96;5.000000;JA;6715;712826FF3ED177C69783AE7528297D1CDA0BE31C8292ADC5AFCAB10E2B8CB5DB;BUTTON;SELECTED;UI-State-Reserve;;NEIN;JA
C:\Users\patsl\Downloads\DeutschZ_UI_Production_Kit\02_BUTTONS\Text\EVENT_ANSEHEN_success.png;EVENT_ANSEHEN_success.png;.png;480x96;5.000000;JA;6619;7D7BDEAD5096DD30B19CBF339110293CDC96A3AB217152DC552922271832F020;BUTTON;SUCCESS;UI-State-Reserve;;NEIN;JA
C:\Users\patsl\Downloads\DeutschZ_UI_Production_Kit\02_BUTTONS\Text\EVENT_ANSEHEN_warning.png;EVENT_ANSEHEN_warning.png;.png;480x96;5.000000;JA;6898;F749368D89F240EC252C7640212F07CB645B48E9CB5F456FECB12190554B526F;BUTTON;WARNING;UI-State-Reserve;;NEIN;JA
C:\Users\patsl\Downloads\DeutschZ_UI_Production_Kit\02_BUTTONS\Text\EVENT_BEITRETEN_active.paa;EVENT_BEITRETEN_active.paa;.paa;;;NEIN;17439;5832FD7101B01D2607770505B6ACFF177B0747C43040433D9A72808110C6C628;BUTTON;ACTIVE;UI-State-Reserve;;NEIN;NEIN
C:\Users\patsl\Downloads\DeutschZ_UI_Production_Kit\02_BUTTONS\Text\EVENT_BEITRETEN_active.png;EVENT_BEITRETEN_active.png;.png;480x96;5.000000;JA;6390;50C838E642BF8FA4F5CC7ED320C2C5FDA2252EE348699DD2F44AD9BFB1EC9EB5;BUTTON;ACTIVE;UI-State-Reserve;;NEIN;JA
C:\Users\patsl\Downloads\DeutschZ_UI_Production_Kit\02_BUTTONS\Text\EVENT_BEITRETEN_disabled.png;EVENT_BEITRETEN_disabled.png;.png;480x96;5.000000;JA;4094;125384446E2CFFB91E4D6E701A0F05D57296BDAB56EC26637B9AE9D5765DB6E4;BUTTON;DISABLED;UI-State-Reserve;;NEIN;JA
C:\Users\patsl\Downloads\DeutschZ_UI_Production_Kit\02_BUTTONS\Text\EVENT_BEITRETEN_hover.png;EVENT_BEITRETEN_hover.png;.png;480x96;5.000000;JA;6218;86A37B16FFD36408E43E0EDF6C982D798FB853F9E58603169BE304AEAABA236B;BUTTON;HOVER;UI-State-Reserve;;NEIN;JA
C:\Users\patsl\Downloads\DeutschZ_UI_Production_Kit\02_BUTTONS\Text\EVENT_BEITRETEN_locked.paa;EVENT_BEITRETEN_locked.paa;.paa;;;NEIN;17132;F0D8EED2BA4FFC81E34283DBA885698EDB252AB8514E5102178097487EDFDBCE;BUTTON;LOCKED;UI-State-Reserve;;NEIN;NEIN
C:\Users\patsl\Downloads\DeutschZ_UI_Production_Kit\02_BUTTONS\Text\EVENT_BEITRETEN_locked.png;EVENT_BEITRETEN_locked.png;.png;480x96;5.000000;JA;6373;14B20B712CC30FA55471877EACF939E3AD560B9E1C754554B09E9A5EBBC34A89;BUTTON;LOCKED;UI-State-Reserve;;NEIN;JA
C:\Users\patsl\Downloads\DeutschZ_UI_Production_Kit\02_BUTTONS\Text\EVENT_BEITRETEN_normal.png;EVENT_BEITRETEN_normal.png;.png;480x96;5.000000;JA;4383;982D7F71659937CD78D18E5CBB790AB850EF52569C0756292F3FE37114E6ABEF;BUTTON;NORMAL;UI-State-Reserve;;NEIN;JA
C:\Users\patsl\Downloads\DeutschZ_UI_Production_Kit\02_BUTTONS\Text\EVENT_BEITRETEN_offline.png;EVENT_BEITRETEN_offline.png;.png;480x96;5.000000;JA;4391;4CE70B9394E44DDD360F18452AE726A358F38EA295E1765897F4F3651193A9AD;BUTTON;OFFLINE;UI-State-Reserve;;NEIN;JA
C:\Users\patsl\Downloads\DeutschZ_UI_Production_Kit\02_BUTTONS\Text\EVENT_BEITRETEN_pressed.png;EVENT_BEITRETEN_pressed.png;.png;480x96;5.000000;JA;6238;F9097BC0AFA853142891B952742C2BAAAFB03E09530DA8F77C3F2C189204BF98;BUTTON;PRESSED;UI-State-Reserve;;NEIN;JA
C:\Users\patsl\Downloads\DeutschZ_UI_Production_Kit\02_BUTTONS\Text\EVENT_BEITRETEN_selected.png;EVENT_BEITRETEN_selected.png;.png;480x96;5.000000;JA;6301;7387076B0A3CDC7BCAF4CC9A1FC74684A2EA892F3A24F2A5FF44A38117099C1D;BUTTON;SELECTED;UI-State-Reserve;;NEIN;JA
C:\Users\patsl\Downloads\DeutschZ_UI_Production_Kit\02_BUTTONS\Text\EVENT_BEITRETEN_success.png;EVENT_BEITRETEN_success.png;.png;480x96;5.000000;JA;6211;333195CC607274F1F4E3C4529D8E2D441F0BAA702C267F3B1C7A1CB32917E112;BUTTON;SUCCESS;UI-State-Reserve;;NEIN;JA
C:\Users\patsl\Downloads\DeutschZ_UI_Production_Kit\02_BUTTONS\Text\EVENT_BEITRETEN_warning.png;EVENT_BEITRETEN_warning.png;.png;480x96;5.000000;JA;6548;06FA620939292D68C09238A20329F02FBC7A4E825447B7F46673A167C3798C69;BUTTON;WARNING;UI-State-Reserve;;NEIN;JA
C:\Users\patsl\Downloads\DeutschZ_UI_Production_Kit\02_BUTTONS\Text\EVENTS_active.png;EVENTS_active.png;.png;360x112;3.214286;JA;6379;C787D17D37DF4AFC77EC2A9AB65363215921F6F2FF04F25D48EE8B70424F06E0;BUTTON;ACTIVE;UI-State-Reserve;;NEIN;JA
C:\Users\patsl\Downloads\DeutschZ_UI_Production_Kit\02_BUTTONS\Text\EVENTS_disabled.png;EVENTS_disabled.png;.png;360x112;3.214286;JA;3948;4989D88DCC8E68350CAFB95D274759AFEBE0585CD9CAAAD2B0D9D9DAB7DC7D4A;BUTTON;DISABLED;UI-State-Reserve;;NEIN;JA
C:\Users\patsl\Downloads\DeutschZ_UI_Production_Kit\02_BUTTONS\Text\EVENTS_hover.png;EVENTS_hover.png;.png;360x112;3.214286;JA;6275;DE663E1A18C0283EC0C29DFC3042CFCCEE7A1C2839F875D3CC30F599DF142F19;BUTTON;HOVER;UI-State-Reserve;;NEIN;JA
C:\Users\patsl\Downloads\DeutschZ_UI_Production_Kit\02_BUTTONS\Text\EVENTS_locked.paa;EVENTS_locked.paa;.paa;;;NEIN;14862;EDB072C7BE50F24B6844B2E591C212706B22C288B3AE1CCF49D66517364B06F2;BUTTON;LOCKED;UI-State-Reserve;;NEIN;NEIN
C:\Users\patsl\Downloads\DeutschZ_UI_Production_Kit\02_BUTTONS\Text\EVENTS_locked.png;EVENTS_locked.png;.png;360x112;3.214286;JA;6563;4E399A45E093183FFD507DE84C6E2B3AC079E983A2CBC76D8FD849A14B413C52;BUTTON;LOCKED;UI-State-Reserve;;NEIN;JA
C:\Users\patsl\Downloads\DeutschZ_UI_Production_Kit\02_BUTTONS\Text\EVENTS_normal.png;EVENTS_normal.png;.png;360x112;3.214286;JA;4290;F1636A4D87EF1543E831280232559552AC455048FCAB686F7F645243EE065B1A;BUTTON;NORMAL;UI-State-Reserve;;NEIN;JA
C:\Users\patsl\Downloads\DeutschZ_UI_Production_Kit\02_BUTTONS\Text\EVENTS_offline.png;EVENTS_offline.png;.png;360x112;3.214286;JA;4284;59BF99B3A59818BDFAF7F7D4AF75225708647337AB3000CB23E17A6BC7A9AFDD;BUTTON;OFFLINE;UI-State-Reserve;;NEIN;JA
C:\Users\patsl\Downloads\DeutschZ_UI_Production_Kit\02_BUTTONS\Text\EVENTS_pressed.png;EVENTS_pressed.png;.png;360x112;3.214286;JA;6328;0F9742673770A04042DF1C45275D2637F70633396D272D5AB7D29ECE362824A5;BUTTON;PRESSED;UI-State-Reserve;;NEIN;JA
C:\Users\patsl\Downloads\DeutschZ_UI_Production_Kit\02_BUTTONS\Text\EVENTS_selected.paa;EVENTS_selected.paa;.paa;;;NEIN;15076;7492038C9643BF67F1B5AD6D33533B605B0F1C0635A78C962F40EFB154C69631;BUTTON;SELECTED;UI-State-Reserve;;NEIN;NEIN
C:\Users\patsl\Downloads\DeutschZ_UI_Production_Kit\02_BUTTONS\Text\EVENTS_selected.png;EVENTS_selected.png;.png;360x112;3.214286;JA;6379;7F6CAD052938941E8917B1D69DB8561F5BF9574C0046C9A3C331C57041213E36;BUTTON;SELECTED;UI-State-Reserve;;NEIN;JA
C:\Users\patsl\Downloads\DeutschZ_UI_Production_Kit\02_BUTTONS\Text\EVENTS_success.png;EVENTS_success.png;.png;360x112;3.214286;JA;6304;2A89CDB069E838A680FE40456E7E71A5CAD99E6845A7FD79903004BF5FBB8E16;BUTTON;SUCCESS;UI-State-Reserve;;NEIN;JA
C:\Users\patsl\Downloads\DeutschZ_UI_Production_Kit\02_BUTTONS\Text\EVENTS_warning.png;EVENTS_warning.png;.png;360x112;3.214286;JA;6682;528C64314C860A0A63D645DA712E02BD2CC7064152E91E8557E540C6FDAFA48B;BUTTON;WARNING;UI-State-Reserve;;NEIN;JA
C:\Users\patsl\Downloads\DeutschZ_UI_Production_Kit\02_BUTTONS\Text\INVENTAR_active.paa;INVENTAR_active.paa;.paa;;;NEIN;28527;71CBF543F3C6ED87DFE2CA5708C4059992A491323917CC1283EFF22F6C881EA0;BUTTON;ACTIVE;UI-State-Reserve;;NEIN;NEIN
C:\Users\patsl\Downloads\DeutschZ_UI_Production_Kit\02_BUTTONS\Text\INVENTAR_active.png;INVENTAR_active.png;.png;760x118;6.440678;JA;7440;64B8B16460FAAC157F91A46B0273C312ACF9A24DC804EE85F40CCCC444F3BD5F;BUTTON;ACTIVE;UI-State-Reserve;;NEIN;JA
C:\Users\patsl\Downloads\DeutschZ_UI_Production_Kit\02_BUTTONS\Text\INVENTAR_disabled.png;INVENTAR_disabled.png;.png;760x118;6.440678;JA;4715;875BB5CEBD078EBAE4134DBB3526DD1592E29ACBA7F320B4E9FDF7B2AA194550;BUTTON;DISABLED;UI-State-Reserve;;NEIN;JA
C:\Users\patsl\Downloads\DeutschZ_UI_Production_Kit\02_BUTTONS\Text\INVENTAR_hover.png;INVENTAR_hover.png;.png;760x118;6.440678;JA;7384;5789AFEA098C4D5E409989429A5B04F2695369E6B0124E0C300013DA402C5EE5;BUTTON;HOVER;UI-State-Reserve;;NEIN;JA
C:\Users\patsl\Downloads\DeutschZ_UI_Production_Kit\02_BUTTONS\Text\INVENTAR_locked.paa;INVENTAR_locked.paa;.paa;;;NEIN;28286;0AA94740694BAF0E2204372E57625CBAE29C96DDCB17CF4E4222D4FA3292312C;BUTTON;LOCKED;UI-State-Reserve;;NEIN;NEIN
C:\Users\patsl\Downloads\DeutschZ_UI_Production_Kit\02_BUTTONS\Text\INVENTAR_locked.png;INVENTAR_locked.png;.png;760x118;6.440678;JA;7530;1C40AC4CAAD7B49973614356E2825D2CE66F9D3493F8F13043C623C53D272F23;BUTTON;LOCKED;UI-State-Reserve;;NEIN;JA
C:\Users\patsl\Downloads\DeutschZ_UI_Production_Kit\02_BUTTONS\Text\INVENTAR_normal.png;INVENTAR_normal.png;.png;760x118;6.440678;JA;5117;3061B246F19A62039B6C4BDCB4913C0B88FDD794AF852C402FF2A1A48B48BEA4;BUTTON;NORMAL;UI-State-Reserve;;NEIN;JA
C:\Users\patsl\Downloads\DeutschZ_UI_Production_Kit\02_BUTTONS\Text\INVENTAR_offline.png;INVENTAR_offline.png;.png;760x118;6.440678;JA;5130;B04A62E1948BA56FC06416121D16E7D6D14C59C351427CD955C381337E66EE7E;BUTTON;OFFLINE;UI-State-Reserve;;NEIN;JA
C:\Users\patsl\Downloads\DeutschZ_UI_Production_Kit\02_BUTTONS\Text\INVENTAR_pressed.png;INVENTAR_pressed.png;.png;760x118;6.440678;JA;7451;4BBBF47694C6839FDFA38AF989F4F4BC7E0EB52F5BD9AA5F5C20E28C60652239;BUTTON;PRESSED;UI-State-Reserve;;NEIN;JA
C:\Users\patsl\Downloads\DeutschZ_UI_Production_Kit\02_BUTTONS\Text\INVENTAR_selected.png;INVENTAR_selected.png;.png;760x118;6.440678;JA;7446;A23818E48346CF6248DC84D4AFCDAEC07628465B480588180C4BAA4F25D6E2C0;BUTTON;SELECTED;UI-State-Reserve;;NEIN;JA
C:\Users\patsl\Downloads\DeutschZ_UI_Production_Kit\02_BUTTONS\Text\INVENTAR_success.png;INVENTAR_success.png;.png;760x118;6.440678;JA;7501;D36FBACDB2B37EE79E1BAC0C1C701BE95429A07AF40F064FF727E7C6D62A7EB6;BUTTON;SUCCESS;UI-State-Reserve;;NEIN;JA
C:\Users\patsl\Downloads\DeutschZ_UI_Production_Kit\02_BUTTONS\Text\INVENTAR_warning.png;INVENTAR_warning.png;.png;760x118;6.440678;JA;7734;E99467905B76DD821C08A5D73E6C863A1C05667BE29449C8A86F76349CA16244;BUTTON;WARNING;UI-State-Reserve;;NEIN;JA
C:\Users\patsl\Downloads\DeutschZ_UI_Production_Kit\02_BUTTONS\Text\NEWS_active.paa;NEWS_active.paa;.paa;;;NEIN;13211;3A2A64E22B9FD8293A97BFEF1162C53F30E452F3F734E7FDAB6E3D225032BCCD;BUTTON;ACTIVE;UI-State-Reserve;;NEIN;NEIN
C:\Users\patsl\Downloads\DeutschZ_UI_Production_Kit\02_BUTTONS\Text\NEWS_active.png;NEWS_active.png;.png;360x96;3.750000;JA;5895;EB5FD1E7D14A397D71F1AB639A46564BEE2F63D81D4C0C116649FD6404FC06A1;BUTTON;ACTIVE;UI-State-Reserve;;NEIN;JA
C:\Users\patsl\Downloads\DeutschZ_UI_Production_Kit\02_BUTTONS\Text\NEWS_disabled.png;NEWS_disabled.png;.png;360x96;3.750000;JA;3644;DF8F455FF064465C76374F4648D9930C09F68539DF4647B06126CB9725BDC50E;BUTTON;DISABLED;UI-State-Reserve;;NEIN;JA
C:\Users\patsl\Downloads\DeutschZ_UI_Production_Kit\02_BUTTONS\Text\NEWS_hover.png;NEWS_hover.png;.png;360x96;3.750000;JA;5717;1026ABBAF5A1BD05067FFE1A86DF92DB934B24739741C5F536618A3EFA977AE0;BUTTON;HOVER;UI-State-Reserve;;NEIN;JA
C:\Users\patsl\Downloads\DeutschZ_UI_Production_Kit\02_BUTTONS\Text\NEWS_locked.paa;NEWS_locked.paa;.paa;;;NEIN;12972;1250D491EE9C442D0A347555E3AC87C7896361915F9E76773FC1363CAA5CFA3A;BUTTON;LOCKED;UI-State-Reserve;;NEIN;NEIN
C:\Users\patsl\Downloads\DeutschZ_UI_Production_Kit\02_BUTTONS\Text\NEWS_locked.png;NEWS_locked.png;.png;360x96;3.750000;JA;5766;0FF47D9F3CBE52D0710223CE7B7602C2BAC35171ADF0BD3C05A2D07A87AA6BF1;BUTTON;LOCKED;UI-State-Reserve;;NEIN;JA
C:\Users\patsl\Downloads\DeutschZ_UI_Production_Kit\02_BUTTONS\Text\NEWS_normal.png;NEWS_normal.png;.png;360x96;3.750000;JA;3925;CAB08B7C85AD3BD699DFC262F468295CEFA348F8A6843F18774C2829D343A093;BUTTON;NORMAL;UI-State-Reserve;;NEIN;JA
C:\Users\patsl\Downloads\DeutschZ_UI_Production_Kit\02_BUTTONS\Text\NEWS_offline.png;NEWS_offline.png;.png;360x96;3.750000;JA;3992;7A1AEC7E3BB0D9BC91519B7D3BAD4FADBBB68DE99CB051BD0731F347718F4AC1;BUTTON;OFFLINE;UI-State-Reserve;;NEIN;JA
C:\Users\patsl\Downloads\DeutschZ_UI_Production_Kit\02_BUTTONS\Text\NEWS_pressed.png;NEWS_pressed.png;.png;360x96;3.750000;JA;5833;E379B21EFC3FE8188CEC591A78DFF13548EB5635F531BBACA6988F56938E456F;BUTTON;PRESSED;UI-State-Reserve;;NEIN;JA
C:\Users\patsl\Downloads\DeutschZ_UI_Production_Kit\02_BUTTONS\Text\NEWS_selected.png;NEWS_selected.png;.png;360x96;3.750000;JA;5933;6535B65ED691F660B5D54A8948F6A05512702777F70ADD945F143390E012CF02;BUTTON;SELECTED;UI-State-Reserve;;NEIN;JA
C:\Users\patsl\Downloads\DeutschZ_UI_Production_Kit\02_BUTTONS\Text\NEWS_success.png;NEWS_success.png;.png;360x96;3.750000;JA;5803;F316E103B5F8361436E1176916B65FFEADEF5A75C85460A28493ADF5B5FE225F;BUTTON;SUCCESS;UI-State-Reserve;;NEIN;JA
C:\Users\patsl\Downloads\DeutschZ_UI_Production_Kit\02_BUTTONS\Text\NEWS_warning.png;NEWS_warning.png;.png;360x96;3.750000;JA;6059;795A61D41DA2B476BCF9CBF27D29D41E2E1305CC42C8381F2E3EB711773EF720;BUTTON;WARNING;UI-State-Reserve;;NEIN;JA
C:\Users\patsl\Downloads\DeutschZ_UI_Production_Kit\02_BUTTONS\Text\PLAY_NOW_active.paa;PLAY_NOW_active.paa;.paa;;;NEIN;36373;444E0E3B146CDBD45BFCF8FD49A5C488D6F88CEC8A0248430C000E49B6C04933;BUTTON;ACTIVE;UI-State-Reserve;;NEIN;NEIN
C:\Users\patsl\Downloads\DeutschZ_UI_Production_Kit\02_BUTTONS\Text\PLAY_NOW_active.png;PLAY_NOW_active.png;.png;760x150;5.066667;JA;10722;A089FE19084BF670CDF8C75335BDD75697BD5BCD9FD01BAEF30D2013F020D4EA;BUTTON;ACTIVE;UI-State-Reserve;;NEIN;JA
C:\Users\patsl\Downloads\DeutschZ_UI_Production_Kit\02_BUTTONS\Text\PLAY_NOW_disabled.png;PLAY_NOW_disabled.png;.png;760x150;5.066667;JA;7369;90CA2311B94F7D3FA382DD8A727B98A326D1E0FD02ADB1DBDA56D2B74B76BDE9;BUTTON;DISABLED;buttons/play_now_disabled.paa;;JA;NEIN
C:\Users\patsl\Downloads\DeutschZ_UI_Production_Kit\02_BUTTONS\Text\PLAY_NOW_hover.png;PLAY_NOW_hover.png;.png;760x150;5.066667;JA;10691;F5210F22831922E6C5BCEFB2BFC7704E4402BF28891228AA1DBD81093838FB5A;BUTTON;HOVER;buttons/play_now_hover.paa;;JA;NEIN
C:\Users\patsl\Downloads\DeutschZ_UI_Production_Kit\02_BUTTONS\Text\PLAY_NOW_locked.paa;PLAY_NOW_locked.paa;.paa;;;NEIN;35907;A9FCE269846058EF5133098B4FA9F6198F2C673F2384D92D200AA003EE4FC9C9;BUTTON;LOCKED;UI-State-Reserve;;NEIN;NEIN
C:\Users\patsl\Downloads\DeutschZ_UI_Production_Kit\02_BUTTONS\Text\PLAY_NOW_locked.png;PLAY_NOW_locked.png;.png;760x150;5.066667;JA;11002;A548556803B54737DC76FD8E55B396517F32B2EC5778176BF8898D289B6AE912;BUTTON;LOCKED;UI-State-Reserve;;NEIN;JA
C:\Users\patsl\Downloads\DeutschZ_UI_Production_Kit\02_BUTTONS\Text\PLAY_NOW_normal.png;PLAY_NOW_normal.png;.png;760x150;5.066667;JA;7889;39B2C12B47E37182235272031FFFCB315F536187B9089F505F7486301BC3B644;BUTTON;NORMAL;buttons/play_now_normal.paa;;JA;NEIN
C:\Users\patsl\Downloads\DeutschZ_UI_Production_Kit\02_BUTTONS\Text\PLAY_NOW_offline.png;PLAY_NOW_offline.png;.png;760x150;5.066667;JA;8133;CFB69D49055ACA0EB08BCD729601D3D70DEC5AD3EC0AA8F9E99268B81B45270F;BUTTON;OFFLINE;UI-State-Reserve;;NEIN;JA
C:\Users\patsl\Downloads\DeutschZ_UI_Production_Kit\02_BUTTONS\Text\PLAY_NOW_pressed.png;PLAY_NOW_pressed.png;.png;760x150;5.066667;JA;10591;D345EFAA0BA89D6CA3AA8980DE99743D9CD79F66FD9336DA83E366DA6B327F85;BUTTON;PRESSED;buttons/play_now_pressed.paa;;JA;NEIN
C:\Users\patsl\Downloads\DeutschZ_UI_Production_Kit\02_BUTTONS\Text\PLAY_NOW_selected.png;PLAY_NOW_selected.png;.png;760x150;5.066667;JA;10684;6E2D83E0F60869203A7C5A74FA7F3BCD95BF6B1494A03C4BFCFC1F69B3536A7C;BUTTON;SELECTED;buttons/play_now_selected.paa;;JA;NEIN
C:\Users\patsl\Downloads\DeutschZ_UI_Production_Kit\02_BUTTONS\Text\PLAY_NOW_success.png;PLAY_NOW_success.png;.png;760x150;5.066667;JA;10847;A0514C9010C941E14F6E55C084D0A66EB8B40F6A53D9173FDD5DA9BD396773FC;BUTTON;SUCCESS;UI-State-Reserve;;NEIN;JA
C:\Users\patsl\Downloads\DeutschZ_UI_Production_Kit\02_BUTTONS\Text\PLAY_NOW_warning.png;PLAY_NOW_warning.png;.png;760x150;5.066667;JA;11202;7DAE333669CDFF11A032AD078F103EF751796E0A47050408C51AD738C5EFBB33;BUTTON;WARNING;UI-State-Reserve;;NEIN;JA
C:\Users\patsl\Downloads\DeutschZ_UI_Production_Kit\02_BUTTONS\Text\PLAYLIST_OEFFNEN_active.paa;PLAYLIST_OEFFNEN_active.paa;.paa;;;NEIN;15907;8020D3137CB7B4DDCE2C7D2A7B0351BD099603E2EABD6ABB3FF8723BFE1BEEA8;BUTTON;ACTIVE;UI-State-Reserve;;NEIN;NEIN
C:\Users\patsl\Downloads\DeutschZ_UI_Production_Kit\02_BUTTONS\Text\PLAYLIST_OEFFNEN_active.png;PLAYLIST_OEFFNEN_active.png;.png;460x92;5.000000;JA;7280;2B06BA1115545229596412A2488CE09858269E0BD5F093A0B5A05E47E9795F7C;BUTTON;ACTIVE;UI-State-Reserve;;NEIN;JA
C:\Users\patsl\Downloads\DeutschZ_UI_Production_Kit\02_BUTTONS\Text\PLAYLIST_OEFFNEN_disabled.png;PLAYLIST_OEFFNEN_disabled.png;.png;460x92;5.000000;JA;5110;ACE55FC8EA206C4F9ACD391DD9BC7AEDC8581F506A3404158E0751070E9AEBAE;BUTTON;DISABLED;UI-State-Reserve;;NEIN;JA
C:\Users\patsl\Downloads\DeutschZ_UI_Production_Kit\02_BUTTONS\Text\PLAYLIST_OEFFNEN_hover.png;PLAYLIST_OEFFNEN_hover.png;.png;460x92;5.000000;JA;7321;B88052F61CD65FCE340A0AE362234196FFD3DEF91B11BF0B0D0EAFFE06542634;BUTTON;HOVER;UI-State-Reserve;;NEIN;JA
C:\Users\patsl\Downloads\DeutschZ_UI_Production_Kit\02_BUTTONS\Text\PLAYLIST_OEFFNEN_locked.paa;PLAYLIST_OEFFNEN_locked.paa;.paa;;;NEIN;15607;4D68200C6AE14A7A3F5CBA83839F4ECF04EB85B453CD98524061EFB5E9A1D825;BUTTON;LOCKED;UI-State-Reserve;;NEIN;NEIN
C:\Users\patsl\Downloads\DeutschZ_UI_Production_Kit\02_BUTTONS\Text\PLAYLIST_OEFFNEN_locked.png;PLAYLIST_OEFFNEN_locked.png;.png;460x92;5.000000;JA;7534;7F823F2B3BC63ADE959D91321A63FBD27BA61C4239148018F6EB108789F1327B;BUTTON;LOCKED;UI-State-Reserve;;NEIN;JA
C:\Users\patsl\Downloads\DeutschZ_UI_Production_Kit\02_BUTTONS\Text\PLAYLIST_OEFFNEN_normal.png;PLAYLIST_OEFFNEN_normal.png;.png;460x92;5.000000;JA;5527;94F62795A92E7D0356539048D6C4AA00EF1D0DA6F5EB500FA665071C19E154F3;BUTTON;NORMAL;UI-State-Reserve;;NEIN;JA
C:\Users\patsl\Downloads\DeutschZ_UI_Production_Kit\02_BUTTONS\Text\PLAYLIST_OEFFNEN_offline.png;PLAYLIST_OEFFNEN_offline.png;.png;460x92;5.000000;JA;5613;A88FD16EA11CD8BA4C965139AE4D23B9D26CBC7309AF580A9061CD8A54D8FADA;BUTTON;OFFLINE;UI-State-Reserve;;NEIN;JA
C:\Users\patsl\Downloads\DeutschZ_UI_Production_Kit\02_BUTTONS\Text\PLAYLIST_OEFFNEN_pressed.png;PLAYLIST_OEFFNEN_pressed.png;.png;460x92;5.000000;JA;7349;205634B0C9BD78A17909FB285AE5AB5FF832BD44EB6787FD5FCA0325AD8EF945;BUTTON;PRESSED;UI-State-Reserve;;NEIN;JA
C:\Users\patsl\Downloads\DeutschZ_UI_Production_Kit\02_BUTTONS\Text\PLAYLIST_OEFFNEN_selected.png;PLAYLIST_OEFFNEN_selected.png;.png;460x92;5.000000;JA;7283;F261688B086F6791A26EE9E2F8DC31507B587C0C80D49FEA6F8D54EB0E98FC5F;BUTTON;SELECTED;UI-State-Reserve;;NEIN;JA
C:\Users\patsl\Downloads\DeutschZ_UI_Production_Kit\02_BUTTONS\Text\PLAYLIST_OEFFNEN_success.png;PLAYLIST_OEFFNEN_success.png;.png;460x92;5.000000;JA;7406;3F702C772A0608690CCAEDC546120FE68D5A1773133496ECFA819075C5E4CC0B;BUTTON;SUCCESS;UI-State-Reserve;;NEIN;JA
C:\Users\patsl\Downloads\DeutschZ_UI_Production_Kit\02_BUTTONS\Text\PLAYLIST_OEFFNEN_warning.png;PLAYLIST_OEFFNEN_warning.png;.png;460x92;5.000000;JA;7627;82D79177BA53208D6EDE7903D7C7339043738F38E7CFF41BEC6D13E327B38F18;BUTTON;WARNING;UI-State-Reserve;;NEIN;JA
C:\Users\patsl\Downloads\DeutschZ_UI_Production_Kit\02_BUTTONS\Text\PROFIL_active.png;PROFIL_active.png;.png;360x112;3.214286;JA;6138;7BA62232833C45DFE8C60E57A8E44DCB434F2F1F5BDD159E91AD5028B1865DC7;BUTTON;ACTIVE;UI-State-Reserve;;NEIN;JA
C:\Users\patsl\Downloads\DeutschZ_UI_Production_Kit\02_BUTTONS\Text\PROFIL_disabled.png;PROFIL_disabled.png;.png;360x112;3.214286;JA;3765;5CFBFB6F8448C8A2C2123B06C4FF78460E1469D438101EDE37EF3817F4352843;BUTTON;DISABLED;UI-State-Reserve;;NEIN;JA
C:\Users\patsl\Downloads\DeutschZ_UI_Production_Kit\02_BUTTONS\Text\PROFIL_hover.paa;PROFIL_hover.paa;.paa;;;NEIN;14914;3982421480BC474B3E694A89252356910D6D81DBDBFD256C32DD4C68B608A443;BUTTON;HOVER;UI-State-Reserve;;NEIN;NEIN
C:\Users\patsl\Downloads\DeutschZ_UI_Production_Kit\02_BUTTONS\Text\PROFIL_hover.png;PROFIL_hover.png;.png;360x112;3.214286;JA;6073;EE558B0061AE6490AA05CA0F1E149310FB801568BFDF19B25BE01E175C32D6B8;BUTTON;HOVER;UI-State-Reserve;;NEIN;JA
C:\Users\patsl\Downloads\DeutschZ_UI_Production_Kit\02_BUTTONS\Text\PROFIL_locked.paa;PROFIL_locked.paa;.paa;;;NEIN;14759;2B8357B1590D6A2C9E469CA7B0C53D91D50B68DDC852A5708903AF4147ACEF91;BUTTON;LOCKED;UI-State-Reserve;;NEIN;NEIN
C:\Users\patsl\Downloads\DeutschZ_UI_Production_Kit\02_BUTTONS\Text\PROFIL_locked.png;PROFIL_locked.png;.png;360x112;3.214286;JA;6379;D5711456484083B2F2F2B19B2B66A6499AC54125D152DF3BC3DE3E52CACE2B74;BUTTON;LOCKED;UI-State-Reserve;;NEIN;JA
C:\Users\patsl\Downloads\DeutschZ_UI_Production_Kit\02_BUTTONS\Text\PROFIL_normal.png;PROFIL_normal.png;.png;360x112;3.214286;JA;4094;E81B3ACF35EE0DF44983F87ADC36BD02F04B7D177083F33A8DB58084A03F18EA;BUTTON;NORMAL;UI-State-Reserve;;NEIN;JA
C:\Users\patsl\Downloads\DeutschZ_UI_Production_Kit\02_BUTTONS\Text\PROFIL_offline.png;PROFIL_offline.png;.png;360x112;3.214286;JA;4139;151860C16272D2E868E5E72EF17D8D0589E6287A8DA82E525B26959FB18AD2ED;BUTTON;OFFLINE;UI-State-Reserve;;NEIN;JA
C:\Users\patsl\Downloads\DeutschZ_UI_Production_Kit\02_BUTTONS\Text\PROFIL_pressed.png;PROFIL_pressed.png;.png;360x112;3.214286;JA;6190;CB77D200ECEE0709AF3EF81BF86C120148CDAD9DA0D20EFA83713D1941F0560F;BUTTON;PRESSED;UI-State-Reserve;;NEIN;JA
C:\Users\patsl\Downloads\DeutschZ_UI_Production_Kit\02_BUTTONS\Text\PROFIL_selected.png;PROFIL_selected.png;.png;360x112;3.214286;JA;6170;C5162384568F1FBDBA3CC05DB0AEF9DCB032E5AF2D633CEF04E024DB152C096A;BUTTON;SELECTED;UI-State-Reserve;;NEIN;JA
C:\Users\patsl\Downloads\DeutschZ_UI_Production_Kit\02_BUTTONS\Text\PROFIL_success.png;PROFIL_success.png;.png;360x112;3.214286;JA;6164;8356A90F8308560AE993791B64A0E8BEC45C57A89E3D99EE8050118D7EC85E91;BUTTON;SUCCESS;UI-State-Reserve;;NEIN;JA
C:\Users\patsl\Downloads\DeutschZ_UI_Production_Kit\02_BUTTONS\Text\PROFIL_warning.png;PROFIL_warning.png;.png;360x112;3.214286;JA;6508;C5B8B032E8C0513D95C1765252A1934F20494E49426772F7F9E7F6FDA964F643;BUTTON;WARNING;UI-State-Reserve;;NEIN;JA
C:\Users\patsl\Downloads\DeutschZ_UI_Production_Kit\02_BUTTONS\Text\RANGLISTE_active.paa;RANGLISTE_active.paa;.paa;;;NEIN;15702;51280027DA666888973E8C6EF1053B6D3BD6B6C372A4F0FEC007E22B0444A495;BUTTON;ACTIVE;UI-State-Reserve;;NEIN;NEIN
C:\Users\patsl\Downloads\DeutschZ_UI_Production_Kit\02_BUTTONS\Text\RANGLISTE_active.png;RANGLISTE_active.png;.png;360x112;3.214286;JA;7917;884E6F222F4FC5AC2A2341BA38A73B83F6856E9E9606CB8E2915C0D14E1E205E;BUTTON;ACTIVE;UI-State-Reserve;;NEIN;JA
C:\Users\patsl\Downloads\DeutschZ_UI_Production_Kit\02_BUTTONS\Text\RANGLISTE_disabled.png;RANGLISTE_disabled.png;.png;360x112;3.214286;JA;5316;CE56F417A1FBD9B1339426B3AE41431D854291C735B80AD324865C9D87637344;BUTTON;DISABLED;UI-State-Reserve;;NEIN;JA
C:\Users\patsl\Downloads\DeutschZ_UI_Production_Kit\02_BUTTONS\Text\RANGLISTE_hover.png;RANGLISTE_hover.png;.png;360x112;3.214286;JA;7809;7D5EC59220AC5CA47B70FA784F06070F891435FC915AAF8C3A0F5652E854511F;BUTTON;HOVER;UI-State-Reserve;;NEIN;JA
C:\Users\patsl\Downloads\DeutschZ_UI_Production_Kit\02_BUTTONS\Text\RANGLISTE_locked.paa;RANGLISTE_locked.paa;.paa;;;NEIN;15410;230D315579E6333662C29B66F858EED20C81CE788ED8EEA9302B3E43ED9E2071;BUTTON;LOCKED;UI-State-Reserve;;NEIN;NEIN
C:\Users\patsl\Downloads\DeutschZ_UI_Production_Kit\02_BUTTONS\Text\RANGLISTE_locked.png;RANGLISTE_locked.png;.png;360x112;3.214286;JA;8111;DD6C4E2B13ACB8F978BEC8A170810A45B371186708C139C23449F43637EADF5E;BUTTON;LOCKED;UI-State-Reserve;;NEIN;JA
C:\Users\patsl\Downloads\DeutschZ_UI_Production_Kit\02_BUTTONS\Text\RANGLISTE_normal.png;RANGLISTE_normal.png;.png;360x112;3.214286;JA;5799;4256E4833AF228D1DE1478F016EA143B0CE8FEEF7CA526798E4B88D09B9B0829;BUTTON;NORMAL;UI-State-Reserve;;NEIN;JA
C:\Users\patsl\Downloads\DeutschZ_UI_Production_Kit\02_BUTTONS\Text\RANGLISTE_offline.png;RANGLISTE_offline.png;.png;360x112;3.214286;JA;5842;60919B516344C1A8BE2819F6ACA6FBFDB2347CB411D5A48EE7F8FCD92E153646;BUTTON;OFFLINE;UI-State-Reserve;;NEIN;JA
C:\Users\patsl\Downloads\DeutschZ_UI_Production_Kit\02_BUTTONS\Text\RANGLISTE_pressed.png;RANGLISTE_pressed.png;.png;360x112;3.214286;JA;7856;77E2416AEFD94DA4337B03B1662D95B305BAB41781E4E1DD86B02C3FEC747276;BUTTON;PRESSED;UI-State-Reserve;;NEIN;JA
C:\Users\patsl\Downloads\DeutschZ_UI_Production_Kit\02_BUTTONS\Text\RANGLISTE_selected.png;RANGLISTE_selected.png;.png;360x112;3.214286;JA;7896;C919C77E17A588970099E8B0464B063A4C64C262720A5778B699538D792E6E78;BUTTON;SELECTED;UI-State-Reserve;;NEIN;JA
C:\Users\patsl\Downloads\DeutschZ_UI_Production_Kit\02_BUTTONS\Text\RANGLISTE_success.png;RANGLISTE_success.png;.png;360x112;3.214286;JA;7879;2EC182D7737323A21E26BD2CB0C14504E0EC2B4435246DCE24EB175690543638;BUTTON;SUCCESS;UI-State-Reserve;;NEIN;JA
C:\Users\patsl\Downloads\DeutschZ_UI_Production_Kit\02_BUTTONS\Text\RANGLISTE_warning.png;RANGLISTE_warning.png;.png;360x112;3.214286;JA;8242;24A0DC0545DBBCE150DDD3521472C08EA31F7764F65BF6F2CEC40A70345A9FC9;BUTTON;WARNING;UI-State-Reserve;;NEIN;JA
C:\Users\patsl\Downloads\DeutschZ_UI_Production_Kit\02_BUTTONS\Text\REGELN_active.paa;REGELN_active.paa;.paa;;;NEIN;15011;A5ABF56EB8D20B18F72C0340A1EC1D48B18732D77F5EEF2C48BAD47072DB2682;BUTTON;ACTIVE;UI-State-Reserve;;NEIN;NEIN
C:\Users\patsl\Downloads\DeutschZ_UI_Production_Kit\02_BUTTONS\Text\REGELN_active.png;REGELN_active.png;.png;360x112;3.214286;JA;6116;A62D13AFB3E6F6C26B4DF9A1916CD2352B81706F37D28BF34E93A2F0A7053D8C;BUTTON;ACTIVE;UI-State-Reserve;;NEIN;JA
C:\Users\patsl\Downloads\DeutschZ_UI_Production_Kit\02_BUTTONS\Text\REGELN_disabled.png;REGELN_disabled.png;.png;360x112;3.214286;JA;3716;1C4525F7B0BD8B2AFE8D6889C1650E8041F8736DD594162DDB3FB0C1DFB6AD44;BUTTON;DISABLED;UI-State-Reserve;;NEIN;JA
C:\Users\patsl\Downloads\DeutschZ_UI_Production_Kit\02_BUTTONS\Text\REGELN_hover.png;REGELN_hover.png;.png;360x112;3.214286;JA;5939;8BB7A02092E1694D8B38492348AB91B0A7F67EBC463B7F071B41801E998B2E87;BUTTON;HOVER;UI-State-Reserve;;NEIN;JA
C:\Users\patsl\Downloads\DeutschZ_UI_Production_Kit\02_BUTTONS\Text\REGELN_locked.paa;REGELN_locked.paa;.paa;;;NEIN;14799;EBB3B6E990F3419AB2E667038095029DAA438E544659081C952095C2289FAF2C;BUTTON;LOCKED;UI-State-Reserve;;NEIN;NEIN
C:\Users\patsl\Downloads\DeutschZ_UI_Production_Kit\02_BUTTONS\Text\REGELN_locked.png;REGELN_locked.png;.png;360x112;3.214286;JA;6253;EE34BC8DE776167FB2A8A4BF7EF70B9FB40CE601306A9A8D60405F12BAC2E459;BUTTON;LOCKED;UI-State-Reserve;;NEIN;JA
C:\Users\patsl\Downloads\DeutschZ_UI_Production_Kit\02_BUTTONS\Text\REGELN_normal.png;REGELN_normal.png;.png;360x112;3.214286;JA;3998;D0DE89667DE55061C874C6F1ABDFF2EF5B4942D292D3FC4DF44632F822363298;BUTTON;NORMAL;UI-State-Reserve;;NEIN;JA
C:\Users\patsl\Downloads\DeutschZ_UI_Production_Kit\02_BUTTONS\Text\REGELN_offline.png;REGELN_offline.png;.png;360x112;3.214286;JA;4017;24F3E2B4F7BE1DFB4E2F660890E08B0C971BA99C05F07F5E0894DB1A43468DAF;BUTTON;OFFLINE;UI-State-Reserve;;NEIN;JA
C:\Users\patsl\Downloads\DeutschZ_UI_Production_Kit\02_BUTTONS\Text\REGELN_pressed.png;REGELN_pressed.png;.png;360x112;3.214286;JA;6083;DBB2F50F9079E5ACCE4113C684AA62409A009BC389BE0AC321687D02376FE3A5;BUTTON;PRESSED;UI-State-Reserve;;NEIN;JA
C:\Users\patsl\Downloads\DeutschZ_UI_Production_Kit\02_BUTTONS\Text\REGELN_selected.png;REGELN_selected.png;.png;360x112;3.214286;JA;6086;0B55203EC18DB4FF661C639F24FF8CD5259F0F111071130A3E27575644C5312B;BUTTON;SELECTED;UI-State-Reserve;;NEIN;JA
C:\Users\patsl\Downloads\DeutschZ_UI_Production_Kit\02_BUTTONS\Text\REGELN_success.png;REGELN_success.png;.png;360x112;3.214286;JA;5969;586A6DBBA39ACBE061572742A3EFA563D8769327574B76002DF46F04DB1A7EC2;BUTTON;SUCCESS;UI-State-Reserve;;NEIN;JA
C:\Users\patsl\Downloads\DeutschZ_UI_Production_Kit\02_BUTTONS\Text\REGELN_warning.png;REGELN_warning.png;.png;360x112;3.214286;JA;6455;F5FA67041DA1D7ACAF87A8463D9744D19CA20929E36679314B23F3130933A821;BUTTON;WARNING;UI-State-Reserve;;NEIN;JA
C:\Users\patsl\Downloads\DeutschZ_UI_Production_Kit\02_BUTTONS\Text\SERVER_SUCHEN_active.paa;SERVER_SUCHEN_active.paa;.paa;;;NEIN;28961;A4937EE4F421D753763F4BEAF16DB867DE476A957B93BB76255230C0D83E231B;BUTTON;ACTIVE;UI-State-Reserve;;NEIN;NEIN
C:\Users\patsl\Downloads\DeutschZ_UI_Production_Kit\02_BUTTONS\Text\SERVER_SUCHEN_active.png;SERVER_SUCHEN_active.png;.png;760x118;6.440678;JA;9314;790DC51B4AC7C9A5CA96DD59644A0954A71FBBB6DFEA7052FA084F7691650E2A;BUTTON;ACTIVE;UI-State-Reserve;;NEIN;JA
C:\Users\patsl\Downloads\DeutschZ_UI_Production_Kit\02_BUTTONS\Text\SERVER_SUCHEN_disabled.png;SERVER_SUCHEN_disabled.png;.png;760x118;6.440678;JA;6585;4E8A2C4BCD50C7D5FB14D3074F77C4EDF9EDDA52B9EC721755DEA298D69B4462;BUTTON;DISABLED;buttons/server_suchen_disabled.paa;;JA;NEIN
C:\Users\patsl\Downloads\DeutschZ_UI_Production_Kit\02_BUTTONS\Text\SERVER_SUCHEN_hover.png;SERVER_SUCHEN_hover.png;.png;760x118;6.440678;JA;9333;490736A0E703D095D25B1E2BDD057003077982DF3AD1547CE55E752E3A8714DC;BUTTON;HOVER;buttons/server_suchen_hover.paa;;JA;NEIN
C:\Users\patsl\Downloads\DeutschZ_UI_Production_Kit\02_BUTTONS\Text\SERVER_SUCHEN_locked.paa;SERVER_SUCHEN_locked.paa;.paa;;;NEIN;28693;3D219E669C85D6548E21AC18E7FB691C3E149C8C6D0A5036BE92249B8FBC1771;BUTTON;LOCKED;UI-State-Reserve;;NEIN;NEIN
C:\Users\patsl\Downloads\DeutschZ_UI_Production_Kit\02_BUTTONS\Text\SERVER_SUCHEN_locked.png;SERVER_SUCHEN_locked.png;.png;760x118;6.440678;JA;9494;BBD8E846768E9AD44AF60DD5B7723CC5F03A386F3A19188921C6ABD9B6A0A79F;BUTTON;LOCKED;UI-State-Reserve;;NEIN;JA
C:\Users\patsl\Downloads\DeutschZ_UI_Production_Kit\02_BUTTONS\Text\SERVER_SUCHEN_normal.png;SERVER_SUCHEN_normal.png;.png;760x118;6.440678;JA;6971;FE248DBB295047ED069C46777C7E48416F5DD2F656D6EA22F2C3CAF2DD08ED76;BUTTON;NORMAL;buttons/server_suchen_normal.paa;;JA;NEIN
C:\Users\patsl\Downloads\DeutschZ_UI_Production_Kit\02_BUTTONS\Text\SERVER_SUCHEN_offline.png;SERVER_SUCHEN_offline.png;.png;760x118;6.440678;JA;7139;9B6B761B91C4CDD569DE80F3B5A06AA46916D03DA9B301F7F49B76BE77D51590;BUTTON;OFFLINE;UI-State-Reserve;;NEIN;JA
C:\Users\patsl\Downloads\DeutschZ_UI_Production_Kit\02_BUTTONS\Text\SERVER_SUCHEN_pressed.png;SERVER_SUCHEN_pressed.png;.png;760x118;6.440678;JA;9288;D4513148E1B2AEF11784919A5B8842BEB2B074A5142EC578762C68B4346DA824;BUTTON;PRESSED;buttons/server_suchen_pressed.paa;;JA;NEIN
C:\Users\patsl\Downloads\DeutschZ_UI_Production_Kit\02_BUTTONS\Text\SERVER_SUCHEN_selected.png;SERVER_SUCHEN_selected.png;.png;760x118;6.440678;JA;9334;3425F2109DA4771B66EA4A3D4B6B3A89C6F8CB26C5157ACD5657508D96F6501E;BUTTON;SELECTED;buttons/server_suchen_selected.paa;;JA;NEIN
C:\Users\patsl\Downloads\DeutschZ_UI_Production_Kit\02_BUTTONS\Text\SERVER_SUCHEN_success.png;SERVER_SUCHEN_success.png;.png;760x118;6.440678;JA;9408;3BBE6FDBF9151043F5A3BEAE1E408D32DC988109A32EF417398318A7D1FB7DEE;BUTTON;SUCCESS;UI-State-Reserve;;NEIN;JA
C:\Users\patsl\Downloads\DeutschZ_UI_Production_Kit\02_BUTTONS\Text\SERVER_SUCHEN_warning.png;SERVER_SUCHEN_warning.png;.png;760x118;6.440678;JA;9638;09B5EE8647C137EF788FC9215D2291E2E917EAE5E3AFDF29B1C35444A6167A46;BUTTON;WARNING;UI-State-Reserve;;NEIN;JA
C:\Users\patsl\Downloads\DeutschZ_UI_Production_Kit\02_BUTTONS\Text\SHOP_active.paa;SHOP_active.paa;.paa;;;NEIN;15098;BCE6B77FEAEFD596944F1111987F6052581C432B23E1367895D3D8CD88A38A91;BUTTON;ACTIVE;UI-State-Reserve;;NEIN;NEIN
C:\Users\patsl\Downloads\DeutschZ_UI_Production_Kit\02_BUTTONS\Text\SHOP_active.png;SHOP_active.png;.png;360x112;3.214286;JA;6494;62F208DE893835B2803687BE8CBAFB5F020741E763FA9FE20AD3F6F96B26AC96;BUTTON;ACTIVE;UI-State-Reserve;;NEIN;JA
C:\Users\patsl\Downloads\DeutschZ_UI_Production_Kit\02_BUTTONS\Text\SHOP_disabled.png;SHOP_disabled.png;.png;360x112;3.214286;JA;4081;5DEB0904B1402242FA380D1C879F01A8C212197091F08E3E7222DBA5216394B4;BUTTON;DISABLED;UI-State-Reserve;;NEIN;JA
C:\Users\patsl\Downloads\DeutschZ_UI_Production_Kit\02_BUTTONS\Text\SHOP_hover.png;SHOP_hover.png;.png;360x112;3.214286;JA;6403;69CB69B07069FAE2B88CC7F33078752B766320AF43D4BC82D8E2FAF87E967CE9;BUTTON;HOVER;UI-State-Reserve;;NEIN;JA
C:\Users\patsl\Downloads\DeutschZ_UI_Production_Kit\02_BUTTONS\Text\SHOP_locked.paa;SHOP_locked.paa;.paa;;;NEIN;14841;97BC53189A76803CC8988F737FC9F89F9632DA5160CF21B96255F8E1633955BC;BUTTON;LOCKED;UI-State-Reserve;;NEIN;NEIN
C:\Users\patsl\Downloads\DeutschZ_UI_Production_Kit\02_BUTTONS\Text\SHOP_locked.png;SHOP_locked.png;.png;360x112;3.214286;JA;6624;C8D4DA5E89A58990C1255ECADC3CF4226BA32E82D8125906663E8C2FCAF9687F;BUTTON;LOCKED;UI-State-Reserve;;NEIN;JA
C:\Users\patsl\Downloads\DeutschZ_UI_Production_Kit\02_BUTTONS\Text\SHOP_normal.png;SHOP_normal.png;.png;360x112;3.214286;JA;4354;F91CBCAB1A6DFF68B060CF7028D7FD50EAAD2F336389369FDFA86750CA44CE97;BUTTON;NORMAL;UI-State-Reserve;;NEIN;JA
C:\Users\patsl\Downloads\DeutschZ_UI_Production_Kit\02_BUTTONS\Text\SHOP_offline.png;SHOP_offline.png;.png;360x112;3.214286;JA;4423;EBED7893C621A2F357339AE88DF452F626E8B7B2EFB87327CBA1EDAB2119349D;BUTTON;OFFLINE;UI-State-Reserve;;NEIN;JA
C:\Users\patsl\Downloads\DeutschZ_UI_Production_Kit\02_BUTTONS\Text\SHOP_pressed.png;SHOP_pressed.png;.png;360x112;3.214286;JA;6474;A71CEB2B6791932CE364DF86D87F4253A241B86093A8692DC3A78E1E47435393;BUTTON;PRESSED;UI-State-Reserve;;NEIN;JA
C:\Users\patsl\Downloads\DeutschZ_UI_Production_Kit\02_BUTTONS\Text\SHOP_selected.png;SHOP_selected.png;.png;360x112;3.214286;JA;6475;5B4F8067348FA5C609FF2F697DDB5F8A2BDF6078CBD1D4B89B3A3C005E12159C;BUTTON;SELECTED;UI-State-Reserve;;NEIN;JA
C:\Users\patsl\Downloads\DeutschZ_UI_Production_Kit\02_BUTTONS\Text\SHOP_success.png;SHOP_success.png;.png;360x112;3.214286;JA;6405;6FC7DC193DB189A26792F64EBD5252E3D5ABC53130FCFB46EE770C2F99B5E8D9;BUTTON;SUCCESS;UI-State-Reserve;;NEIN;JA
C:\Users\patsl\Downloads\DeutschZ_UI_Production_Kit\02_BUTTONS\Text\SHOP_warning.png;SHOP_warning.png;.png;360x112;3.214286;JA;6844;229EBA3F657E6218A909B3BBCB9E713B44A3BECF01B1DB8B13E0F1023F1C8A52;BUTTON;WARNING;UI-State-Reserve;;NEIN;JA
C:\Users\patsl\Downloads\DeutschZ_UI_Production_Kit\02_BUTTONS\Text\SUPPORT_active.paa;SUPPORT_active.paa;.paa;;;NEIN;15617;EFCDF9357123BF095C74C0D2D34BFA120197017B6985AB9B1BCDF38C21EE1AAE;BUTTON;ACTIVE;UI-State-Reserve;;NEIN;NEIN
C:\Users\patsl\Downloads\DeutschZ_UI_Production_Kit\02_BUTTONS\Text\SUPPORT_active.png;SUPPORT_active.png;.png;360x112;3.214286;JA;7722;4906104D3B1FBE83EF94F1511AFCE8EC8545CBC23E041138B166D9CABAB81768;BUTTON;ACTIVE;UI-State-Reserve;;NEIN;JA
C:\Users\patsl\Downloads\DeutschZ_UI_Production_Kit\02_BUTTONS\Text\SUPPORT_disabled.png;SUPPORT_disabled.png;.png;360x112;3.214286;JA;5103;F28EA2B2A455DA12969B2EF5B8991E6FBD9BEB180A76E55A63D1E7CEFDF69827;BUTTON;DISABLED;UI-State-Reserve;;NEIN;JA
C:\Users\patsl\Downloads\DeutschZ_UI_Production_Kit\02_BUTTONS\Text\SUPPORT_hover.png;SUPPORT_hover.png;.png;360x112;3.214286;JA;7567;CE7A386275695D03F79CF915FB086800B35DE07BDED6CF5415701360432E330B;BUTTON;HOVER;UI-State-Reserve;;NEIN;JA
C:\Users\patsl\Downloads\DeutschZ_UI_Production_Kit\02_BUTTONS\Text\SUPPORT_locked.paa;SUPPORT_locked.paa;.paa;;;NEIN;15288;F43826B27C9D511726984A8B68C94B115911C476CBED2393509B6C86EAF1A5E4;BUTTON;LOCKED;UI-State-Reserve;;NEIN;NEIN
C:\Users\patsl\Downloads\DeutschZ_UI_Production_Kit\02_BUTTONS\Text\SUPPORT_locked.png;SUPPORT_locked.png;.png;360x112;3.214286;JA;7893;A2EEFC118DD256AD25A33FD0EA022EFB5F45E46E77E948CF82CC08C3AFE75FB5;BUTTON;LOCKED;UI-State-Reserve;;NEIN;JA
C:\Users\patsl\Downloads\DeutschZ_UI_Production_Kit\02_BUTTONS\Text\SUPPORT_normal.png;SUPPORT_normal.png;.png;360x112;3.214286;JA;5566;3820BD53C91707A1931E27C0D5C4075FC506EC450A35D2CE1E2FD0C4D8AE9343;BUTTON;NORMAL;UI-State-Reserve;;NEIN;JA
C:\Users\patsl\Downloads\DeutschZ_UI_Production_Kit\02_BUTTONS\Text\SUPPORT_offline.png;SUPPORT_offline.png;.png;360x112;3.214286;JA;5629;5B82D8363EA5C2BA6E0AA35393F88EB629D439C95B86D2489ACFED739C7AC995;BUTTON;OFFLINE;UI-State-Reserve;;NEIN;JA
C:\Users\patsl\Downloads\DeutschZ_UI_Production_Kit\02_BUTTONS\Text\SUPPORT_pressed.png;SUPPORT_pressed.png;.png;360x112;3.214286;JA;7729;D3F6892222DA679DC104713A69B5ADD068A59210E11C8106CB1AEDBAE58DED54;BUTTON;PRESSED;UI-State-Reserve;;NEIN;JA
C:\Users\patsl\Downloads\DeutschZ_UI_Production_Kit\02_BUTTONS\Text\SUPPORT_selected.png;SUPPORT_selected.png;.png;360x112;3.214286;JA;7726;9A6EDEB4FBD43EF00C9E8BDA80A88FEFF393B79EA1ECC1B8EEC1C5CD57E47CBE;BUTTON;SELECTED;UI-State-Reserve;;NEIN;JA
C:\Users\patsl\Downloads\DeutschZ_UI_Production_Kit\02_BUTTONS\Text\SUPPORT_success.png;SUPPORT_success.png;.png;360x112;3.214286;JA;7718;F029A91C3C9A00E280B14A78D3410CB7F93578627B9BAEFEE74AE427EFC06C52;BUTTON;SUCCESS;UI-State-Reserve;;NEIN;JA
C:\Users\patsl\Downloads\DeutschZ_UI_Production_Kit\02_BUTTONS\Text\SUPPORT_warning.png;SUPPORT_warning.png;.png;360x112;3.214286;JA;8052;B1F5951EC6D47FF5AC93990A62117CC237838A037E3DE05D41EC7F55E0A0F89C;BUTTON;WARNING;UI-State-Reserve;;NEIN;JA
C:\Users\patsl\Downloads\DeutschZ_UI_Production_Kit\02_BUTTONS\Text\VOTE_active.paa;VOTE_active.paa;.paa;;;NEIN;28274;0E0C3E09C9BCC48280E25997DFE3090CAA912A82CF007BF2FDA02805F47D379D;BUTTON;ACTIVE;UI-State-Reserve;;NEIN;NEIN
C:\Users\patsl\Downloads\DeutschZ_UI_Production_Kit\02_BUTTONS\Text\VOTE_active.png;VOTE_active.png;.png;760x118;6.440678;JA;6688;1AEBB68869A5386141EA61545BCE27DE3AB42571B5620A3B014E74B62CCC7173;BUTTON;ACTIVE;UI-State-Reserve;;NEIN;JA
C:\Users\patsl\Downloads\DeutschZ_UI_Production_Kit\02_BUTTONS\Text\VOTE_disabled.png;VOTE_disabled.png;.png;760x118;6.440678;JA;4155;41461991E4F2CA74FC6258F3DD83747F835938B9831C01A38A68AA5ABF1F6680;BUTTON;DISABLED;buttons/vote_disabled.paa;;JA;NEIN
C:\Users\patsl\Downloads\DeutschZ_UI_Production_Kit\02_BUTTONS\Text\VOTE_hover.png;VOTE_hover.png;.png;760x118;6.440678;JA;6670;A4858AD955AB7640BB900B9979A1D5E2111F64B38D49A3B3FDB47A8AEA213F29;BUTTON;HOVER;buttons/vote_hover.paa;;JA;NEIN
C:\Users\patsl\Downloads\DeutschZ_UI_Production_Kit\02_BUTTONS\Text\VOTE_locked.paa;VOTE_locked.paa;.paa;;;NEIN;28108;DF91BB36711174AD3355B6A6AB04B9A6F3FD69228F2E35214DC42763305C5AD0;BUTTON;LOCKED;UI-State-Reserve;;NEIN;NEIN
C:\Users\patsl\Downloads\DeutschZ_UI_Production_Kit\02_BUTTONS\Text\VOTE_locked.png;VOTE_locked.png;.png;760x118;6.440678;JA;6788;9448AEBA92A5C2F9C2BA5819548601D1E109F553EA13E1F8082C7C5B7D1E1A95;BUTTON;LOCKED;UI-State-Reserve;;NEIN;JA
C:\Users\patsl\Downloads\DeutschZ_UI_Production_Kit\02_BUTTONS\Text\VOTE_normal.png;VOTE_normal.png;.png;760x118;6.440678;JA;4432;F3F11AA7B1C1D9D190521C85F9517CE36691AD6F89F6E2A583EF8761DF1AF53D;BUTTON;NORMAL;buttons/vote_normal.paa;;JA;NEIN
C:\Users\patsl\Downloads\DeutschZ_UI_Production_Kit\02_BUTTONS\Text\VOTE_offline.png;VOTE_offline.png;.png;760x118;6.440678;JA;4492;E861D2AB5EBD3BB0EB3D53E00ADE568352A93044E9226805F9C1FDDCBBE0BF28;BUTTON;OFFLINE;UI-State-Reserve;;NEIN;JA
C:\Users\patsl\Downloads\DeutschZ_UI_Production_Kit\02_BUTTONS\Text\VOTE_pressed.png;VOTE_pressed.png;.png;760x118;6.440678;JA;6682;ECECC1F21AC17BA0EC5CF22CB14F2209C1058FC76CB6A5839502A63C34AA4501;BUTTON;PRESSED;buttons/vote_pressed.paa;;JA;NEIN
C:\Users\patsl\Downloads\DeutschZ_UI_Production_Kit\02_BUTTONS\Text\VOTE_selected.png;VOTE_selected.png;.png;760x118;6.440678;JA;6740;FE949EBC08565888C58A5CE78813B61528987AECF29651E86CFACDD9B9A4BA51;BUTTON;SELECTED;buttons/vote_selected.paa;;JA;NEIN
C:\Users\patsl\Downloads\DeutschZ_UI_Production_Kit\02_BUTTONS\Text\VOTE_success.png;VOTE_success.png;.png;760x118;6.440678;JA;6842;05F779AA1A5570A4454BA1AFF7F7489522AE87CB046A2022F155F33CE35AD42C;BUTTON;SUCCESS;UI-State-Reserve;;NEIN;JA
C:\Users\patsl\Downloads\DeutschZ_UI_Production_Kit\02_BUTTONS\Text\VOTE_warning.png;VOTE_warning.png;.png;760x118;6.440678;JA;7019;46FC54FBE088CA315FD2FA25E11959986B2656256C75D1B6BB9D8514FDF63797;BUTTON;WARNING;UI-State-Reserve;;NEIN;JA
C:\Users\patsl\Downloads\DeutschZ_UI_Production_Kit\02_BUTTONS\Text\WEBSITE_active.png;WEBSITE_active.png;.png;360x112;3.214286;JA;7036;D2E121D38B29815AB8C14B9BA75DCC32A9B6B4F34A3C933F7D452FF473A61069;BUTTON;ACTIVE;UI-State-Reserve;;NEIN;JA
C:\Users\patsl\Downloads\DeutschZ_UI_Production_Kit\02_BUTTONS\Text\WEBSITE_disabled.png;WEBSITE_disabled.png;.png;360x112;3.214286;JA;4616;57D73FEF69DABFC8FCF0B89D5BAB053F0016588502C304DFC64480E5E38AF72F;BUTTON;DISABLED;buttons/website_disabled.paa;;JA;NEIN
C:\Users\patsl\Downloads\DeutschZ_UI_Production_Kit\02_BUTTONS\Text\WEBSITE_hover.paa;WEBSITE_hover.paa;.paa;;;NEIN;15634;9C534039E5DB6B6BAD4E4ED988D0E8175FD614F5BC7E305E9DF980758D9C6F6F;BUTTON;HOVER;UI-State-Reserve;;NEIN;NEIN
C:\Users\patsl\Downloads\DeutschZ_UI_Production_Kit\02_BUTTONS\Text\WEBSITE_hover.png;WEBSITE_hover.png;.png;360x112;3.214286;JA;7054;7784B28B3BB0A3527D8FDD58933AEB099A03E9155EA9EF88E05CCA6704A9CBCC;BUTTON;HOVER;buttons/website_hover.paa;;JA;NEIN
C:\Users\patsl\Downloads\DeutschZ_UI_Production_Kit\02_BUTTONS\Text\WEBSITE_locked.paa;WEBSITE_locked.paa;.paa;;;NEIN;15412;DE585392B2678C4860BFD0134783E2D578F78D654A34522DFAB0F0F424ADEBC7;BUTTON;LOCKED;UI-State-Reserve;;NEIN;NEIN
C:\Users\patsl\Downloads\DeutschZ_UI_Production_Kit\02_BUTTONS\Text\WEBSITE_locked.png;WEBSITE_locked.png;.png;360x112;3.214286;JA;7199;DB576FA4640A925C68DA6EB3FA3543083D602307C9E0883CB2BFB9F401F92E93;BUTTON;LOCKED;UI-State-Reserve;;NEIN;JA
C:\Users\patsl\Downloads\DeutschZ_UI_Production_Kit\02_BUTTONS\Text\WEBSITE_normal.png;WEBSITE_normal.png;.png;360x112;3.214286;JA;4977;85700E31F4C9E5E0A525799EC4DF7746F6ACA69333F3B43C135F4DBD2F3B88CF;BUTTON;NORMAL;buttons/website_normal.paa;;JA;NEIN
C:\Users\patsl\Downloads\DeutschZ_UI_Production_Kit\02_BUTTONS\Text\WEBSITE_offline.png;WEBSITE_offline.png;.png;360x112;3.214286;JA;5006;628D576191B1163340B32123F43C5B8EF0F82654358FA8840CB6700146A07DCF;BUTTON;OFFLINE;UI-State-Reserve;;NEIN;JA
C:\Users\patsl\Downloads\DeutschZ_UI_Production_Kit\02_BUTTONS\Text\WEBSITE_pressed.png;WEBSITE_pressed.png;.png;360x112;3.214286;JA;7061;3C87BD3B01B275C12B20675C9FA4B34FC8F12F4CBCB7DAA98D94306FDFF70356;BUTTON;PRESSED;buttons/website_pressed.paa;;JA;NEIN
C:\Users\patsl\Downloads\DeutschZ_UI_Production_Kit\02_BUTTONS\Text\WEBSITE_selected.png;WEBSITE_selected.png;.png;360x112;3.214286;JA;7053;22B8289FC6072BE7E885B503A0246B2CACDD55174D768D3709C5353002FDF1D0;BUTTON;SELECTED;buttons/website_selected.paa;;JA;NEIN
C:\Users\patsl\Downloads\DeutschZ_UI_Production_Kit\02_BUTTONS\Text\WEBSITE_success.png;WEBSITE_success.png;.png;360x112;3.214286;JA;6980;F43CD657C92863EEC23EAC3448DE462252F6704F9D9FC708B920A4F1A0442AF1;BUTTON;SUCCESS;UI-State-Reserve;;NEIN;JA
C:\Users\patsl\Downloads\DeutschZ_UI_Production_Kit\02_BUTTONS\Text\WEBSITE_warning.png;WEBSITE_warning.png;.png;360x112;3.214286;JA;7428;90779F26A856378A3061FF6DCF8CFDDB8049C1F4DE9622E45BB37D0E938BC8CD;BUTTON;WARNING;UI-State-Reserve;;NEIN;JA
C:\Users\patsl\Downloads\DeutschZ_UI_Production_Kit\02_BUTTONS\Text\ZURUECK_active.png;ZURUECK_active.png;.png;360x100;3.600000;JA;6480;76DAEE373084DAB292967CF634C4655465E31E840725C634CEAB584240F8E1D7;BUTTON;ACTIVE;UI-State-Reserve;;NEIN;JA
C:\Users\patsl\Downloads\DeutschZ_UI_Production_Kit\02_BUTTONS\Text\ZURUECK_disabled.png;ZURUECK_disabled.png;.png;360x100;3.600000;JA;4226;A06BABA7F4AE7C96F89E7F37A042EE5C217E72A3F35750C2736376DD7D9A42AD;BUTTON;DISABLED;UI-State-Reserve;;NEIN;JA
C:\Users\patsl\Downloads\DeutschZ_UI_Production_Kit\02_BUTTONS\Text\ZURUECK_hover.paa;ZURUECK_hover.paa;.paa;;;NEIN;13379;178BC00650A73F9E4F83329C6791BCFBB2E094964011472A5D10462107D0B9F8;BUTTON;HOVER;UI-State-Reserve;;NEIN;NEIN
C:\Users\patsl\Downloads\DeutschZ_UI_Production_Kit\02_BUTTONS\Text\ZURUECK_hover.png;ZURUECK_hover.png;.png;360x100;3.600000;JA;6398;A260C679D71C597EB43060CC996019F7590F2AEDD3D0D493EAEC45011145A20D;BUTTON;HOVER;UI-State-Reserve;;NEIN;JA
C:\Users\patsl\Downloads\DeutschZ_UI_Production_Kit\02_BUTTONS\Text\ZURUECK_locked.paa;ZURUECK_locked.paa;.paa;;;NEIN;13225;B79A67F4E104F8D8AD3C8C7C364E785F6E151DF42F311FB80500AE88579F0B99;BUTTON;LOCKED;UI-State-Reserve;;NEIN;NEIN
C:\Users\patsl\Downloads\DeutschZ_UI_Production_Kit\02_BUTTONS\Text\ZURUECK_locked.png;ZURUECK_locked.png;.png;360x100;3.600000;JA;6654;354BA203D97C7272C2266F9947C34928D95518309FAFDD07A7CD3E3830C4BE2E;BUTTON;LOCKED;UI-State-Reserve;;NEIN;JA
C:\Users\patsl\Downloads\DeutschZ_UI_Production_Kit\02_BUTTONS\Text\ZURUECK_normal.png;ZURUECK_normal.png;.png;360x100;3.600000;JA;4562;22AA395C71877EED1816E8B0EE2FB886C7F7961A8F5758140568FC81A0C9CA12;BUTTON;NORMAL;UI-State-Reserve;;NEIN;JA
C:\Users\patsl\Downloads\DeutschZ_UI_Production_Kit\02_BUTTONS\Text\ZURUECK_offline.png;ZURUECK_offline.png;.png;360x100;3.600000;JA;4638;10CBBCADE10072C910868D48328FFB6E726D243D8788E7A3B97B54D1BA181C37;BUTTON;OFFLINE;UI-State-Reserve;;NEIN;JA
C:\Users\patsl\Downloads\DeutschZ_UI_Production_Kit\02_BUTTONS\Text\ZURUECK_pressed.png;ZURUECK_pressed.png;.png;360x100;3.600000;JA;6521;682B5882BCCF8F995422EB180D6B7DE9AD56778964966F43ABEA55FC30E63772;BUTTON;PRESSED;UI-State-Reserve;;NEIN;JA
C:\Users\patsl\Downloads\DeutschZ_UI_Production_Kit\02_BUTTONS\Text\ZURUECK_selected.png;ZURUECK_selected.png;.png;360x100;3.600000;JA;6447;3302990C191C94B5DEE512273CD4FDA4C9EE1C09329E69D027E24D927D23A269;BUTTON;SELECTED;UI-State-Reserve;;NEIN;JA
C:\Users\patsl\Downloads\DeutschZ_UI_Production_Kit\02_BUTTONS\Text\ZURUECK_success.png;ZURUECK_success.png;.png;360x100;3.600000;JA;6666;B4F469736D88B8930EDDCF338C55A3E5AA6F3740C7D40A379658E4041B4B1E98;BUTTON;SUCCESS;UI-State-Reserve;;NEIN;JA
C:\Users\patsl\Downloads\DeutschZ_UI_Production_Kit\02_BUTTONS\Text\ZURUECK_warning.png;ZURUECK_warning.png;.png;360x100;3.600000;JA;6802;1FD7737316A078257F0C5CCB911CF34B83ABD5BA23D6854C97A199477766E930;BUTTON;WARNING;UI-State-Reserve;;NEIN;JA
C:\Users\patsl\Downloads\DeutschZ_UI_Production_Kit\03_ICONS\Events\events_active.paa;events_active.paa;.paa;;;NEIN;27475;AB04804926F9730790C87F9F21A264FF60219D092711DC6481E23B23D0E146EA;ICON;ACTIVE;UI-State-Reserve;;NEIN;NEIN
C:\Users\patsl\Downloads\DeutschZ_UI_Production_Kit\03_ICONS\Events\events_active.png;events_active.png;.png;256x256;1.000000;JA;6604;D39B7A0AA838772720F353F32F2AAE5467B74504600EA167A7B09EEA2F0370BE;ICON;ACTIVE;UI-State-Reserve;;NEIN;JA
C:\Users\patsl\Downloads\DeutschZ_UI_Production_Kit\03_ICONS\Events\events_disabled.paa;events_disabled.paa;.paa;;;NEIN;24209;16CE2DD8F9CDB7E6C2DFA46761FF9DFD6B8C7169E00E33D36898CAB767A1470B;ICON;DISABLED;UI-State-Reserve;;NEIN;NEIN
C:\Users\patsl\Downloads\DeutschZ_UI_Production_Kit\03_ICONS\Events\events_disabled.png;events_disabled.png;.png;256x256;1.000000;JA;2910;7072B976037E72C9B0A5AF121EE445BFF1CA9437FA92C1822DACE59218359324;ICON;DISABLED;UI-State-Reserve;;NEIN;JA
C:\Users\patsl\Downloads\DeutschZ_UI_Production_Kit\03_ICONS\Events\events_hover.paa;events_hover.paa;.paa;;;NEIN;27215;B3539EA5FC819664CFA9ED81F922F6C064E726BB2B11FAC299F76E300C982F6B;ICON;HOVER;UI-State-Reserve;;NEIN;NEIN
C:\Users\patsl\Downloads\DeutschZ_UI_Production_Kit\03_ICONS\Events\events_hover.png;events_hover.png;.png;256x256;1.000000;JA;6429;7E8ACDB427786296913C04DCF67A86F509B9771477636D5B972174C9990B6E97;ICON;HOVER;UI-State-Reserve;;NEIN;JA
C:\Users\patsl\Downloads\DeutschZ_UI_Production_Kit\03_ICONS\Events\events_normal.paa;events_normal.paa;.paa;;;NEIN;24101;3C20ACB77AA358D348155C901713B2600B128DECA32E5F4FC7CCC2D544B5FEAB;ICON;NORMAL;UI-State-Reserve;;NEIN;NEIN
C:\Users\patsl\Downloads\DeutschZ_UI_Production_Kit\03_ICONS\Events\events_normal.png;events_normal.png;.png;256x256;1.000000;JA;2766;05A8F43258C7109360B4C6449662E6770E7AE40D2709663B62EF67D2405C1E3D;ICON;NORMAL;UI-State-Reserve;;NEIN;JA
C:\Users\patsl\Downloads\DeutschZ_UI_Production_Kit\03_ICONS\Events\events_pressed.paa;events_pressed.paa;.paa;;;NEIN;27456;21E67FDAE789FD3AC9D3CC060E5EFD275752E312A03D1C35406371E8C1018716;ICON;PRESSED;UI-State-Reserve;;NEIN;NEIN
C:\Users\patsl\Downloads\DeutschZ_UI_Production_Kit\03_ICONS\Events\events_pressed.png;events_pressed.png;.png;256x256;1.000000;JA;6558;28FE9E97B0A5DDB2A7EE51943A418120C1104B15D54DA05177331C4EFC393DCF;ICON;PRESSED;UI-State-Reserve;;NEIN;JA
C:\Users\patsl\Downloads\DeutschZ_UI_Production_Kit\03_ICONS\Events\events_warning.paa;events_warning.paa;.paa;;;NEIN;27569;B7885BD693031A684DDCCDAF9DB7C84C93990D070840DB7214ACEF2ED86C16F0;ICON;WARNING;UI-State-Reserve;;NEIN;NEIN
C:\Users\patsl\Downloads\DeutschZ_UI_Production_Kit\03_ICONS\Events\events_warning.png;events_warning.png;.png;256x256;1.000000;JA;7017;8598892E9C9C63D5F3C9CD79F5E96F9417AEA975A46221C90887A281C0A459D4;ICON;WARNING;UI-State-Reserve;;NEIN;JA
C:\Users\patsl\Downloads\DeutschZ_UI_Production_Kit\03_ICONS\Events\inventory_active.paa;inventory_active.paa;.paa;;;NEIN;27352;08B89990FEE51E60F5604D880D412DFAAAF6DD57639D26B120C93C0D2DA9D7BC;ICON;ACTIVE;UI-State-Reserve;;NEIN;NEIN
C:\Users\patsl\Downloads\DeutschZ_UI_Production_Kit\03_ICONS\Events\inventory_active.png;inventory_active.png;.png;256x256;1.000000;JA;6056;916EBBB07179D53E9FBD2B67836E977F4BC9303BF53961E503692ADE8F638BFB;ICON;ACTIVE;UI-State-Reserve;;NEIN;JA
C:\Users\patsl\Downloads\DeutschZ_UI_Production_Kit\03_ICONS\Events\inventory_disabled.paa;inventory_disabled.paa;.paa;;;NEIN;24017;2621E7678DC3D984656CEED195FFE1BDFAA9336684B33395C7E18DD4502B1451;ICON;DISABLED;UI-State-Reserve;;NEIN;NEIN
C:\Users\patsl\Downloads\DeutschZ_UI_Production_Kit\03_ICONS\Events\inventory_disabled.png;inventory_disabled.png;.png;256x256;1.000000;JA;2249;B51CE928D23DB3314E0BF135A5B2358DACE702AA688E80E03B90A5BF9734CEFC;ICON;DISABLED;UI-State-Reserve;;NEIN;JA
C:\Users\patsl\Downloads\DeutschZ_UI_Production_Kit\03_ICONS\Events\inventory_hover.paa;inventory_hover.paa;.paa;;;NEIN;27036;233E051532C20AF27B26ACB9AA54D2CEA18E8B93C2FCBCE28A64285717EA97C1;ICON;HOVER;UI-State-Reserve;;NEIN;NEIN
C:\Users\patsl\Downloads\DeutschZ_UI_Production_Kit\03_ICONS\Events\inventory_hover.png;inventory_hover.png;.png;256x256;1.000000;JA;5737;19667FA818A1691A1EC516E651029B531938D1E925F5089DF025B4F764E05D04;ICON;HOVER;UI-State-Reserve;;NEIN;JA
C:\Users\patsl\Downloads\DeutschZ_UI_Production_Kit\03_ICONS\Events\inventory_normal.paa;inventory_normal.paa;.paa;;;NEIN;23920;AFA6A9DB7DB5EB1BFAF5CFFC9A0DDC3D68C1FEF6C129D90E87183D9C026ACC88;ICON;NORMAL;UI-State-Reserve;;NEIN;NEIN
C:\Users\patsl\Downloads\DeutschZ_UI_Production_Kit\03_ICONS\Events\inventory_normal.png;inventory_normal.png;.png;256x256;1.000000;JA;2120;FFB676D5FB5EF042E261BD33E852413402698472FF74664BEB3B2F063730C71C;ICON;NORMAL;UI-State-Reserve;;NEIN;JA
C:\Users\patsl\Downloads\DeutschZ_UI_Production_Kit\03_ICONS\Events\inventory_pressed.paa;inventory_pressed.paa;.paa;;;NEIN;27302;3BCC2E59CB0F0B1AAC79DF5D949864CED546EC9122C19F36225D8A75066186DA;ICON;PRESSED;UI-State-Reserve;;NEIN;NEIN
C:\Users\patsl\Downloads\DeutschZ_UI_Production_Kit\03_ICONS\Events\inventory_pressed.png;inventory_pressed.png;.png;256x256;1.000000;JA;5953;45849BF4BE5A102FEEE5678A234BB7F4D4EBF66995EC8726F74DAFEBCEDA9AF9;ICON;PRESSED;UI-State-Reserve;;NEIN;JA
C:\Users\patsl\Downloads\DeutschZ_UI_Production_Kit\03_ICONS\Events\inventory_warning.paa;inventory_warning.paa;.paa;;;NEIN;27375;61608200570BA48169535E121FBF0642190EBB89F53A00BFD58DF7B27F8077A2;ICON;WARNING;UI-State-Reserve;;NEIN;NEIN
C:\Users\patsl\Downloads\DeutschZ_UI_Production_Kit\03_ICONS\Events\inventory_warning.png;inventory_warning.png;.png;256x256;1.000000;JA;6397;A95B50F99C997CE1B9F1D657E3B739026358B63945FC6E3A6AA3C79C7B441318;ICON;WARNING;UI-State-Reserve;;NEIN;JA
C:\Users\patsl\Downloads\DeutschZ_UI_Production_Kit\03_ICONS\Events\rank_active.paa;rank_active.paa;.paa;;;NEIN;28120;0298190E477FA7EF2B74B73AA6786B3CE0E6D2B10829557E8EB661D5738A63DE;ICON;ACTIVE;UI-State-Reserve;;NEIN;NEIN
C:\Users\patsl\Downloads\DeutschZ_UI_Production_Kit\03_ICONS\Events\rank_active.png;rank_active.png;.png;256x256;1.000000;JA;6849;50FEAF88C117B216B9ED40F8162F3F1870ED8D0AA04AAB082A1D9B3137E90D24;ICON;ACTIVE;UI-State-Reserve;;NEIN;JA
C:\Users\patsl\Downloads\DeutschZ_UI_Production_Kit\03_ICONS\Events\rank_disabled.paa;rank_disabled.paa;.paa;;;NEIN;24874;D590933470411C2513F50456A7CAD0344F94275AC08A57247DE14F8803A98033;ICON;DISABLED;UI-State-Reserve;;NEIN;NEIN
C:\Users\patsl\Downloads\DeutschZ_UI_Production_Kit\03_ICONS\Events\rank_disabled.png;rank_disabled.png;.png;256x256;1.000000;JA;3183;9CC2B852C988B7598A3F6516C10622645530B83F46E215485EF4F02BCDFEE7DC;ICON;DISABLED;UI-State-Reserve;;NEIN;JA
C:\Users\patsl\Downloads\DeutschZ_UI_Production_Kit\03_ICONS\Events\rank_hover.paa;rank_hover.paa;.paa;;;NEIN;27985;89041F98E5EB47B8778FBAD5A9F3F0E8E64A271A3CC1C5B7099954C359ED1657;ICON;HOVER;UI-State-Reserve;;NEIN;NEIN
C:\Users\patsl\Downloads\DeutschZ_UI_Production_Kit\03_ICONS\Events\rank_hover.png;rank_hover.png;.png;256x256;1.000000;JA;6801;80D2ECA2943D95C2D2C7EDBB42C18AD065185F9463B56B097A120DEA0DD5FF3D;ICON;HOVER;UI-State-Reserve;;NEIN;JA
C:\Users\patsl\Downloads\DeutschZ_UI_Production_Kit\03_ICONS\Events\rank_normal.paa;rank_normal.paa;.paa;;;NEIN;24871;CD4CCAC18359AE0C2629DFB4C4F64153E131214512B372175AAF6B4402B3E9AC;ICON;NORMAL;UI-State-Reserve;;NEIN;NEIN
C:\Users\patsl\Downloads\DeutschZ_UI_Production_Kit\03_ICONS\Events\rank_normal.png;rank_normal.png;.png;256x256;1.000000;JA;3117;01AFD8871948657BCC6E06F3BDD5FE89280E33BE7149D40BAE161294C8011ACD;ICON;NORMAL;UI-State-Reserve;;NEIN;JA
C:\Users\patsl\Downloads\DeutschZ_UI_Production_Kit\03_ICONS\Events\rank_pressed.paa;rank_pressed.paa;.paa;;;NEIN;28171;C529F6BB8ED1C91F41565C3B81D0307ADE7170479C9502FA6BD690C8272459CF;ICON;PRESSED;UI-State-Reserve;;NEIN;NEIN
C:\Users\patsl\Downloads\DeutschZ_UI_Production_Kit\03_ICONS\Events\rank_pressed.png;rank_pressed.png;.png;256x256;1.000000;JA;6858;812A23C2672796D72B8841510F15A1F35374488E68BAF879294024AF3B38E3E5;ICON;PRESSED;UI-State-Reserve;;NEIN;JA
C:\Users\patsl\Downloads\DeutschZ_UI_Production_Kit\03_ICONS\Events\rank_warning.paa;rank_warning.paa;.paa;;;NEIN;28251;40A4015FB78BBCEFF1143F3B0E44A3F87BCBF0FFD59CAA746049B45282E4CA35;ICON;WARNING;UI-State-Reserve;;NEIN;NEIN
C:\Users\patsl\Downloads\DeutschZ_UI_Production_Kit\03_ICONS\Events\rank_warning.png;rank_warning.png;.png;256x256;1.000000;JA;7373;F4A2E99305C66EC789B3CF89F6DB2ECEF22E115B8ABD6D28587541C48F67A362;ICON;WARNING;UI-State-Reserve;;NEIN;JA
C:\Users\patsl\Downloads\DeutschZ_UI_Production_Kit\03_ICONS\Events\safezone_active.paa;safezone_active.paa;.paa;;;NEIN;27852;2595F06026ADB3CBB7AA9E1505E38343FB05A4CDF489E882E88E77CA3139651F;ICON;ACTIVE;UI-State-Reserve;;NEIN;NEIN
C:\Users\patsl\Downloads\DeutschZ_UI_Production_Kit\03_ICONS\Events\safezone_active.png;safezone_active.png;.png;256x256;1.000000;JA;6343;721162B608C41821472C385F7620AD64DE950405CE42431ADBB2D362D3A723EE;ICON;ACTIVE;UI-State-Reserve;;NEIN;JA
C:\Users\patsl\Downloads\DeutschZ_UI_Production_Kit\03_ICONS\Events\safezone_disabled.paa;safezone_disabled.paa;.paa;;;NEIN;24532;A29E6C78F6174314F4D78FBFBB7B0829DEF203FBBD61D6BB1FF936734046FAE1;ICON;DISABLED;UI-State-Reserve;;NEIN;NEIN
C:\Users\patsl\Downloads\DeutschZ_UI_Production_Kit\03_ICONS\Events\safezone_disabled.png;safezone_disabled.png;.png;256x256;1.000000;JA;2583;47AA8FEF1C065BC89D2FAAE61372320785E294D675CA52142B28C9E59EC3FC4C;ICON;DISABLED;UI-State-Reserve;;NEIN;JA
C:\Users\patsl\Downloads\DeutschZ_UI_Production_Kit\03_ICONS\Events\safezone_hover.paa;safezone_hover.paa;.paa;;;NEIN;27541;F288FA3CC83A79D9D1F0ADB881BA5D33943662E3E51135525A343695C865A46F;ICON;HOVER;UI-State-Reserve;;NEIN;NEIN
C:\Users\patsl\Downloads\DeutschZ_UI_Production_Kit\03_ICONS\Events\safezone_hover.png;safezone_hover.png;.png;256x256;1.000000;JA;6101;14239DD73501276117BE3E6DEB1E09F88C9F026FAD0FC776B0BC3C9F41E1168E;ICON;HOVER;UI-State-Reserve;;NEIN;JA
C:\Users\patsl\Downloads\DeutschZ_UI_Production_Kit\03_ICONS\Events\safezone_normal.paa;safezone_normal.paa;.paa;;;NEIN;24418;D0858765959BB2E309A606B54B3588391CA324EE7F0BED5106CC72C24EE3214C;ICON;NORMAL;UI-State-Reserve;;NEIN;NEIN
C:\Users\patsl\Downloads\DeutschZ_UI_Production_Kit\03_ICONS\Events\safezone_normal.png;safezone_normal.png;.png;256x256;1.000000;JA;2454;1D32A911BC8F427934F9D97F2FA51CB9B30713CD24E43E386647F9CF644EA4A0;ICON;NORMAL;UI-State-Reserve;;NEIN;JA
C:\Users\patsl\Downloads\DeutschZ_UI_Production_Kit\03_ICONS\Events\safezone_pressed.paa;safezone_pressed.paa;.paa;;;NEIN;27700;E5BB2D1002D33BA95C29F3DB2065FCCF1193790F46A3D377F1F5B04F56782794;ICON;PRESSED;UI-State-Reserve;;NEIN;NEIN
C:\Users\patsl\Downloads\DeutschZ_UI_Production_Kit\03_ICONS\Events\safezone_pressed.png;safezone_pressed.png;.png;256x256;1.000000;JA;6200;B2FC8B8C63AC547B2F2860E20BF428263504D6D8748CA7FCB6A51CB695E02E1D;ICON;PRESSED;UI-State-Reserve;;NEIN;JA
C:\Users\patsl\Downloads\DeutschZ_UI_Production_Kit\03_ICONS\Events\safezone_warning.paa;safezone_warning.paa;.paa;;;NEIN;27905;502424050F015D23FC3B54A5033330CD9D2318191B24892C960816ADF2E1B829;ICON;WARNING;UI-State-Reserve;;NEIN;NEIN
C:\Users\patsl\Downloads\DeutschZ_UI_Production_Kit\03_ICONS\Events\safezone_warning.png;safezone_warning.png;.png;256x256;1.000000;JA;6697;A45B408B9305EAF1D8B8668FA78AF1AEF6CAB91E3FA4B89C7D38452E8B2DD7D1;ICON;WARNING;UI-State-Reserve;;NEIN;JA
C:\Users\patsl\Downloads\DeutschZ_UI_Production_Kit\03_ICONS\Events\skull_active.paa;skull_active.paa;.paa;;;NEIN;27970;88BCAA81475F4B2123C255D13C0CC7EB8A42F849F2A50B29AD3E402DAC3A5951;ICON;ACTIVE;UI-State-Reserve;;NEIN;NEIN
C:\Users\patsl\Downloads\DeutschZ_UI_Production_Kit\03_ICONS\Events\skull_active.png;skull_active.png;.png;256x256;1.000000;JA;6464;1D7E99C01F4A8B7A1FD5F2B5A9C1D89315955880151AB4BC79F40C56355E394C;ICON;ACTIVE;UI-State-Reserve;;NEIN;JA
C:\Users\patsl\Downloads\DeutschZ_UI_Production_Kit\03_ICONS\Events\skull_disabled.paa;skull_disabled.paa;.paa;;;NEIN;24687;5E0FBACCEF2086624D729152E714D3DD2636FE68EC6A4F70AE768ADC32CC8D85;ICON;DISABLED;UI-State-Reserve;;NEIN;NEIN
C:\Users\patsl\Downloads\DeutschZ_UI_Production_Kit\03_ICONS\Events\skull_disabled.png;skull_disabled.png;.png;256x256;1.000000;JA;2829;44AA98EA03453606EB4813C22E3F5BF60427794E08535A4FD7E4E8C04F202FDD;ICON;DISABLED;UI-State-Reserve;;NEIN;JA
C:\Users\patsl\Downloads\DeutschZ_UI_Production_Kit\03_ICONS\Events\skull_hover.paa;skull_hover.paa;.paa;;;NEIN;27738;2E000BCB47AAAF39EDD65401DF5F7B09FC637ED0D777B86BB17BDDB97C80D218;ICON;HOVER;UI-State-Reserve;;NEIN;NEIN
C:\Users\patsl\Downloads\DeutschZ_UI_Production_Kit\03_ICONS\Events\skull_hover.png;skull_hover.png;.png;256x256;1.000000;JA;6378;F8968E3CC1DC98212D5A24EA2833CFEBA3DD2F4DB0CC7988F0A095C1797B4C6C;ICON;HOVER;UI-State-Reserve;;NEIN;JA
C:\Users\patsl\Downloads\DeutschZ_UI_Production_Kit\03_ICONS\Events\skull_normal.paa;skull_normal.paa;.paa;;;NEIN;24711;9D428C25FB22DBC241251D561CCCABCEE2615A8BD4DA382806531FAF739014BD;ICON;NORMAL;UI-State-Reserve;;NEIN;NEIN
C:\Users\patsl\Downloads\DeutschZ_UI_Production_Kit\03_ICONS\Events\skull_normal.png;skull_normal.png;.png;256x256;1.000000;JA;2728;D643C3D04C5E1C4D150F7F240012F58901F003A981C9AD62A30146F4EC934DDD;ICON;NORMAL;UI-State-Reserve;;NEIN;JA
C:\Users\patsl\Downloads\DeutschZ_UI_Production_Kit\03_ICONS\Events\skull_pressed.paa;skull_pressed.paa;.paa;;;NEIN;28028;531FF127D8534902C7F909ACA68E5D56C0A4582F6AD6EDA48B5342CB12701456;ICON;PRESSED;UI-State-Reserve;;NEIN;NEIN
C:\Users\patsl\Downloads\DeutschZ_UI_Production_Kit\03_ICONS\Events\skull_pressed.png;skull_pressed.png;.png;256x256;1.000000;JA;6522;B18A54A803830351899124C57C59DD08B3F1CA6231D2BA3F91BFB6D89A5EE42F;ICON;PRESSED;UI-State-Reserve;;NEIN;JA
C:\Users\patsl\Downloads\DeutschZ_UI_Production_Kit\03_ICONS\Events\skull_warning.paa;skull_warning.paa;.paa;;;NEIN;28054;CB3D1596CD76DCEBD3BFDA9EA8B38FEF0243781394F537B0769B9A210C59E2D1;ICON;WARNING;UI-State-Reserve;;NEIN;NEIN
C:\Users\patsl\Downloads\DeutschZ_UI_Production_Kit\03_ICONS\Events\skull_warning.png;skull_warning.png;.png;256x256;1.000000;JA;6988;0DC3DD0F876A21FD24BA561029DB7CBD36D152EFA07F52371F9649DA825D2A8B;ICON;WARNING;UI-State-Reserve;;NEIN;JA
C:\Users\patsl\Downloads\DeutschZ_UI_Production_Kit\03_ICONS\Navigation\events_active.paa;events_active.paa;.paa;;;NEIN;27481;5B45AFD933632B52DD0AA79E8170549DC2EB81E35EB93BB609BA73A14A2294BB;ICON;ACTIVE;UI-State-Reserve;;NEIN;NEIN
C:\Users\patsl\Downloads\DeutschZ_UI_Production_Kit\03_ICONS\Navigation\events_active.png;events_active.png;.png;256x256;1.000000;JA;6593;D01344C69144498298883801A793DAA044640E7A6F4D9B5B1A081FDEFF158F92;ICON;ACTIVE;icons/nav_events_active.paa;;JA;NEIN
C:\Users\patsl\Downloads\DeutschZ_UI_Production_Kit\03_ICONS\Navigation\events_disabled.paa;events_disabled.paa;.paa;;;NEIN;24168;897BA80451704F536981E8F63AEF586A33C564E3A880D04E6705A0F56EB9F2D8;ICON;DISABLED;UI-State-Reserve;;NEIN;NEIN
C:\Users\patsl\Downloads\DeutschZ_UI_Production_Kit\03_ICONS\Navigation\events_disabled.png;events_disabled.png;.png;256x256;1.000000;JA;2848;F3CD149E4237F353AC8C850E020711EAF1997A7D9CC57164080662AE2F995174;ICON;DISABLED;icons/nav_events_disabled.paa;;JA;NEIN
C:\Users\patsl\Downloads\DeutschZ_UI_Production_Kit\03_ICONS\Navigation\events_hover.paa;events_hover.paa;.paa;;;NEIN;27322;51CAB06CF168BF7EAA398765EE96A2AB3992E1027D3DD617F1AA778BF6815C32;ICON;HOVER;UI-State-Reserve;;NEIN;NEIN
C:\Users\patsl\Downloads\DeutschZ_UI_Production_Kit\03_ICONS\Navigation\events_hover.png;events_hover.png;.png;256x256;1.000000;JA;6478;BDCAFD06A40759435702FE72AD73B4A953636ABE8869B9A57B323F0D3810AAC6;ICON;HOVER;icons/nav_events_hover.paa;;JA;NEIN
C:\Users\patsl\Downloads\DeutschZ_UI_Production_Kit\03_ICONS\Navigation\events_normal.paa;events_normal.paa;.paa;;;NEIN;24103;CAB25D329B153165A1D0773D47AA0D56096D96EDE49CC95616E26B361C95E9C9;ICON;NORMAL;UI-State-Reserve;;NEIN;NEIN
C:\Users\patsl\Downloads\DeutschZ_UI_Production_Kit\03_ICONS\Navigation\events_normal.png;events_normal.png;.png;256x256;1.000000;JA;2761;4A67810974289A8F46C6CAA28656D0701B297D5BB8FD0C3342F958E68F0765CD;ICON;NORMAL;icons/nav_events_normal.paa;;JA;NEIN
C:\Users\patsl\Downloads\DeutschZ_UI_Production_Kit\03_ICONS\Navigation\events_pressed.paa;events_pressed.paa;.paa;;;NEIN;27411;7DD1E4C8250FBB01031119708539EDFD0C5301F0846194C109FD3FA5778BC4E7;ICON;PRESSED;UI-State-Reserve;;NEIN;NEIN
C:\Users\patsl\Downloads\DeutschZ_UI_Production_Kit\03_ICONS\Navigation\events_pressed.png;events_pressed.png;.png;256x256;1.000000;JA;6629;FA032033793C8745D9625F4BD086D4EA702A3EC3FCB285F67D554B15C72B5752;ICON;PRESSED;icons/nav_events_pressed.paa;;JA;NEIN
C:\Users\patsl\Downloads\DeutschZ_UI_Production_Kit\03_ICONS\Navigation\events_warning.paa;events_warning.paa;.paa;;;NEIN;27535;48D457BD1F55ED26697B3898F3CEF5D04A9BBBB5DE3800739A682B6AD00F9C8C;ICON;WARNING;UI-State-Reserve;;NEIN;NEIN
C:\Users\patsl\Downloads\DeutschZ_UI_Production_Kit\03_ICONS\Navigation\events_warning.png;events_warning.png;.png;256x256;1.000000;JA;6955;BEFA1F86F80615123773B99B3B80FE7AB29548EA4751775FF78257AD5DBAE349;ICON;WARNING;UI-State-Reserve;;NEIN;JA
C:\Users\patsl\Downloads\DeutschZ_UI_Production_Kit\03_ICONS\Navigation\home_active.paa;home_active.paa;.paa;;;NEIN;27441;568245E031C86C8B3751C76C2A28CF8EF51BB2E12589D81362FB840C14014265;ICON;ACTIVE;UI-State-Reserve;;NEIN;NEIN
C:\Users\patsl\Downloads\DeutschZ_UI_Production_Kit\03_ICONS\Navigation\home_active.png;home_active.png;.png;256x256;1.000000;JA;6308;F593CFC207C8FF1B6C62EB80531E52C3979DC1C5949DCA3ED24B5FA4EE87302D;ICON;ACTIVE;icons/nav_home_active.paa;;JA;NEIN
C:\Users\patsl\Downloads\DeutschZ_UI_Production_Kit\03_ICONS\Navigation\home_disabled.paa;home_disabled.paa;.paa;;;NEIN;24092;D659435CE61B79AFC0B64F1F2218696CFB61C84A041435CAAD1E0ECB6064D53A;ICON;DISABLED;UI-State-Reserve;;NEIN;NEIN
C:\Users\patsl\Downloads\DeutschZ_UI_Production_Kit\03_ICONS\Navigation\home_disabled.png;home_disabled.png;.png;256x256;1.000000;JA;2550;EE5A0E7CB8DE7F3609DC6B205C4DFF709A4950B6A1F63D1830EE8F5D4E410D95;ICON;DISABLED;icons/nav_home_disabled.paa;;JA;NEIN
C:\Users\patsl\Downloads\DeutschZ_UI_Production_Kit\03_ICONS\Navigation\home_hover.paa;home_hover.paa;.paa;;;NEIN;27204;37CCF472FCE95CB5A38D720547E41C2D24EC17D6F482D8E8FD0FB7F2E242A618;ICON;HOVER;UI-State-Reserve;;NEIN;NEIN
C:\Users\patsl\Downloads\DeutschZ_UI_Production_Kit\03_ICONS\Navigation\home_hover.png;home_hover.png;.png;256x256;1.000000;JA;6158;BF02E423CC04B082F21DACC887A98418BEDC1194AD906BA6B47ECCB46C7129D3;ICON;HOVER;icons/nav_home_hover.paa;;JA;NEIN
C:\Users\patsl\Downloads\DeutschZ_UI_Production_Kit\03_ICONS\Navigation\home_normal.paa;home_normal.paa;.paa;;;NEIN;24057;D2266801A0A7F3FEF9A3158FAD2E382DB74D6BF74B90EB54882096028166A471;ICON;NORMAL;UI-State-Reserve;;NEIN;NEIN
C:\Users\patsl\Downloads\DeutschZ_UI_Production_Kit\03_ICONS\Navigation\home_normal.png;home_normal.png;.png;256x256;1.000000;JA;2506;2E0E73DC48EFB75B2E1A1A696F4A42A914984C621760818A6CE8681BDFAF5ADD;ICON;NORMAL;icons/nav_home_normal.paa;;JA;NEIN
C:\Users\patsl\Downloads\DeutschZ_UI_Production_Kit\03_ICONS\Navigation\home_pressed.paa;home_pressed.paa;.paa;;;NEIN;27366;B59B01A1518B5148D8727D04F4DBCCBA44677A5F9201C8AA58BC0C048D36D45D;ICON;PRESSED;UI-State-Reserve;;NEIN;NEIN
C:\Users\patsl\Downloads\DeutschZ_UI_Production_Kit\03_ICONS\Navigation\home_pressed.png;home_pressed.png;.png;256x256;1.000000;JA;6284;88007789BC5C28AA946867AB06808649937F69EF775DEC1FD9F2B745CBC8B0E4;ICON;PRESSED;icons/nav_home_pressed.paa;;JA;NEIN
C:\Users\patsl\Downloads\DeutschZ_UI_Production_Kit\03_ICONS\Navigation\home_warning.paa;home_warning.paa;.paa;;;NEIN;27470;E978ED873719A0FF81411C475799F118E5F022F866589BDD42528EF73DCB36F1;ICON;WARNING;UI-State-Reserve;;NEIN;NEIN
C:\Users\patsl\Downloads\DeutschZ_UI_Production_Kit\03_ICONS\Navigation\home_warning.png;home_warning.png;.png;256x256;1.000000;JA;6760;EF6EBC336F5E6CF231F45911528680DB91DEE57FCCD5A1C39AA868B30B5CD327;ICON;WARNING;UI-State-Reserve;;NEIN;JA
C:\Users\patsl\Downloads\DeutschZ_UI_Production_Kit\03_ICONS\Navigation\power_active.paa;power_active.paa;.paa;;;NEIN;27882;1562C994F20185FF0F45F365B8861D87CFA060941FE830E7EEEA5ECB8C7E20E5;ICON;ACTIVE;UI-State-Reserve;;NEIN;NEIN
C:\Users\patsl\Downloads\DeutschZ_UI_Production_Kit\03_ICONS\Navigation\power_active.png;power_active.png;.png;256x256;1.000000;JA;6498;4F92AC49B5FCF6A3C376E522252F9EE41F8108C2B98E5936251EC6D51FDAFAFC;ICON;ACTIVE;icons/nav_power_active.paa;;JA;NEIN
C:\Users\patsl\Downloads\DeutschZ_UI_Production_Kit\03_ICONS\Navigation\power_disabled.paa;power_disabled.paa;.paa;;;NEIN;24501;62B4970CF9A9DA85F52EE81452D2D608D984AF0635C0FB043AEFB0E27CE8F9F8;ICON;DISABLED;UI-State-Reserve;;NEIN;NEIN
C:\Users\patsl\Downloads\DeutschZ_UI_Production_Kit\03_ICONS\Navigation\power_disabled.png;power_disabled.png;.png;256x256;1.000000;JA;2702;4D588BA9D0F5F58E0E04F2340155B4C33DDAADE33262F3FF94F69A5FAC99CCC8;ICON;DISABLED;icons/nav_power_disabled.paa;;JA;NEIN
C:\Users\patsl\Downloads\DeutschZ_UI_Production_Kit\03_ICONS\Navigation\power_hover.paa;power_hover.paa;.paa;;;NEIN;27600;063AE7486E3A613AA638ADEDFE23A979DD96EF7E428113571974258C446C9156;ICON;HOVER;UI-State-Reserve;;NEIN;NEIN
C:\Users\patsl\Downloads\DeutschZ_UI_Production_Kit\03_ICONS\Navigation\power_hover.png;power_hover.png;.png;256x256;1.000000;JA;6320;22C65EAB149014920D8062FD197D6C27180F8E35B4B65B3C91524D261AFEBD0D;ICON;HOVER;icons/nav_power_hover.paa;;JA;NEIN
C:\Users\patsl\Downloads\DeutschZ_UI_Production_Kit\03_ICONS\Navigation\power_normal.paa;power_normal.paa;.paa;;;NEIN;24400;6D3FF7193E751AE30E56E2833EBCB65EB92B60E76AA52C4A35214372AD643AC1;ICON;NORMAL;UI-State-Reserve;;NEIN;NEIN
C:\Users\patsl\Downloads\DeutschZ_UI_Production_Kit\03_ICONS\Navigation\power_normal.png;power_normal.png;.png;256x256;1.000000;JA;2489;02F2FCD61A4AF8C1F14670B495EC095FD8F8AE2368D547266915E27CA070FBD3;ICON;NORMAL;icons/nav_power_normal.paa;;JA;NEIN
C:\Users\patsl\Downloads\DeutschZ_UI_Production_Kit\03_ICONS\Navigation\power_pressed.paa;power_pressed.paa;.paa;;;NEIN;27911;660DB1BF9B5B89FF6ABD60B7493D85D5DECECE3D22E37F6A833C64AFBB0F69F4;ICON;PRESSED;UI-State-Reserve;;NEIN;NEIN
C:\Users\patsl\Downloads\DeutschZ_UI_Production_Kit\03_ICONS\Navigation\power_pressed.png;power_pressed.png;.png;256x256;1.000000;JA;6478;C5F5BDCBB42731FCE7B40687D0D118FA4C764F39D947F0BF0C43CE4CE4FC2E4F;ICON;PRESSED;icons/nav_power_pressed.paa;;JA;NEIN
C:\Users\patsl\Downloads\DeutschZ_UI_Production_Kit\03_ICONS\Navigation\power_warning.paa;power_warning.paa;.paa;;;NEIN;27936;F342434864D7B843DA900F912D5BE95A175D09A12D2268B6FE53C127685625B0;ICON;WARNING;UI-State-Reserve;;NEIN;NEIN
C:\Users\patsl\Downloads\DeutschZ_UI_Production_Kit\03_ICONS\Navigation\power_warning.png;power_warning.png;.png;256x256;1.000000;JA;6912;9E7884516A8241276A429D7357F07DAD7FAC0BDEEF1008D19623ABCA8DE43FDB;ICON;WARNING;UI-State-Reserve;;NEIN;JA
C:\Users\patsl\Downloads\DeutschZ_UI_Production_Kit\03_ICONS\Navigation\profile_active.paa;profile_active.paa;.paa;;;NEIN;27610;7BAF88E568DA2DF23736446B18A0645E54F66666F13C45B22466350A796BD180;ICON;ACTIVE;UI-State-Reserve;;NEIN;NEIN
C:\Users\patsl\Downloads\DeutschZ_UI_Production_Kit\03_ICONS\Navigation\profile_active.png;profile_active.png;.png;256x256;1.000000;JA;6298;8B397D9DB10890E8C1E74B9EEDEC170C2C3AA9A21B81F2A48A42E8DE56197884;ICON;ACTIVE;icons/nav_profile_active.paa;;JA;NEIN
C:\Users\patsl\Downloads\DeutschZ_UI_Production_Kit\03_ICONS\Navigation\profile_disabled.paa;profile_disabled.paa;.paa;;;NEIN;24283;133E986898B774A8863A4B2557BA6D66D7EEA9050F1C90631657F704C3FEAE7D;ICON;DISABLED;UI-State-Reserve;;NEIN;NEIN
C:\Users\patsl\Downloads\DeutschZ_UI_Production_Kit\03_ICONS\Navigation\profile_disabled.png;profile_disabled.png;.png;256x256;1.000000;JA;2518;E4689B6AAC0AB797139BF6C3FE10AA4A7E0F893C2ACAD8DB8EF4F9B22EDEC470;ICON;DISABLED;icons/nav_profile_disabled.paa;;JA;NEIN
C:\Users\patsl\Downloads\DeutschZ_UI_Production_Kit\03_ICONS\Navigation\profile_hover.paa;profile_hover.paa;.paa;;;NEIN;27342;34B270C6EF86C668BD0EC105B5E1D18F284111D05DC77C32228CDEA7DA611402;ICON;HOVER;UI-State-Reserve;;NEIN;NEIN
C:\Users\patsl\Downloads\DeutschZ_UI_Production_Kit\03_ICONS\Navigation\profile_hover.png;profile_hover.png;.png;256x256;1.000000;JA;6073;1D1035C8D9681DA62D16AF13B66560056B180D78350950793A4E051BB3D63D77;ICON;HOVER;icons/nav_profile_hover.paa;;JA;NEIN
C:\Users\patsl\Downloads\DeutschZ_UI_Production_Kit\03_ICONS\Navigation\profile_normal.paa;profile_normal.paa;.paa;;;NEIN;24318;3AFC35B2B052F4DD0F6C83B2DCB755D9BA7C26B05904112BEC12E5022D28682F;ICON;NORMAL;UI-State-Reserve;;NEIN;NEIN
C:\Users\patsl\Downloads\DeutschZ_UI_Production_Kit\03_ICONS\Navigation\profile_normal.png;profile_normal.png;.png;256x256;1.000000;JA;2452;53B1235D8750B967EE3CAEC6B643E4B9C198FE501D64FC5B2316B715120CEDF7;ICON;NORMAL;icons/nav_profile_normal.paa;;JA;NEIN
C:\Users\patsl\Downloads\DeutschZ_UI_Production_Kit\03_ICONS\Navigation\profile_pressed.paa;profile_pressed.paa;.paa;;;NEIN;27639;40F54E68E76E27039AE4F259C6115FDDA42250CDC53A10E539CF0BC5B06C71CC;ICON;PRESSED;UI-State-Reserve;;NEIN;NEIN
C:\Users\patsl\Downloads\DeutschZ_UI_Production_Kit\03_ICONS\Navigation\profile_pressed.png;profile_pressed.png;.png;256x256;1.000000;JA;6266;C2BBC066CE92CB238A35DC671FDAA24FFFB3318A853A9A278616A5D153D42AE7;ICON;PRESSED;icons/nav_profile_pressed.paa;;JA;NEIN
C:\Users\patsl\Downloads\DeutschZ_UI_Production_Kit\03_ICONS\Navigation\profile_warning.paa;profile_warning.paa;.paa;;;NEIN;27620;11F650A6A75CFF4E4C2C166251A1EF9EAA3C2D975733EEE2D74098900436DD1D;ICON;WARNING;UI-State-Reserve;;NEIN;NEIN
C:\Users\patsl\Downloads\DeutschZ_UI_Production_Kit\03_ICONS\Navigation\profile_warning.png;profile_warning.png;.png;256x256;1.000000;JA;6680;47C72E9489E8B46702ACB0E7B3CA3F46E918277E2CD5A3ADFAE7C49A50E91063;ICON;WARNING;UI-State-Reserve;;NEIN;JA
C:\Users\patsl\Downloads\DeutschZ_UI_Production_Kit\03_ICONS\Navigation\rules_active.paa;rules_active.paa;.paa;;;NEIN;27302;5B400007D7920811DE56DF131D5BAEC73F888474AC662C1EC8FF0A14E2502CAB;ICON;ACTIVE;UI-State-Reserve;;NEIN;NEIN
C:\Users\patsl\Downloads\DeutschZ_UI_Production_Kit\03_ICONS\Navigation\rules_active.png;rules_active.png;.png;256x256;1.000000;JA;5962;D2D70B6085F7DBB505CF0445F808F1E5C722F742FAC01219EDDE4DDF09FA8138;ICON;ACTIVE;icons/nav_rules_active.paa;;JA;NEIN
C:\Users\patsl\Downloads\DeutschZ_UI_Production_Kit\03_ICONS\Navigation\rules_disabled.paa;rules_disabled.paa;.paa;;;NEIN;24033;E57A6EEE744C1ADCA31318C7FBCC0C1F4E2F69A2193837829A7B1B7D93B71706;ICON;DISABLED;UI-State-Reserve;;NEIN;NEIN
C:\Users\patsl\Downloads\DeutschZ_UI_Production_Kit\03_ICONS\Navigation\rules_disabled.png;rules_disabled.png;.png;256x256;1.000000;JA;2191;37F5434ADF4DA1C8064433B961E25AAF77C87BC39754A76E871242D0BF40F42D;ICON;DISABLED;icons/nav_rules_disabled.paa;;JA;NEIN
C:\Users\patsl\Downloads\DeutschZ_UI_Production_Kit\03_ICONS\Navigation\rules_hover.paa;rules_hover.paa;.paa;;;NEIN;27061;772781AA18D803B474E5E32C843C771CB698708B11E8F39B7AE77BE60F66FC3A;ICON;HOVER;UI-State-Reserve;;NEIN;NEIN
C:\Users\patsl\Downloads\DeutschZ_UI_Production_Kit\03_ICONS\Navigation\rules_hover.png;rules_hover.png;.png;256x256;1.000000;JA;5757;35922FEFE8ED42832BD4CB14BA539CCA630AACD43AD8954695588524D8E2A87F;ICON;HOVER;icons/nav_rules_hover.paa;;JA;NEIN
C:\Users\patsl\Downloads\DeutschZ_UI_Production_Kit\03_ICONS\Navigation\rules_normal.paa;rules_normal.paa;.paa;;;NEIN;23946;5FE4FE4B17D371A23E9091D9FF98B19574975C870FA981F44F94648E014FB94E;ICON;NORMAL;UI-State-Reserve;;NEIN;NEIN
C:\Users\patsl\Downloads\DeutschZ_UI_Production_Kit\03_ICONS\Navigation\rules_normal.png;rules_normal.png;.png;256x256;1.000000;JA;2055;3FC02D2B9B246B0E22CDC456B7A7C528DEF5007EDD4720127D5FDDA296677AF8;ICON;NORMAL;icons/nav_rules_normal.paa;;JA;NEIN
C:\Users\patsl\Downloads\DeutschZ_UI_Production_Kit\03_ICONS\Navigation\rules_pressed.paa;rules_pressed.paa;.paa;;;NEIN;27299;6C186B1DC932E43D2C3FD488F76C47E43CAB386AB4857EC05F5AA09F9E182E9C;ICON;PRESSED;UI-State-Reserve;;NEIN;NEIN
C:\Users\patsl\Downloads\DeutschZ_UI_Production_Kit\03_ICONS\Navigation\rules_pressed.png;rules_pressed.png;.png;256x256;1.000000;JA;5975;424618EF277B74D2FB5E40C14ACDE0A204EE3E4EC50BA82C417A2CEAFA3E3EC2;ICON;PRESSED;icons/nav_rules_pressed.paa;;JA;NEIN
C:\Users\patsl\Downloads\DeutschZ_UI_Production_Kit\03_ICONS\Navigation\rules_warning.paa;rules_warning.paa;.paa;;;NEIN;27359;51074386922089D1E30F02E02BE0F8F6B884DD3D8D579AB56AFE24E72C5BA3FE;ICON;WARNING;UI-State-Reserve;;NEIN;NEIN
C:\Users\patsl\Downloads\DeutschZ_UI_Production_Kit\03_ICONS\Navigation\rules_warning.png;rules_warning.png;.png;256x256;1.000000;JA;6287;0F14CC3D2BFFFF99CCF09122797A6EAC9514C075743523FB1B35DDF677CBCC3A;ICON;WARNING;UI-State-Reserve;;NEIN;JA
C:\Users\patsl\Downloads\DeutschZ_UI_Production_Kit\03_ICONS\Navigation\server_active.paa;server_active.paa;.paa;;;NEIN;27382;A45696617A82DA19610D27046A849374CF212E9D8529ACB1988E6976917177CF;ICON;ACTIVE;UI-State-Reserve;;NEIN;NEIN
C:\Users\patsl\Downloads\DeutschZ_UI_Production_Kit\03_ICONS\Navigation\server_active.png;server_active.png;.png;256x256;1.000000;JA;6061;89C4DC13DCC978DF8BA9F9C71E74F102251E0E90B3D843A1CEB35F31F23B5497;ICON;ACTIVE;icons/nav_server_active.paa;;JA;NEIN
C:\Users\patsl\Downloads\DeutschZ_UI_Production_Kit\03_ICONS\Navigation\server_disabled.paa;server_disabled.paa;.paa;;;NEIN;23967;CEDCC8ADCB190FCE5AEF4156B87397DB0E698C56960EABFB01986C2D2390D656;ICON;DISABLED;UI-State-Reserve;;NEIN;NEIN
C:\Users\patsl\Downloads\DeutschZ_UI_Production_Kit\03_ICONS\Navigation\server_disabled.png;server_disabled.png;.png;256x256;1.000000;JA;2244;D74D6C71C65E69E8F0499A92CE8AA35C739F16CB04167967F49F50806644EEBE;ICON;DISABLED;icons/nav_server_disabled.paa;;JA;NEIN
C:\Users\patsl\Downloads\DeutschZ_UI_Production_Kit\03_ICONS\Navigation\server_hover.paa;server_hover.paa;.paa;;;NEIN;27132;D74DD1CF286BA3EA01450F12A43D44697479A063794F7F7B66B1FAD2E3223A92;ICON;HOVER;UI-State-Reserve;;NEIN;NEIN
C:\Users\patsl\Downloads\DeutschZ_UI_Production_Kit\03_ICONS\Navigation\server_hover.png;server_hover.png;.png;256x256;1.000000;JA;5918;CD91B802DC47F31AC26BEB6750EC39B10ECE559800A440AEB6FB65C08A2AA5D7;ICON;HOVER;icons/nav_server_hover.paa;;JA;NEIN
C:\Users\patsl\Downloads\DeutschZ_UI_Production_Kit\03_ICONS\Navigation\server_normal.paa;server_normal.paa;.paa;;;NEIN;23910;E61FAD1D2119C50E4702CC2BA9F3DE9D557FFA8182D5AE6572DF35E56709D285;ICON;NORMAL;UI-State-Reserve;;NEIN;NEIN
C:\Users\patsl\Downloads\DeutschZ_UI_Production_Kit\03_ICONS\Navigation\server_normal.png;server_normal.png;.png;256x256;1.000000;JA;2143;9C8D1650A36FEA7F3FBCD297602E098A831B39B09EA750AE71FCB53B7049AEBD;ICON;NORMAL;icons/nav_server_normal.paa;;JA;NEIN
C:\Users\patsl\Downloads\DeutschZ_UI_Production_Kit\03_ICONS\Navigation\server_pressed.paa;server_pressed.paa;.paa;;;NEIN;27355;504C0DD9DA3D8AE9CFCE0EFF2794DE5FDD21EA2EF7F90D2CCE9814FE17C35E78;ICON;PRESSED;UI-State-Reserve;;NEIN;NEIN
C:\Users\patsl\Downloads\DeutschZ_UI_Production_Kit\03_ICONS\Navigation\server_pressed.png;server_pressed.png;.png;256x256;1.000000;JA;6138;B08AC143D7DD28B2B0FF3B4B065D93C3BECE85552CDD88D91521D1B0821CA070;ICON;PRESSED;icons/nav_server_pressed.paa;;JA;NEIN
C:\Users\patsl\Downloads\DeutschZ_UI_Production_Kit\03_ICONS\Navigation\server_warning.paa;server_warning.paa;.paa;;;NEIN;27433;101E708359F8A667318148EC2AC033B2580295F26BF715EE8724F657B47AFBF8;ICON;WARNING;UI-State-Reserve;;NEIN;NEIN
C:\Users\patsl\Downloads\DeutschZ_UI_Production_Kit\03_ICONS\Navigation\server_warning.png;server_warning.png;.png;256x256;1.000000;JA;6491;D8C134DF925187EE97AECD6D334B5577F5FC66DDDF0EFE29F25697DDACFCC5FA;ICON;WARNING;UI-State-Reserve;;NEIN;JA
C:\Users\patsl\Downloads\DeutschZ_UI_Production_Kit\03_ICONS\Navigation\settings_active.paa;settings_active.paa;.paa;;;NEIN;27992;0BEC9E04B163EE356A83AC2706C8CF6031111F328FCDB903B944A1E641552467;ICON;ACTIVE;UI-State-Reserve;;NEIN;NEIN
C:\Users\patsl\Downloads\DeutschZ_UI_Production_Kit\03_ICONS\Navigation\settings_active.png;settings_active.png;.png;256x256;1.000000;JA;6509;0013B170D5313BC301B59227FF902D29E503EAFA0D1AE390B7F3A968B2C86549;ICON;ACTIVE;icons/nav_settings_active.paa;;JA;NEIN
C:\Users\patsl\Downloads\DeutschZ_UI_Production_Kit\03_ICONS\Navigation\settings_disabled.paa;settings_disabled.paa;.paa;;;NEIN;24584;62E3924A998928A818BF391C0D5391756C1093F4627583BB0CD791244D79F866;ICON;DISABLED;UI-State-Reserve;;NEIN;NEIN
C:\Users\patsl\Downloads\DeutschZ_UI_Production_Kit\03_ICONS\Navigation\settings_disabled.png;settings_disabled.png;.png;256x256;1.000000;JA;2697;75AE86025C4B34283B098404BB7EA2AF556F3D265584874718F586DBA680E23E;ICON;DISABLED;icons/nav_settings_disabled.paa;;JA;NEIN
C:\Users\patsl\Downloads\DeutschZ_UI_Production_Kit\03_ICONS\Navigation\settings_hover.paa;settings_hover.paa;.paa;;;NEIN;27710;2DE8378942F5A64F17E1497A31BDC39CD6A40396D738B34947E4CA2251B88316;ICON;HOVER;UI-State-Reserve;;NEIN;NEIN
C:\Users\patsl\Downloads\DeutschZ_UI_Production_Kit\03_ICONS\Navigation\settings_hover.png;settings_hover.png;.png;256x256;1.000000;JA;6364;20ED94FACC8FA69AF0A1329574EBC35B2E2ACAC15C2858322622306E0FAD1DB7;ICON;HOVER;icons/nav_settings_hover.paa;;JA;NEIN
C:\Users\patsl\Downloads\DeutschZ_UI_Production_Kit\03_ICONS\Navigation\settings_normal.paa;settings_normal.paa;.paa;;;NEIN;24730;42606179B01EEE017539F951A08E934ACA29A0F2D899CF364289ADABF174EF7E;ICON;NORMAL;UI-State-Reserve;;NEIN;NEIN
C:\Users\patsl\Downloads\DeutschZ_UI_Production_Kit\03_ICONS\Navigation\settings_normal.png;settings_normal.png;.png;256x256;1.000000;JA;2720;EBB0B4E95A220D49D58C6E5C5C99CEBC62B57095928ADDF3BCAC84F8F67E6785;ICON;NORMAL;icons/nav_settings_normal.paa;;JA;NEIN
C:\Users\patsl\Downloads\DeutschZ_UI_Production_Kit\03_ICONS\Navigation\settings_pressed.paa;settings_pressed.paa;.paa;;;NEIN;28139;8D3ABF82941977BABA7C7093FDA19A3A0615EB59183CEAD57B41D8ECBA362D5A;ICON;PRESSED;UI-State-Reserve;;NEIN;NEIN
C:\Users\patsl\Downloads\DeutschZ_UI_Production_Kit\03_ICONS\Navigation\settings_pressed.png;settings_pressed.png;.png;256x256;1.000000;JA;6615;399C49DF6F8F90EBBC188CF0E872FD882D48A77568F479C6A600BF6A5C9915EE;ICON;PRESSED;icons/nav_settings_pressed.paa;;JA;NEIN
C:\Users\patsl\Downloads\DeutschZ_UI_Production_Kit\03_ICONS\Navigation\settings_warning.paa;settings_warning.paa;.paa;;;NEIN;28002;01AD2B304B2796EEDFE673BF56C46DE7B6F56D18D357C80DCCE657C9FE4325C4;ICON;WARNING;UI-State-Reserve;;NEIN;NEIN
C:\Users\patsl\Downloads\DeutschZ_UI_Production_Kit\03_ICONS\Navigation\settings_warning.png;settings_warning.png;.png;256x256;1.000000;JA;6931;1570C89012D4F65FEE75427BEFF472D0FC18EECB0315D7B6DC4DD6F44EA3B571;ICON;WARNING;UI-State-Reserve;;NEIN;JA
C:\Users\patsl\Downloads\DeutschZ_UI_Production_Kit\03_ICONS\Navigation\shop_active.paa;shop_active.paa;.paa;;;NEIN;27631;51FB6AD717B6D4A2CED00CE90101AD0E6D874C2BA2A6BE69D1931CF7B6F02419;ICON;ACTIVE;UI-State-Reserve;;NEIN;NEIN
C:\Users\patsl\Downloads\DeutschZ_UI_Production_Kit\03_ICONS\Navigation\shop_active.png;shop_active.png;.png;256x256;1.000000;JA;6155;7DA26688B6088329D50ADC5EC60A539F7FBB6853DB352F6F42C6E591B5BFB916;ICON;ACTIVE;icons/nav_shop_active.paa;;JA;NEIN
C:\Users\patsl\Downloads\DeutschZ_UI_Production_Kit\03_ICONS\Navigation\shop_disabled.paa;shop_disabled.paa;.paa;;;NEIN;24280;3C7CAC70AD12ED1F8BA52C13FA2583B31B48DA066508139FEE9E708DFC8205F0;ICON;DISABLED;UI-State-Reserve;;NEIN;NEIN
C:\Users\patsl\Downloads\DeutschZ_UI_Production_Kit\03_ICONS\Navigation\shop_disabled.png;shop_disabled.png;.png;256x256;1.000000;JA;2400;D7554C37C728B82EAF8D5D7429AF48D36F5D2A2711232E9801C7674D8C7BF819;ICON;DISABLED;icons/nav_shop_disabled.paa;;JA;NEIN
C:\Users\patsl\Downloads\DeutschZ_UI_Production_Kit\03_ICONS\Navigation\shop_hover.paa;shop_hover.paa;.paa;;;NEIN;27331;0CF0F8E49AEA74DBFE8BA68DF0E587ECDD3265F0CA50066879B30294ABEA05D0;ICON;HOVER;UI-State-Reserve;;NEIN;NEIN
C:\Users\patsl\Downloads\DeutschZ_UI_Production_Kit\03_ICONS\Navigation\shop_hover.png;shop_hover.png;.png;256x256;1.000000;JA;5911;2B5B8BEA1C25D80BCC8C808AC7BCAC8A2C7863056736B1FED83A4D810CB6A3F0;ICON;HOVER;icons/nav_shop_hover.paa;;JA;NEIN
C:\Users\patsl\Downloads\DeutschZ_UI_Production_Kit\03_ICONS\Navigation\shop_normal.paa;shop_normal.paa;.paa;;;NEIN;24290;B0FBD4890F316B9D34027F5EF2808FE5FBB368B67E7FF5335B96732A89DC9920;ICON;NORMAL;UI-State-Reserve;;NEIN;NEIN
C:\Users\patsl\Downloads\DeutschZ_UI_Production_Kit\03_ICONS\Navigation\shop_normal.png;shop_normal.png;.png;256x256;1.000000;JA;2313;C4D0C11683CC46B804C9A40DD351201672212210283DF43140100A8859D722BB;ICON;NORMAL;icons/nav_shop_normal.paa;;JA;NEIN
C:\Users\patsl\Downloads\DeutschZ_UI_Production_Kit\03_ICONS\Navigation\shop_pressed.paa;shop_pressed.paa;.paa;;;NEIN;27617;6579E2063EC15D753741E46A5B26A80A6CEFDEE955B05C5849C631816A6783EB;ICON;PRESSED;UI-State-Reserve;;NEIN;NEIN
C:\Users\patsl\Downloads\DeutschZ_UI_Production_Kit\03_ICONS\Navigation\shop_pressed.png;shop_pressed.png;.png;256x256;1.000000;JA;6114;C8520BBABE100F0A43BAB0574A3F05A3C18C37834E1F1D96AC91A5F0018AC5F7;ICON;PRESSED;icons/nav_shop_pressed.paa;;JA;NEIN
C:\Users\patsl\Downloads\DeutschZ_UI_Production_Kit\03_ICONS\Navigation\shop_warning.paa;shop_warning.paa;.paa;;;NEIN;27754;722D5B87698983D418B0F02FA0309F373E1941D73EE1F4AA4C2CF19821656E4A;ICON;WARNING;UI-State-Reserve;;NEIN;NEIN
C:\Users\patsl\Downloads\DeutschZ_UI_Production_Kit\03_ICONS\Navigation\shop_warning.png;shop_warning.png;.png;256x256;1.000000;JA;6650;7D5F46DE1A7BC631AEAFE995C5EC8A2EDEF07FA93DE6E758A0B4CE93D77D4AF4;ICON;WARNING;UI-State-Reserve;;NEIN;JA
C:\Users\patsl\Downloads\DeutschZ_UI_Production_Kit\03_ICONS\Navigation\support_active.paa;support_active.paa;.paa;;;NEIN;28095;BFCA7BAF8BA895B38020EFEE10D52928033044901D99D3A62E518639F88AE95A;ICON;ACTIVE;UI-State-Reserve;;NEIN;NEIN
C:\Users\patsl\Downloads\DeutschZ_UI_Production_Kit\03_ICONS\Navigation\support_active.png;support_active.png;.png;256x256;1.000000;JA;6793;FFC4206390599958ED762AC3C4B271885676B569ECAE4661BA6E1B31B6E6DC41;ICON;ACTIVE;icons/nav_support_active.paa;;JA;NEIN
C:\Users\patsl\Downloads\DeutschZ_UI_Production_Kit\03_ICONS\Navigation\support_disabled.paa;support_disabled.paa;.paa;;;NEIN;24743;BE8CEF0E5CF1F1ABAFBE19112A4CB95553C63B6B3A5A277211DC59D70F1763C1;ICON;DISABLED;UI-State-Reserve;;NEIN;NEIN
C:\Users\patsl\Downloads\DeutschZ_UI_Production_Kit\03_ICONS\Navigation\support_disabled.png;support_disabled.png;.png;256x256;1.000000;JA;3044;F8E5C53A5BAB00FAEF197095DBA43E5CBC36B3777B7F62DFDEE3B5B1D5C0A07E;ICON;DISABLED;icons/nav_support_disabled.paa;;JA;NEIN
C:\Users\patsl\Downloads\DeutschZ_UI_Production_Kit\03_ICONS\Navigation\support_hover.paa;support_hover.paa;.paa;;;NEIN;27898;607A25BD91A6C56277287BC7E0A10680C3DF6966E78CB6C1802143A271E29C8C;ICON;HOVER;UI-State-Reserve;;NEIN;NEIN
C:\Users\patsl\Downloads\DeutschZ_UI_Production_Kit\03_ICONS\Navigation\support_hover.png;support_hover.png;.png;256x256;1.000000;JA;6654;11F3733FEEB7948D92AC39E6D1A8605E7D4116A5FB4BBD32D1BD2F7B83200C4C;ICON;HOVER;icons/nav_support_hover.paa;;JA;NEIN
C:\Users\patsl\Downloads\DeutschZ_UI_Production_Kit\03_ICONS\Navigation\support_normal.paa;support_normal.paa;.paa;;;NEIN;24827;90B2A7E65104E795A0E058210AF601E40BC044683B39F4C7324713A672FDFAEB;ICON;NORMAL;UI-State-Reserve;;NEIN;NEIN
C:\Users\patsl\Downloads\DeutschZ_UI_Production_Kit\03_ICONS\Navigation\support_normal.png;support_normal.png;.png;256x256;1.000000;JA;2976;68613D56667138FCB8EC696D15243ED9AAEC5102BD541283D3DAC479C31D6689;ICON;NORMAL;icons/nav_support_normal.paa;;JA;NEIN
C:\Users\patsl\Downloads\DeutschZ_UI_Production_Kit\03_ICONS\Navigation\support_pressed.paa;support_pressed.paa;.paa;;;NEIN;28095;1E7BC1722EA3E53A64DA2A2F2DC8509245A15D017206A1EDCCEC8F228EE46378;ICON;PRESSED;UI-State-Reserve;;NEIN;NEIN
C:\Users\patsl\Downloads\DeutschZ_UI_Production_Kit\03_ICONS\Navigation\support_pressed.png;support_pressed.png;.png;256x256;1.000000;JA;6766;98774D0BFE30CB2FCC0681991405AE90049E0B9EB95A134F0DFF39C3525FB540;ICON;PRESSED;icons/nav_support_pressed.paa;;JA;NEIN
C:\Users\patsl\Downloads\DeutschZ_UI_Production_Kit\03_ICONS\Navigation\support_warning.paa;support_warning.paa;.paa;;;NEIN;28118;F4B6F09EC143A288E45829CFC5A9CE5D655D50975DB065613F74149340B9B264;ICON;WARNING;UI-State-Reserve;;NEIN;NEIN
C:\Users\patsl\Downloads\DeutschZ_UI_Production_Kit\03_ICONS\Navigation\support_warning.png;support_warning.png;.png;256x256;1.000000;JA;7216;756D0C0F62D74C03E7855FF57B304BC4BB1689CFF1B02BF17108242DD48E556F;ICON;WARNING;UI-State-Reserve;;NEIN;JA
C:\Users\patsl\Downloads\DeutschZ_UI_Production_Kit\03_ICONS\Resources\clock_active.paa;clock_active.paa;.paa;;;NEIN;28320;A093812D308BE938E4811CB78928C775A6D2189F0A2D7A7483B8E02B44A04B27;ICON;ACTIVE;UI-State-Reserve;;NEIN;NEIN
C:\Users\patsl\Downloads\DeutschZ_UI_Production_Kit\03_ICONS\Resources\clock_active.png;clock_active.png;.png;256x256;1.000000;JA;6851;7F25D28CC55DEBC68E8BFC07498B0D4DDD2F04E095B376A52ED442E8D37403EE;ICON;ACTIVE;UI-State-Reserve;;NEIN;JA
C:\Users\patsl\Downloads\DeutschZ_UI_Production_Kit\03_ICONS\Resources\clock_disabled.paa;clock_disabled.paa;.paa;;;NEIN;24989;92F31549A829B1E4526C05A7A64E3BCCDD7914E5D7C4A4424AFA1EB10DB99D3B;ICON;DISABLED;UI-State-Reserve;;NEIN;NEIN
C:\Users\patsl\Downloads\DeutschZ_UI_Production_Kit\03_ICONS\Resources\clock_disabled.png;clock_disabled.png;.png;256x256;1.000000;JA;3173;975AE3488560501DD0CD4E9CDFE2F7C6F7431FAFAD0FC61AF797C529B9267587;ICON;DISABLED;UI-State-Reserve;;NEIN;JA
C:\Users\patsl\Downloads\DeutschZ_UI_Production_Kit\03_ICONS\Resources\clock_hover.paa;clock_hover.paa;.paa;;;NEIN;28077;CCC636222CAE90B012F65210C5084094CEA748B3FBC2A3E0E42839CC94D4EE4C;ICON;HOVER;UI-State-Reserve;;NEIN;NEIN
C:\Users\patsl\Downloads\DeutschZ_UI_Production_Kit\03_ICONS\Resources\clock_hover.png;clock_hover.png;.png;256x256;1.000000;JA;6747;43E7E3F7C4623F880A2CDEE863FD764661C5C48C7F60EE04B45C16C3C82378B9;ICON;HOVER;UI-State-Reserve;;NEIN;JA
C:\Users\patsl\Downloads\DeutschZ_UI_Production_Kit\03_ICONS\Resources\clock_normal.paa;clock_normal.paa;.paa;;;NEIN;24999;DCD878D8B154F073A47A21CE34E6FBEBF591BAF73BE82BC74217339FE6439FE1;ICON;NORMAL;UI-State-Reserve;;NEIN;NEIN
C:\Users\patsl\Downloads\DeutschZ_UI_Production_Kit\03_ICONS\Resources\clock_normal.png;clock_normal.png;.png;256x256;1.000000;JA;3021;E9872AF5A345EA0CE28638488FF76F2C68ADFC1FB931B26F29639245FDE610EC;ICON;NORMAL;UI-State-Reserve;;NEIN;JA
C:\Users\patsl\Downloads\DeutschZ_UI_Production_Kit\03_ICONS\Resources\clock_pressed.paa;clock_pressed.paa;.paa;;;NEIN;28356;011839B0BC9741DBAFB259E4764E2CA1D569E1EDFAA1E0171CD1D8DBAA1C9E7E;ICON;PRESSED;UI-State-Reserve;;NEIN;NEIN
C:\Users\patsl\Downloads\DeutschZ_UI_Production_Kit\03_ICONS\Resources\clock_pressed.png;clock_pressed.png;.png;256x256;1.000000;JA;6908;C16C28A636D6E0B855E9CDC36CA02FA4A40A1BB901A162DF43453F7847E15D76;ICON;PRESSED;UI-State-Reserve;;NEIN;JA
C:\Users\patsl\Downloads\DeutschZ_UI_Production_Kit\03_ICONS\Resources\clock_warning.paa;clock_warning.paa;.paa;;;NEIN;28412;9038140E09D5A871E4CD00618CB72B5BA845F6D268CBDB5D97EAC6E041220F4D;ICON;WARNING;UI-State-Reserve;;NEIN;NEIN
C:\Users\patsl\Downloads\DeutschZ_UI_Production_Kit\03_ICONS\Resources\clock_warning.png;clock_warning.png;.png;256x256;1.000000;JA;7274;16031C981C05FCAB1A07BD2F5EBA1C55C18819782C34CE2774D62A30AC1DBA15;ICON;WARNING;UI-State-Reserve;;NEIN;JA
C:\Users\patsl\Downloads\DeutschZ_UI_Production_Kit\03_ICONS\Resources\coins_active.paa;coins_active.paa;.paa;;;NEIN;28200;5F6D94F0AFB9AB1A1669438727FAF75EAD0BCE5A228454B41E560BD0A1CCB3C7;ICON;ACTIVE;UI-State-Reserve;;NEIN;NEIN
C:\Users\patsl\Downloads\DeutschZ_UI_Production_Kit\03_ICONS\Resources\coins_active.png;coins_active.png;.png;256x256;1.000000;JA;6875;9F670DAC06BCEBE051F8568AC19FFD086BB0C1166FC14E68288F6699EA980895;ICON;ACTIVE;UI-State-Reserve;;NEIN;JA
C:\Users\patsl\Downloads\DeutschZ_UI_Production_Kit\03_ICONS\Resources\coins_disabled.paa;coins_disabled.paa;.paa;;;NEIN;24820;32182D72DE055567466FE0157552A2F0F65C7161CD0AFD58ECC16FF4E71D2EB3;ICON;DISABLED;UI-State-Reserve;;NEIN;NEIN
C:\Users\patsl\Downloads\DeutschZ_UI_Production_Kit\03_ICONS\Resources\coins_disabled.png;coins_disabled.png;.png;256x256;1.000000;JA;3025;E42DA37AAD9B90F72489E8968DD0E35D06EF7D3F02AD218513491F9539C65762;ICON;DISABLED;UI-State-Reserve;;NEIN;JA
C:\Users\patsl\Downloads\DeutschZ_UI_Production_Kit\03_ICONS\Resources\coins_hover.paa;coins_hover.paa;.paa;;;NEIN;27968;F164CDFCB2EBE510F65A5FD496E9A7EF68DFB10C0C8A4EF264DF586F253E8BE4;ICON;HOVER;UI-State-Reserve;;NEIN;NEIN
C:\Users\patsl\Downloads\DeutschZ_UI_Production_Kit\03_ICONS\Resources\coins_hover.png;coins_hover.png;.png;256x256;1.000000;JA;6683;6784865F5AE805F49747D8DFD19353949435BEE036F9847AE208B1B8FDF63BD1;ICON;HOVER;UI-State-Reserve;;NEIN;JA
C:\Users\patsl\Downloads\DeutschZ_UI_Production_Kit\03_ICONS\Resources\coins_normal.paa;coins_normal.paa;.paa;;;NEIN;24995;E991BD3FA955DA02ECBE6CC25AC7B457B003FAF11A1DDCCA6D155DCF2A1C37A4;ICON;NORMAL;UI-State-Reserve;;NEIN;NEIN
C:\Users\patsl\Downloads\DeutschZ_UI_Production_Kit\03_ICONS\Resources\coins_normal.png;coins_normal.png;.png;256x256;1.000000;JA;3141;F3E4BDDE0BFE269FAB8E13A984F35DCB979A46B78BC6BDB4FAAAA48B0365985A;ICON;NORMAL;UI-State-Reserve;;NEIN;JA
C:\Users\patsl\Downloads\DeutschZ_UI_Production_Kit\03_ICONS\Resources\coins_pressed.paa;coins_pressed.paa;.paa;;;NEIN;28306;5CE850F55ED513F5D0E60AD1DFE73AC2A3BC57B27B93531CFCED59E5BEAB98DB;ICON;PRESSED;UI-State-Reserve;;NEIN;NEIN
C:\Users\patsl\Downloads\DeutschZ_UI_Production_Kit\03_ICONS\Resources\coins_pressed.png;coins_pressed.png;.png;256x256;1.000000;JA;6908;817A3610BC7708B8220818CCA98117447FFC980AB10197CCFB1C685253F7674F;ICON;PRESSED;UI-State-Reserve;;NEIN;JA
C:\Users\patsl\Downloads\DeutschZ_UI_Production_Kit\03_ICONS\Resources\coins_warning.paa;coins_warning.paa;.paa;;;NEIN;28251;2DA6387A1EB96AA786788FBB27DBC964C5164DECA3A944503DB76F5293ABAA99;ICON;WARNING;UI-State-Reserve;;NEIN;NEIN
C:\Users\patsl\Downloads\DeutschZ_UI_Production_Kit\03_ICONS\Resources\coins_warning.png;coins_warning.png;.png;256x256;1.000000;JA;7237;C6A6D49DECAC2E6A18D434AA1B93D679D95E4AE8CD221E39623159FDD1363A11;ICON;WARNING;UI-State-Reserve;;NEIN;JA
C:\Users\patsl\Downloads\DeutschZ_UI_Production_Kit\03_ICONS\Resources\inventory_active.paa;inventory_active.paa;.paa;;;NEIN;27304;CF0B4E12978C09DEDEDE43D0F185B4DC8A05C64ECD7233A90EB3AA9535B0EBE2;ICON;ACTIVE;UI-State-Reserve;;NEIN;NEIN
C:\Users\patsl\Downloads\DeutschZ_UI_Production_Kit\03_ICONS\Resources\inventory_active.png;inventory_active.png;.png;256x256;1.000000;JA;5975;2B60354EB6FC7ED34583960024A53C9D365BC68E6D73655B0E361D6D966416D4;ICON;ACTIVE;UI-State-Reserve;;NEIN;JA
C:\Users\patsl\Downloads\DeutschZ_UI_Production_Kit\03_ICONS\Resources\inventory_disabled.paa;inventory_disabled.paa;.paa;;;NEIN;24006;325EE7D436EA5607F6E4B37FC1E93CEB39CED92F2052B83E13A2A8E853DCC620;ICON;DISABLED;UI-State-Reserve;;NEIN;NEIN
C:\Users\patsl\Downloads\DeutschZ_UI_Production_Kit\03_ICONS\Resources\inventory_disabled.png;inventory_disabled.png;.png;256x256;1.000000;JA;2196;4CD0EC9957E79257C828334DB9C4D68B2291190F0B5A6512E3481F3838B36E2C;ICON;DISABLED;UI-State-Reserve;;NEIN;JA
C:\Users\patsl\Downloads\DeutschZ_UI_Production_Kit\03_ICONS\Resources\inventory_hover.paa;inventory_hover.paa;.paa;;;NEIN;27101;97BC7F883B2BFC24CD9E50B890B2216941B89A290BBDFB22D5A87EAFF4697AED;ICON;HOVER;UI-State-Reserve;;NEIN;NEIN
C:\Users\patsl\Downloads\DeutschZ_UI_Production_Kit\03_ICONS\Resources\inventory_hover.png;inventory_hover.png;.png;256x256;1.000000;JA;5827;D9A41C2407E2A4F320875B485A1705EDA09721D9BB0A681947794E2ED46E9A89;ICON;HOVER;UI-State-Reserve;;NEIN;JA
C:\Users\patsl\Downloads\DeutschZ_UI_Production_Kit\03_ICONS\Resources\inventory_normal.paa;inventory_normal.paa;.paa;;;NEIN;24017;22F5FD0BED4B4573AFCB97584DD409DBDB26233E6B9582345954F8D632184538;ICON;NORMAL;UI-State-Reserve;;NEIN;NEIN
C:\Users\patsl\Downloads\DeutschZ_UI_Production_Kit\03_ICONS\Resources\inventory_normal.png;inventory_normal.png;.png;256x256;1.000000;JA;2228;92F0C849CD5F7CE6041A49710F7DA5AF81A9E9B05594CEE5EC9DBC3A63655FC0;ICON;NORMAL;UI-State-Reserve;;NEIN;JA
C:\Users\patsl\Downloads\DeutschZ_UI_Production_Kit\03_ICONS\Resources\inventory_pressed.paa;inventory_pressed.paa;.paa;;;NEIN;27259;0A69EA9EBDC0383FB5B1B1AD7C4AB637CD1ECBB4BF3A22F9029935FFF978426B;ICON;PRESSED;UI-State-Reserve;;NEIN;NEIN
C:\Users\patsl\Downloads\DeutschZ_UI_Production_Kit\03_ICONS\Resources\inventory_pressed.png;inventory_pressed.png;.png;256x256;1.000000;JA;6006;9C711F2FA3ADE5329546565F66B702AB052905F73A3D64263C5E1736B3C642EA;ICON;PRESSED;UI-State-Reserve;;NEIN;JA
C:\Users\patsl\Downloads\DeutschZ_UI_Production_Kit\03_ICONS\Resources\inventory_warning.paa;inventory_warning.paa;.paa;;;NEIN;27402;6119EB3C89E4FD1349409757BB899991AC79B9B4B7ABD155FE1BD04BE7C3EAF5;ICON;WARNING;UI-State-Reserve;;NEIN;NEIN
C:\Users\patsl\Downloads\DeutschZ_UI_Production_Kit\03_ICONS\Resources\inventory_warning.png;inventory_warning.png;.png;256x256;1.000000;JA;6425;C8A230135CF09B93F8213D2BE9174C72AA00FE838111AFB71C556EF5C94D9BCE;ICON;WARNING;UI-State-Reserve;;NEIN;JA
C:\Users\patsl\Downloads\DeutschZ_UI_Production_Kit\03_ICONS\Resources\rank_active.paa;rank_active.paa;.paa;;;NEIN;28196;FEE37F796C12688F58FF5D5AF20C9661891DDBC38A6E7FDC42B4F0D5A5BC2BE3;ICON;ACTIVE;UI-State-Reserve;;NEIN;NEIN
C:\Users\patsl\Downloads\DeutschZ_UI_Production_Kit\03_ICONS\Resources\rank_active.png;rank_active.png;.png;256x256;1.000000;JA;6902;B11ADDE607BE45D06D8E265DC04F8396A77A9210EABC6C14C833BC741D9BA4B3;ICON;ACTIVE;UI-State-Reserve;;NEIN;JA
C:\Users\patsl\Downloads\DeutschZ_UI_Production_Kit\03_ICONS\Resources\rank_disabled.paa;rank_disabled.paa;.paa;;;NEIN;24832;128927347029F52A0F06DE84FA080669FE7AA91C5D48C1AE0A0D8F36014A49F7;ICON;DISABLED;UI-State-Reserve;;NEIN;NEIN
C:\Users\patsl\Downloads\DeutschZ_UI_Production_Kit\03_ICONS\Resources\rank_disabled.png;rank_disabled.png;.png;256x256;1.000000;JA;3208;AD332D7F5DD9BCA4000591DD89AB2EED8F34EADAB9924D986E32C721C21EE933;ICON;DISABLED;UI-State-Reserve;;NEIN;JA
C:\Users\patsl\Downloads\DeutschZ_UI_Production_Kit\03_ICONS\Resources\rank_hover.paa;rank_hover.paa;.paa;;;NEIN;28014;2655737FBE9828E63680D99CED25028E5836658212782D3BFCC1519622C95EC9;ICON;HOVER;UI-State-Reserve;;NEIN;NEIN
C:\Users\patsl\Downloads\DeutschZ_UI_Production_Kit\03_ICONS\Resources\rank_hover.png;rank_hover.png;.png;256x256;1.000000;JA;6779;8A798A4D0CF764B43779414159183C4CDD316B9E18B89836EAEE3A2B15A517C6;ICON;HOVER;UI-State-Reserve;;NEIN;JA
C:\Users\patsl\Downloads\DeutschZ_UI_Production_Kit\03_ICONS\Resources\rank_normal.paa;rank_normal.paa;.paa;;;NEIN;24805;D427A22F9BECE73C7C60440E3535959CEA7B279EF4521E6562C5BCCC25AFCEA7;ICON;NORMAL;UI-State-Reserve;;NEIN;NEIN
C:\Users\patsl\Downloads\DeutschZ_UI_Production_Kit\03_ICONS\Resources\rank_normal.png;rank_normal.png;.png;256x256;1.000000;JA;3095;36C10A7F35F81CAC9D64E14B2CA13395F59F8DFB59010BF67E1C7C75066962CE;ICON;NORMAL;UI-State-Reserve;;NEIN;JA
C:\Users\patsl\Downloads\DeutschZ_UI_Production_Kit\03_ICONS\Resources\rank_pressed.paa;rank_pressed.paa;.paa;;;NEIN;28197;7E8DEB9A0D6CAFA373A796913DCCD728C1B536CBCA77518CCA6D8EF5E0A731B8;ICON;PRESSED;UI-State-Reserve;;NEIN;NEIN
C:\Users\patsl\Downloads\DeutschZ_UI_Production_Kit\03_ICONS\Resources\rank_pressed.png;rank_pressed.png;.png;256x256;1.000000;JA;6963;33855938F433A14946545792931C8046106531704684C8BF1B7E641C973A46C6;ICON;PRESSED;UI-State-Reserve;;NEIN;JA
C:\Users\patsl\Downloads\DeutschZ_UI_Production_Kit\03_ICONS\Resources\rank_warning.paa;rank_warning.paa;.paa;;;NEIN;28181;24D95DFBC41B22090E3E045B8E48D17B47F3294C10DBE56BCF76452CFA2B3FB6;ICON;WARNING;UI-State-Reserve;;NEIN;NEIN
C:\Users\patsl\Downloads\DeutschZ_UI_Production_Kit\03_ICONS\Resources\rank_warning.png;rank_warning.png;.png;256x256;1.000000;JA;7272;D00FA96440D05EEFD1C9D73AC69BFF8F4B4159A61A073D8DE816A4D2ADBA1E72;ICON;WARNING;UI-State-Reserve;;NEIN;JA
C:\Users\patsl\Downloads\DeutschZ_UI_Production_Kit\03_ICONS\Resources\skull_active.paa;skull_active.paa;.paa;;;NEIN;27980;E6BD36BC38C9181481E93F5BBFBA32C0CB12666CF0DA07CB74F47257DEB8BB28;ICON;ACTIVE;UI-State-Reserve;;NEIN;NEIN
C:\Users\patsl\Downloads\DeutschZ_UI_Production_Kit\03_ICONS\Resources\skull_active.png;skull_active.png;.png;256x256;1.000000;JA;6542;6E5C8AB50D645DB0AD77B669A228E04E1C29BD5DA55F1B8330771FA488709DD2;ICON;ACTIVE;UI-State-Reserve;;NEIN;JA
C:\Users\patsl\Downloads\DeutschZ_UI_Production_Kit\03_ICONS\Resources\skull_disabled.paa;skull_disabled.paa;.paa;;;NEIN;24646;D055460DD459CC0F290FE4362C640B9DBFAA7FCBBB66B4CBBB74447D28DF79D3;ICON;DISABLED;UI-State-Reserve;;NEIN;NEIN
C:\Users\patsl\Downloads\DeutschZ_UI_Production_Kit\03_ICONS\Resources\skull_disabled.png;skull_disabled.png;.png;256x256;1.000000;JA;2797;8F8DD35897DC910C00F92E7385CF6774FF40BCBE234EB04B0F2A54F5338DC082;ICON;DISABLED;UI-State-Reserve;;NEIN;JA
C:\Users\patsl\Downloads\DeutschZ_UI_Production_Kit\03_ICONS\Resources\skull_hover.paa;skull_hover.paa;.paa;;;NEIN;27770;99C59EB91D801FEA868CC3F0ADA5D4E968D8C1CE64B3CD71548E5F5B3683EA51;ICON;HOVER;UI-State-Reserve;;NEIN;NEIN
C:\Users\patsl\Downloads\DeutschZ_UI_Production_Kit\03_ICONS\Resources\skull_hover.png;skull_hover.png;.png;256x256;1.000000;JA;6396;0E3B2C5136F523F062102A950F8F659BA8B2985EBF3613D811AA2B85FB2C4DFC;ICON;HOVER;UI-State-Reserve;;NEIN;JA
C:\Users\patsl\Downloads\DeutschZ_UI_Production_Kit\03_ICONS\Resources\skull_normal.paa;skull_normal.paa;.paa;;;NEIN;24611;AC09BDDEE5D72A25A7B9027259BD88D9272E6F22146E792DEEAD9EB2757BE727;ICON;NORMAL;UI-State-Reserve;;NEIN;NEIN
C:\Users\patsl\Downloads\DeutschZ_UI_Production_Kit\03_ICONS\Resources\skull_normal.png;skull_normal.png;.png;256x256;1.000000;JA;2642;09FFE9814CDEEB67F61A3ED246D1ADF0B01AB75F025D4DED1571CCBF276946A3;ICON;NORMAL;UI-State-Reserve;;NEIN;JA
C:\Users\patsl\Downloads\DeutschZ_UI_Production_Kit\03_ICONS\Resources\skull_pressed.paa;skull_pressed.paa;.paa;;;NEIN;28007;4F44B67FEBCACEEC5778FD3527B144771BD486E047136F462CD0A23CE503EB6B;ICON;PRESSED;UI-State-Reserve;;NEIN;NEIN
C:\Users\patsl\Downloads\DeutschZ_UI_Production_Kit\03_ICONS\Resources\skull_pressed.png;skull_pressed.png;.png;256x256;1.000000;JA;6594;29DD6B38F17869071850693C1B17B3AD7FCA61212A9F943A90A5592439BFE255;ICON;PRESSED;UI-State-Reserve;;NEIN;JA
C:\Users\patsl\Downloads\DeutschZ_UI_Production_Kit\03_ICONS\Resources\skull_warning.paa;skull_warning.paa;.paa;;;NEIN;27995;7757188046F2CB355B080F52B18F5791FC6D51311ECC6DFB40502DB470E9269D;ICON;WARNING;UI-State-Reserve;;NEIN;NEIN
C:\Users\patsl\Downloads\DeutschZ_UI_Production_Kit\03_ICONS\Resources\skull_warning.png;skull_warning.png;.png;256x256;1.000000;JA;6884;0340E494117BEED27959DDBBE9ACB0AA6375029EEE1B80A2D739715FC40A90E8;ICON;WARNING;UI-State-Reserve;;NEIN;JA
C:\Users\patsl\Downloads\DeutschZ_UI_Production_Kit\03_ICONS\Social\discord_active.paa;discord_active.paa;.paa;;;NEIN;27812;44D7850987D072EDC216B79C190A26773097750A3B195839F8A98D795779FF40;ICON;ACTIVE;UI-State-Reserve;;NEIN;NEIN
C:\Users\patsl\Downloads\DeutschZ_UI_Production_Kit\03_ICONS\Social\discord_active.png;discord_active.png;.png;256x256;1.000000;JA;6447;25E77B4BF537C71EFF95A7C0036EA775E4A9EEC70B3EF051007CDEB6C5FB888C;ICON;ACTIVE;UI-State-Reserve;;NEIN;JA
C:\Users\patsl\Downloads\DeutschZ_UI_Production_Kit\03_ICONS\Social\discord_disabled.paa;discord_disabled.paa;.paa;;;NEIN;24408;D5DD0D7C0A13C5AC6A371CC2299FAD771F5815022B209892152F7B3AB545DEB3;ICON;DISABLED;UI-State-Reserve;;NEIN;NEIN
C:\Users\patsl\Downloads\DeutschZ_UI_Production_Kit\03_ICONS\Social\discord_disabled.png;discord_disabled.png;.png;256x256;1.000000;JA;2621;122DB9339E430E5478E728DE7F16D5F4ADB3FC6BDD0F848981462700B1D3DA1B;ICON;DISABLED;UI-State-Reserve;;NEIN;JA
C:\Users\patsl\Downloads\DeutschZ_UI_Production_Kit\03_ICONS\Social\discord_hover.paa;discord_hover.paa;.paa;;;NEIN;27553;F794154DE7C2395B23AEE345EDA04A2C10158F73D79D7FD6E143FC98708357B6;ICON;HOVER;UI-State-Reserve;;NEIN;NEIN
C:\Users\patsl\Downloads\DeutschZ_UI_Production_Kit\03_ICONS\Social\discord_hover.png;discord_hover.png;.png;256x256;1.000000;JA;6285;27AA72F8A9BB21CB6EE5B1A0996F513B7A2EFA812E03AA81CEFC56AC425604EC;ICON;HOVER;UI-State-Reserve;;NEIN;JA
C:\Users\patsl\Downloads\DeutschZ_UI_Production_Kit\03_ICONS\Social\discord_normal.paa;discord_normal.paa;.paa;;;NEIN;24477;759F84F0BBA692F7C5200C3D309D835BAAF9A56363A1D7B57A5C8CE275689663;ICON;NORMAL;UI-State-Reserve;;NEIN;NEIN
C:\Users\patsl\Downloads\DeutschZ_UI_Production_Kit\03_ICONS\Social\discord_normal.png;discord_normal.png;.png;256x256;1.000000;JA;2588;350D563B266AE883A22C6D96C4E58BAF64D4AEADF0022D8EB84990A42096A6CF;ICON;NORMAL;UI-State-Reserve;;NEIN;JA
C:\Users\patsl\Downloads\DeutschZ_UI_Production_Kit\03_ICONS\Social\discord_pressed.paa;discord_pressed.paa;.paa;;;NEIN;27715;FE3DEA423FF09EB3E3FD57494E760C3E5A74850CC21504645FB5F5F3D21C6C5C;ICON;PRESSED;UI-State-Reserve;;NEIN;NEIN
C:\Users\patsl\Downloads\DeutschZ_UI_Production_Kit\03_ICONS\Social\discord_pressed.png;discord_pressed.png;.png;256x256;1.000000;JA;6287;75073CD6151B09E1E8DE29969AF13C1CCE1AF342B6C5E6802321DED892EFE730;ICON;PRESSED;UI-State-Reserve;;NEIN;JA
C:\Users\patsl\Downloads\DeutschZ_UI_Production_Kit\03_ICONS\Social\discord_warning.paa;discord_warning.paa;.paa;;;NEIN;27851;04F3DF64221B05975CAAFBCB182406C6A59E28C7FEFBCDD6B188BF61674A303F;ICON;WARNING;UI-State-Reserve;;NEIN;NEIN
C:\Users\patsl\Downloads\DeutschZ_UI_Production_Kit\03_ICONS\Social\discord_warning.png;discord_warning.png;.png;256x256;1.000000;JA;6872;8B796A9ACBF2CD8AC8D6A6777BD314CEFDA3230C4B54E7B523A3C715615A4235;ICON;WARNING;UI-State-Reserve;;NEIN;JA
C:\Users\patsl\Downloads\DeutschZ_UI_Production_Kit\03_ICONS\Social\vote_active.paa;vote_active.paa;.paa;;;NEIN;27718;D271FA47E2C820BFED846853F0D8C3DCFB1CFA461CC86BF06CA1717FF7357736;ICON;ACTIVE;UI-State-Reserve;;NEIN;NEIN
C:\Users\patsl\Downloads\DeutschZ_UI_Production_Kit\03_ICONS\Social\vote_active.png;vote_active.png;.png;256x256;1.000000;JA;6388;CD7307CA4DDC26E995574FDE772ADBABAB10F687A643FC87C433AC3A706FC4E0;ICON;ACTIVE;UI-State-Reserve;;NEIN;JA
C:\Users\patsl\Downloads\DeutschZ_UI_Production_Kit\03_ICONS\Social\vote_disabled.paa;vote_disabled.paa;.paa;;;NEIN;24351;1FE46840BD699A8FE2568E81569F9EF9CACF596B8A49285D6D5893E44694801C;ICON;DISABLED;UI-State-Reserve;;NEIN;NEIN
C:\Users\patsl\Downloads\DeutschZ_UI_Production_Kit\03_ICONS\Social\vote_disabled.png;vote_disabled.png;.png;256x256;1.000000;JA;2637;0A976B833F725B7D96BB825DE12A610F275E68A553D21A625E134CE4E9217007;ICON;DISABLED;UI-State-Reserve;;NEIN;JA
C:\Users\patsl\Downloads\DeutschZ_UI_Production_Kit\03_ICONS\Social\vote_hover.paa;vote_hover.paa;.paa;;;NEIN;27480;5641A3FAC2E0880DEB3898B125704311D13625C747AA2D92497D57186C9E98FB;ICON;HOVER;UI-State-Reserve;;NEIN;NEIN
C:\Users\patsl\Downloads\DeutschZ_UI_Production_Kit\03_ICONS\Social\vote_hover.png;vote_hover.png;.png;256x256;1.000000;JA;6226;7438A39F377F2119A148127FB93B285296CD93A1D97E0505CCE28EC7FBE0324C;ICON;HOVER;UI-State-Reserve;;NEIN;JA
C:\Users\patsl\Downloads\DeutschZ_UI_Production_Kit\03_ICONS\Social\vote_normal.paa;vote_normal.paa;.paa;;;NEIN;24348;0E33D0981AD08F909882C01B7F8D05379013C7ABDE9DC952811C3DF1E6FC86AD;ICON;NORMAL;UI-State-Reserve;;NEIN;NEIN
C:\Users\patsl\Downloads\DeutschZ_UI_Production_Kit\03_ICONS\Social\vote_normal.png;vote_normal.png;.png;256x256;1.000000;JA;2524;AE4F1BCBC34A9DA7D85192D33AE39B305C8B580C32D5092797D84CC21D4A54C9;ICON;NORMAL;UI-State-Reserve;;NEIN;JA
C:\Users\patsl\Downloads\DeutschZ_UI_Production_Kit\03_ICONS\Social\vote_pressed.paa;vote_pressed.paa;.paa;;;NEIN;27692;2C62BA1545B234802A8FE4ABF646634BA26099F099661A47FBC6C22014852720;ICON;PRESSED;UI-State-Reserve;;NEIN;NEIN
C:\Users\patsl\Downloads\DeutschZ_UI_Production_Kit\03_ICONS\Social\vote_pressed.png;vote_pressed.png;.png;256x256;1.000000;JA;6437;0027994EA8A3835658901313AC3D5E08BA726789C76F6EB0F598BF1118ED82C8;ICON;PRESSED;UI-State-Reserve;;NEIN;JA
C:\Users\patsl\Downloads\DeutschZ_UI_Production_Kit\03_ICONS\Social\vote_warning.paa;vote_warning.paa;.paa;;;NEIN;27825;D0146A13A392C58FFD35C9BE3D2241FFDA5C072F4E9CFF823327F8EED4A80AA9;ICON;WARNING;UI-State-Reserve;;NEIN;NEIN
C:\Users\patsl\Downloads\DeutschZ_UI_Production_Kit\03_ICONS\Social\vote_warning.png;vote_warning.png;.png;256x256;1.000000;JA;6858;9F471F14C20B9300BEEFFFA4C2E7A6924FDEEDFE0286132DFFD9C9F105B12666;ICON;WARNING;UI-State-Reserve;;NEIN;JA
C:\Users\patsl\Downloads\DeutschZ_UI_Production_Kit\03_ICONS\Social\website_active.paa;website_active.paa;.paa;;;NEIN;28532;4EED2BA18FCE1A9B104BC6F81851F1322C8408DC5AAD9F786D3D0D943105AC2E;ICON;ACTIVE;UI-State-Reserve;;NEIN;NEIN
C:\Users\patsl\Downloads\DeutschZ_UI_Production_Kit\03_ICONS\Social\website_active.png;website_active.png;.png;256x256;1.000000;JA;6929;4A980C58D0F6C247C9983ED71C987B12F44BAB0133AE07EFB248ECF15E21A11A;ICON;ACTIVE;UI-State-Reserve;;NEIN;JA
C:\Users\patsl\Downloads\DeutschZ_UI_Production_Kit\03_ICONS\Social\website_disabled.paa;website_disabled.paa;.paa;;;NEIN;25137;82A771BE0AA166CA918FDA34BE04F2B1290766667E8059CF6BE50F8AA08801CD;ICON;DISABLED;UI-State-Reserve;;NEIN;NEIN
C:\Users\patsl\Downloads\DeutschZ_UI_Production_Kit\03_ICONS\Social\website_disabled.png;website_disabled.png;.png;256x256;1.000000;JA;3095;7C5F1CB23F693E25B5A77C0EFC683E4EB4A9ADA485B074B79F55B24096E9DDDB;ICON;DISABLED;UI-State-Reserve;;NEIN;JA
C:\Users\patsl\Downloads\DeutschZ_UI_Production_Kit\03_ICONS\Social\website_hover.paa;website_hover.paa;.paa;;;NEIN;28321;B7BEEE005B1FD278D334F7A939223F71900F65BE3267F2A124D225DF53186FE1;ICON;HOVER;UI-State-Reserve;;NEIN;NEIN
C:\Users\patsl\Downloads\DeutschZ_UI_Production_Kit\03_ICONS\Social\website_hover.png;website_hover.png;.png;256x256;1.000000;JA;6754;B5B0500CE7B728939D36D30EF3D96F4A96FD10DA8F5DEBAC5914514DB1F7C2D7;ICON;HOVER;UI-State-Reserve;;NEIN;JA
C:\Users\patsl\Downloads\DeutschZ_UI_Production_Kit\03_ICONS\Social\website_normal.paa;website_normal.paa;.paa;;;NEIN;25198;C3A69651D5DC032DA79F2C0CBC72B7DE09AE6FD9B4F9BDF0AB2B10D747AE5D0A;ICON;NORMAL;UI-State-Reserve;;NEIN;NEIN
C:\Users\patsl\Downloads\DeutschZ_UI_Production_Kit\03_ICONS\Social\website_normal.png;website_normal.png;.png;256x256;1.000000;JA;3134;5A4B45253AE6CB59197E5F73F5142587CA0F2BE059FC5BA2BCC4F4D439FC8F0D;ICON;NORMAL;UI-State-Reserve;;NEIN;JA
C:\Users\patsl\Downloads\DeutschZ_UI_Production_Kit\03_ICONS\Social\website_pressed.paa;website_pressed.paa;.paa;;;NEIN;28507;ACE2E49E132B5F60623EB3B142D27FA22D3A9BF15CE03FCC4E070AC4D78A8796;ICON;PRESSED;UI-State-Reserve;;NEIN;NEIN
C:\Users\patsl\Downloads\DeutschZ_UI_Production_Kit\03_ICONS\Social\website_pressed.png;website_pressed.png;.png;256x256;1.000000;JA;6958;80571C7C08D64E8619DCAA287E8A7B4563988464A01B091C2BB6C0EB5E6A39A6;ICON;PRESSED;UI-State-Reserve;;NEIN;JA
C:\Users\patsl\Downloads\DeutschZ_UI_Production_Kit\03_ICONS\Social\website_warning.paa;website_warning.paa;.paa;;;NEIN;28556;83D2E7A1F85BCD73DD8930CBB9C59C120A6025D5842B6D178418AAF526095193;ICON;WARNING;UI-State-Reserve;;NEIN;NEIN
C:\Users\patsl\Downloads\DeutschZ_UI_Production_Kit\03_ICONS\Social\website_warning.png;website_warning.png;.png;256x256;1.000000;JA;7426;B5940B4195144D8C93C908F7EDDE48A379A7D971BADFBB6E434A601C8ADBB2C4;ICON;WARNING;UI-State-Reserve;;NEIN;JA
C:\Users\patsl\Downloads\DeutschZ_UI_Production_Kit\03_ICONS\Status\clock_active.paa;clock_active.paa;.paa;;;NEIN;28315;FEF173E201975E07330868432F582557B08F3039292A8DD15D897FFE49D500AD;ICON;ACTIVE;UI-State-Reserve;;NEIN;NEIN
C:\Users\patsl\Downloads\DeutschZ_UI_Production_Kit\03_ICONS\Status\clock_active.png;clock_active.png;.png;256x256;1.000000;JA;6919;7B01A820348317586FF2A92D880078E675FDAE50BF81A526DE99A7209A4BE9AD;ICON;ACTIVE;UI-State-Reserve;;NEIN;JA
C:\Users\patsl\Downloads\DeutschZ_UI_Production_Kit\03_ICONS\Status\clock_disabled.paa;clock_disabled.paa;.paa;;;NEIN;24974;D3B53CDE1380A19FCE022257DCE1C8A456505E894AED7C7844B4BF07A8AC6201;ICON;DISABLED;UI-State-Reserve;;NEIN;NEIN
C:\Users\patsl\Downloads\DeutschZ_UI_Production_Kit\03_ICONS\Status\clock_disabled.png;clock_disabled.png;.png;256x256;1.000000;JA;3073;F1CEB2064B98FD561C236CE7542D205262A04FA07FF11F830FAED41A92306103;ICON;DISABLED;UI-State-Reserve;;NEIN;JA
C:\Users\patsl\Downloads\DeutschZ_UI_Production_Kit\03_ICONS\Status\clock_hover.paa;clock_hover.paa;.paa;;;NEIN;27980;6458261C4860E60CBF928C454F0F9B6097CCDCA2423CA899708EFD27E24C6C86;ICON;HOVER;UI-State-Reserve;;NEIN;NEIN
C:\Users\patsl\Downloads\DeutschZ_UI_Production_Kit\03_ICONS\Status\clock_hover.png;clock_hover.png;.png;256x256;1.000000;JA;6560;1ED318423224B0CA4239645DFC576967E74DC494F8267A31836EF1CA28FBC631;ICON;HOVER;UI-State-Reserve;;NEIN;JA
C:\Users\patsl\Downloads\DeutschZ_UI_Production_Kit\03_ICONS\Status\clock_normal.paa;clock_normal.paa;.paa;;;NEIN;25056;4B007A49CD52A32BF03BCA4171A470390FA36E4A97AC0BE5E8C7A1AD75CCF6C3;ICON;NORMAL;UI-State-Reserve;;NEIN;NEIN
C:\Users\patsl\Downloads\DeutschZ_UI_Production_Kit\03_ICONS\Status\clock_normal.png;clock_normal.png;.png;256x256;1.000000;JA;3124;CB17B720DB96D325C48D4CFABC17138055DD18CD0A1289D2033E7A9909955A62;ICON;NORMAL;UI-State-Reserve;;NEIN;JA
C:\Users\patsl\Downloads\DeutschZ_UI_Production_Kit\03_ICONS\Status\clock_pressed.paa;clock_pressed.paa;.paa;;;NEIN;28362;4B13FF6ED344831D81BA04AB0EAB5977C88F38EA14F79EC31EC881A5BC7482A3;ICON;PRESSED;UI-State-Reserve;;NEIN;NEIN
C:\Users\patsl\Downloads\DeutschZ_UI_Production_Kit\03_ICONS\Status\clock_pressed.png;clock_pressed.png;.png;256x256;1.000000;JA;6919;358BC1449EB91C61E19967DAD6E4242A7133E6AE7BB7CC82B4A67AA91F071B78;ICON;PRESSED;UI-State-Reserve;;NEIN;JA
C:\Users\patsl\Downloads\DeutschZ_UI_Production_Kit\03_ICONS\Status\clock_warning.paa;clock_warning.paa;.paa;;;NEIN;28390;296BF2570BFDDAD2DE041571C64485E0C7F7C15D572D220EDCF53AD4536B0201;ICON;WARNING;UI-State-Reserve;;NEIN;NEIN
C:\Users\patsl\Downloads\DeutschZ_UI_Production_Kit\03_ICONS\Status\clock_warning.png;clock_warning.png;.png;256x256;1.000000;JA;7302;75AE4563E15190C2E0D08F1DC54045ADCF796BB9CC55FDC7399F65981B0032C5;ICON;WARNING;UI-State-Reserve;;NEIN;JA
C:\Users\patsl\Downloads\DeutschZ_UI_Production_Kit\03_ICONS\Status\coins_active.paa;coins_active.paa;.paa;;;NEIN;28195;D13228CC73C96FFC4434EC0D243C627DE081C1299C6E27C798355A2BE0697CD0;ICON;ACTIVE;UI-State-Reserve;;NEIN;NEIN
C:\Users\patsl\Downloads\DeutschZ_UI_Production_Kit\03_ICONS\Status\coins_active.png;coins_active.png;.png;256x256;1.000000;JA;6841;D777EC9F0DCB85082DEDFFD15B22770FB2E469F94CA309895575CDBE1D9F015A;ICON;ACTIVE;UI-State-Reserve;;NEIN;JA
C:\Users\patsl\Downloads\DeutschZ_UI_Production_Kit\03_ICONS\Status\coins_disabled.paa;coins_disabled.paa;.paa;;;NEIN;24852;A2323F151510A33355C0D1B1D5F833FAAF3BF7B0993D2A9B9FF779DAF0507CB9;ICON;DISABLED;UI-State-Reserve;;NEIN;NEIN
C:\Users\patsl\Downloads\DeutschZ_UI_Production_Kit\03_ICONS\Status\coins_disabled.png;coins_disabled.png;.png;256x256;1.000000;JA;3086;5507390FF208AA97830D5EDD9896F8BAB7925B6068318C65D7A1E2F3C83AD118;ICON;DISABLED;UI-State-Reserve;;NEIN;JA
C:\Users\patsl\Downloads\DeutschZ_UI_Production_Kit\03_ICONS\Status\coins_hover.paa;coins_hover.paa;.paa;;;NEIN;27991;D0E660DEA1164FF7195D86737ACF1F54B9546392FB30B7651CC04F9A71B893A7;ICON;HOVER;UI-State-Reserve;;NEIN;NEIN
C:\Users\patsl\Downloads\DeutschZ_UI_Production_Kit\03_ICONS\Status\coins_hover.png;coins_hover.png;.png;256x256;1.000000;JA;6671;6358FDD847760A3C58728659FD38123AD25C941B00D36F54A8B2C5BF3F420817;ICON;HOVER;UI-State-Reserve;;NEIN;JA
C:\Users\patsl\Downloads\DeutschZ_UI_Production_Kit\03_ICONS\Status\coins_normal.paa;coins_normal.paa;.paa;;;NEIN;24923;B0F0FE68387504CD3ACEDEF5A095B33B8743CACEE7FCECF72394173221E7A481;ICON;NORMAL;UI-State-Reserve;;NEIN;NEIN
C:\Users\patsl\Downloads\DeutschZ_UI_Production_Kit\03_ICONS\Status\coins_normal.png;coins_normal.png;.png;256x256;1.000000;JA;3036;06DF31D9C73851630D1F85B50FBFFBF45739217411C05543EC377259D2A2DF82;ICON;NORMAL;UI-State-Reserve;;NEIN;JA
C:\Users\patsl\Downloads\DeutschZ_UI_Production_Kit\03_ICONS\Status\coins_pressed.paa;coins_pressed.paa;.paa;;;NEIN;28339;67FA92CE17A07BC3D458C1E65A725C6F43F6C279C1071FCC52B60D5A7F8EAEE6;ICON;PRESSED;UI-State-Reserve;;NEIN;NEIN
C:\Users\patsl\Downloads\DeutschZ_UI_Production_Kit\03_ICONS\Status\coins_pressed.png;coins_pressed.png;.png;256x256;1.000000;JA;6933;BAE8E90249E157F3D948BE4A14A28AB0C810A044DB75B3D934A86ADD00903958;ICON;PRESSED;UI-State-Reserve;;NEIN;JA
C:\Users\patsl\Downloads\DeutschZ_UI_Production_Kit\03_ICONS\Status\coins_warning.paa;coins_warning.paa;.paa;;;NEIN;28273;7739A4F3E5F00911F4BECC9358339DB288AAB4D3F600AC44D810DB924C580BC4;ICON;WARNING;UI-State-Reserve;;NEIN;NEIN
C:\Users\patsl\Downloads\DeutschZ_UI_Production_Kit\03_ICONS\Status\coins_warning.png;coins_warning.png;.png;256x256;1.000000;JA;7257;4AC192A20C2EA9D994CB3AA3368C24B99A714201B510650D992751DABDF4E6FD;ICON;WARNING;UI-State-Reserve;;NEIN;JA
C:\Users\patsl\Downloads\DeutschZ_UI_Production_Kit\03_ICONS\Status\rank_active.paa;rank_active.paa;.paa;;;NEIN;28143;C3E136C18F0CD12864F7957B4B3A69F4A9213DC55C148A679A5BCCB10CA9A76C;ICON;ACTIVE;UI-State-Reserve;;NEIN;NEIN
C:\Users\patsl\Downloads\DeutschZ_UI_Production_Kit\03_ICONS\Status\rank_active.png;rank_active.png;.png;256x256;1.000000;JA;6915;B415F8873247C650EEFA91E8FD33F796F322F83D4BF98946EE43B1794BEA093D;ICON;ACTIVE;UI-State-Reserve;;NEIN;JA
C:\Users\patsl\Downloads\DeutschZ_UI_Production_Kit\03_ICONS\Status\rank_disabled.paa;rank_disabled.paa;.paa;;;NEIN;24833;7E4E8F529EDA9D4634D9E67A56652F1384F09E8A764AC0C402CF057F5786C394;ICON;DISABLED;UI-State-Reserve;;NEIN;NEIN
C:\Users\patsl\Downloads\DeutschZ_UI_Production_Kit\03_ICONS\Status\rank_disabled.png;rank_disabled.png;.png;256x256;1.000000;JA;3201;AE0B3F3AD03C05D9D0D08C2F4F18FB02401AA008098C1774D40D250960A0B660;ICON;DISABLED;UI-State-Reserve;;NEIN;JA
C:\Users\patsl\Downloads\DeutschZ_UI_Production_Kit\03_ICONS\Status\rank_hover.paa;rank_hover.paa;.paa;;;NEIN;27923;60B4BD626B288E11390011D2DDF0A289399BD1F0F372A45CC1102958B2839136;ICON;HOVER;UI-State-Reserve;;NEIN;NEIN
C:\Users\patsl\Downloads\DeutschZ_UI_Production_Kit\03_ICONS\Status\rank_hover.png;rank_hover.png;.png;256x256;1.000000;JA;6668;AAD9BE5947B840A834D5F8C3F911CD954211276D69E8667749992F7B8A3CC499;ICON;HOVER;UI-State-Reserve;;NEIN;JA
C:\Users\patsl\Downloads\DeutschZ_UI_Production_Kit\03_ICONS\Status\rank_normal.paa;rank_normal.paa;.paa;;;NEIN;24861;0C414405E26894BC556F864A9134BF0AB21B1BBC1AC00D0DB60D377CA54E53EF;ICON;NORMAL;UI-State-Reserve;;NEIN;NEIN
C:\Users\patsl\Downloads\DeutschZ_UI_Production_Kit\03_ICONS\Status\rank_normal.png;rank_normal.png;.png;256x256;1.000000;JA;3157;D857C4B41F9FC11D2A77D5C4EC2161FCB0FC3CF438F77507B6018CAC58C1B3E7;ICON;NORMAL;UI-State-Reserve;;NEIN;JA
C:\Users\patsl\Downloads\DeutschZ_UI_Production_Kit\03_ICONS\Status\rank_pressed.paa;rank_pressed.paa;.paa;;;NEIN;28145;EF464E94D120F36C6A3901C25742430F12F72176CD4FBA04856EF3A463EB6E38;ICON;PRESSED;UI-State-Reserve;;NEIN;NEIN
C:\Users\patsl\Downloads\DeutschZ_UI_Production_Kit\03_ICONS\Status\rank_pressed.png;rank_pressed.png;.png;256x256;1.000000;JA;6939;CC82317725F757AAB008820F9E33F01ECA716E2F72C23DA5DE931B17F0081B42;ICON;PRESSED;UI-State-Reserve;;NEIN;JA
C:\Users\patsl\Downloads\DeutschZ_UI_Production_Kit\03_ICONS\Status\rank_warning.paa;rank_warning.paa;.paa;;;NEIN;28163;8A1F9A887DC1D6F1FDF1F826FBC1C1C1FF66C66EF805E6BF21539FB412C55DC4;ICON;WARNING;UI-State-Reserve;;NEIN;NEIN
C:\Users\patsl\Downloads\DeutschZ_UI_Production_Kit\03_ICONS\Status\rank_warning.png;rank_warning.png;.png;256x256;1.000000;JA;7270;2FE03DF01FC47BBBCE3F0529891AE752D369D85711AE3BE6D37DA155E3F82854;ICON;WARNING;UI-State-Reserve;;NEIN;JA
C:\Users\patsl\Downloads\DeutschZ_UI_Production_Kit\03_ICONS\Status\safezone_active.paa;safezone_active.paa;.paa;;;NEIN;27865;B992C75C7DC632D8D1F0719A9064A182AC77A3D0242EB7912977E96D09438CEB;ICON;ACTIVE;UI-State-Reserve;;NEIN;NEIN
C:\Users\patsl\Downloads\DeutschZ_UI_Production_Kit\03_ICONS\Status\safezone_active.png;safezone_active.png;.png;256x256;1.000000;JA;6344;E580EC05C40618E5AFC21E9320E7018BAA752416AB222540B27E6E39D520B74F;ICON;ACTIVE;UI-State-Reserve;;NEIN;JA
C:\Users\patsl\Downloads\DeutschZ_UI_Production_Kit\03_ICONS\Status\safezone_disabled.paa;safezone_disabled.paa;.paa;;;NEIN;24465;BA917341D1C3F6380022B813AB6E0B578CDC922120AF9B815801683A2166AEC5;ICON;DISABLED;UI-State-Reserve;;NEIN;NEIN
C:\Users\patsl\Downloads\DeutschZ_UI_Production_Kit\03_ICONS\Status\safezone_disabled.png;safezone_disabled.png;.png;256x256;1.000000;JA;2465;B8FBEC143B2C19013B4E6BA275CBD2FD1830D9413E65DA008F9E4AE3897697D9;ICON;DISABLED;UI-State-Reserve;;NEIN;JA
C:\Users\patsl\Downloads\DeutschZ_UI_Production_Kit\03_ICONS\Status\safezone_hover.paa;safezone_hover.paa;.paa;;;NEIN;27601;922F8A1FBE4D43FE3D77F277A0FE89E4F0EF9AB11D429B3D4ACCBCCD6E17A190;ICON;HOVER;UI-State-Reserve;;NEIN;NEIN
C:\Users\patsl\Downloads\DeutschZ_UI_Production_Kit\03_ICONS\Status\safezone_hover.png;safezone_hover.png;.png;256x256;1.000000;JA;6114;3B5D5DD0944388B4D3DEA2FAAF7E5BBD6B7E828DD9B40DE1EF8D20A699674E61;ICON;HOVER;UI-State-Reserve;;NEIN;JA
C:\Users\patsl\Downloads\DeutschZ_UI_Production_Kit\03_ICONS\Status\safezone_normal.paa;safezone_normal.paa;.paa;;;NEIN;24471;CF26AD71E5FBC73A77241F8C41EB475C1E34790A3CE395F2FE7EB658D1479EA8;ICON;NORMAL;UI-State-Reserve;;NEIN;NEIN
C:\Users\patsl\Downloads\DeutschZ_UI_Production_Kit\03_ICONS\Status\safezone_normal.png;safezone_normal.png;.png;256x256;1.000000;JA;2515;35F0FE47FD06B649081346D720904109684FE79D2200794C05B191499404FFD4;ICON;NORMAL;UI-State-Reserve;;NEIN;JA
C:\Users\patsl\Downloads\DeutschZ_UI_Production_Kit\03_ICONS\Status\safezone_pressed.paa;safezone_pressed.paa;.paa;;;NEIN;27795;C07291C5FF217C09633BA21991B7EA96F648D13614F2469FFCAA5DB88DC9645E;ICON;PRESSED;UI-State-Reserve;;NEIN;NEIN
C:\Users\patsl\Downloads\DeutschZ_UI_Production_Kit\03_ICONS\Status\safezone_pressed.png;safezone_pressed.png;.png;256x256;1.000000;JA;6340;8864E66B2E645680C083BC65DFDB8AAB3F8988DFFD2B7487D63F85C42BDF42C1;ICON;PRESSED;UI-State-Reserve;;NEIN;JA
C:\Users\patsl\Downloads\DeutschZ_UI_Production_Kit\03_ICONS\Status\safezone_warning.paa;safezone_warning.paa;.paa;;;NEIN;27813;58C19FFA586956902AA12555E4228103CF0094CBD9A32A6CBC698B70D265A2BB;ICON;WARNING;UI-State-Reserve;;NEIN;NEIN
C:\Users\patsl\Downloads\DeutschZ_UI_Production_Kit\03_ICONS\Status\safezone_warning.png;safezone_warning.png;.png;256x256;1.000000;JA;6646;D7ED37FD163E908D83638848F0209D3B7EA1625CFBB49065698FA6DCD0C60F4F;ICON;WARNING;UI-State-Reserve;;NEIN;JA
C:\Users\patsl\Downloads\DeutschZ_UI_Production_Kit\03_ICONS\Status\skull_active.paa;skull_active.paa;.paa;;;NEIN;27968;221102E801CB75321783F9C70D6A06B6E1C8C23B15B68C4F8B0083A3097E2202;ICON;ACTIVE;UI-State-Reserve;;NEIN;NEIN
C:\Users\patsl\Downloads\DeutschZ_UI_Production_Kit\03_ICONS\Status\skull_active.png;skull_active.png;.png;256x256;1.000000;JA;6470;4F42536877EC54D30D2B1A255601966BAE1CC8F28CC3A72E29F56A895D95995E;ICON;ACTIVE;UI-State-Reserve;;NEIN;JA
C:\Users\patsl\Downloads\DeutschZ_UI_Production_Kit\03_ICONS\Status\skull_disabled.paa;skull_disabled.paa;.paa;;;NEIN;24710;6FE537F089AFF21BC283902F01DB1E2E340DB2C053C97E02B112F1966C897D8D;ICON;DISABLED;UI-State-Reserve;;NEIN;NEIN
C:\Users\patsl\Downloads\DeutschZ_UI_Production_Kit\03_ICONS\Status\skull_disabled.png;skull_disabled.png;.png;256x256;1.000000;JA;2858;C122A440457E5DA7C3CDF7B4A9F938FE8BC9DD6AF7B32DBDF1396CAE807027C3;ICON;DISABLED;UI-State-Reserve;;NEIN;JA
C:\Users\patsl\Downloads\DeutschZ_UI_Production_Kit\03_ICONS\Status\skull_hover.paa;skull_hover.paa;.paa;;;NEIN;27734;6F53093B95F6F6271CB1C444AE7FB1B96DE4D4C914B36496ADFE09C9D7846CC6;ICON;HOVER;UI-State-Reserve;;NEIN;NEIN
C:\Users\patsl\Downloads\DeutschZ_UI_Production_Kit\03_ICONS\Status\skull_hover.png;skull_hover.png;.png;256x256;1.000000;JA;6361;95F2BC511CAFD5F1F97D2A0D0D6C31CAD7148BF75019C6753E0CBD7D79F88A1E;ICON;HOVER;UI-State-Reserve;;NEIN;JA
C:\Users\patsl\Downloads\DeutschZ_UI_Production_Kit\03_ICONS\Status\skull_normal.paa;skull_normal.paa;.paa;;;NEIN;24686;9B07C81E05859C5AF4A498396965DB663B33E20B90968E8E26C09D10286445D5;ICON;NORMAL;UI-State-Reserve;;NEIN;NEIN
C:\Users\patsl\Downloads\DeutschZ_UI_Production_Kit\03_ICONS\Status\skull_normal.png;skull_normal.png;.png;256x256;1.000000;JA;2774;1EDDA705FE49215503782DA959784BA91EDA42FA60D0F33E164A1E6CEFA0C135;ICON;NORMAL;UI-State-Reserve;;NEIN;JA
C:\Users\patsl\Downloads\DeutschZ_UI_Production_Kit\03_ICONS\Status\skull_pressed.paa;skull_pressed.paa;.paa;;;NEIN;27932;58D1C882F742DC48DA51501A43DE9479AAD0477E79460819C1B4854BAA60F1FA;ICON;PRESSED;UI-State-Reserve;;NEIN;NEIN
C:\Users\patsl\Downloads\DeutschZ_UI_Production_Kit\03_ICONS\Status\skull_pressed.png;skull_pressed.png;.png;256x256;1.000000;JA;6430;5636E77EDB70749DDBF19DF2E361B0D9B188D7F9782E8850282992CBC6B3376F;ICON;PRESSED;UI-State-Reserve;;NEIN;JA
C:\Users\patsl\Downloads\DeutschZ_UI_Production_Kit\03_ICONS\Status\skull_warning.paa;skull_warning.paa;.paa;;;NEIN;28027;107AE969F5C920094B04E3AE5401064D3FC9F2D19DDDFB22B3426094F84662FE;ICON;WARNING;UI-State-Reserve;;NEIN;NEIN
C:\Users\patsl\Downloads\DeutschZ_UI_Production_Kit\03_ICONS\Status\skull_warning.png;skull_warning.png;.png;256x256;1.000000;JA;6936;E18CA8D45480EC4E233F131734839DED8AB9B8712A874A1C64199BF5568C00EB;ICON;WARNING;UI-State-Reserve;;NEIN;JA
C:\Users\patsl\Downloads\DeutschZ_UI_Production_Kit\03_ICONS\Status\weather_active.paa;weather_active.paa;.paa;;;NEIN;27515;E87149AFA6334C599F893BD5890578CF096E04F8BB346643CBF0014B3BA8FF50;ICON;ACTIVE;UI-State-Reserve;;NEIN;NEIN
C:\Users\patsl\Downloads\DeutschZ_UI_Production_Kit\03_ICONS\Status\weather_active.png;weather_active.png;.png;256x256;1.000000;JA;6174;B0E4DC38AABE2DA4E0375893382297800E59E7F98C30099170CBBB4193272A82;ICON;ACTIVE;UI-State-Reserve;;NEIN;JA
C:\Users\patsl\Downloads\DeutschZ_UI_Production_Kit\03_ICONS\Status\weather_disabled.paa;weather_disabled.paa;.paa;;;NEIN;24150;7DD25B46FE44EFC86D0AB4C95853926303E4B54328BD897D9B4F29BD30D07C3B;ICON;DISABLED;UI-State-Reserve;;NEIN;NEIN
C:\Users\patsl\Downloads\DeutschZ_UI_Production_Kit\03_ICONS\Status\weather_disabled.png;weather_disabled.png;.png;256x256;1.000000;JA;2405;1DC40C432789A8AF319015065C29ECD7D260B3134EEB7CBECC656C83259EF332;ICON;DISABLED;UI-State-Reserve;;NEIN;JA
C:\Users\patsl\Downloads\DeutschZ_UI_Production_Kit\03_ICONS\Status\weather_hover.paa;weather_hover.paa;.paa;;;NEIN;27186;57C7EFDBA2AD4259EF4AC8C909688B3CFAF3D5093E925C2E83C9C4833CC79269;ICON;HOVER;UI-State-Reserve;;NEIN;NEIN
C:\Users\patsl\Downloads\DeutschZ_UI_Production_Kit\03_ICONS\Status\weather_hover.png;weather_hover.png;.png;256x256;1.000000;JA;5927;7400806E376165067B8739CC890D159BFB22DE2ECE2EF7B184ED6927279E27C9;ICON;HOVER;UI-State-Reserve;;NEIN;JA
C:\Users\patsl\Downloads\DeutschZ_UI_Production_Kit\03_ICONS\Status\weather_normal.paa;weather_normal.paa;.paa;;;NEIN;24192;C66F0A4ACA38CD445F03E44598155563A5F571FDBEE2C2256847AA7360EC577E;ICON;NORMAL;UI-State-Reserve;;NEIN;NEIN
C:\Users\patsl\Downloads\DeutschZ_UI_Production_Kit\03_ICONS\Status\weather_normal.png;weather_normal.png;.png;256x256;1.000000;JA;2401;6A115C5F49D5E2AA2223BCE78062C514180CC24A2020DE2085EBB2105F2ADB99;ICON;NORMAL;UI-State-Reserve;;NEIN;JA
C:\Users\patsl\Downloads\DeutschZ_UI_Production_Kit\03_ICONS\Status\weather_pressed.paa;weather_pressed.paa;.paa;;;NEIN;27479;04CEC2CFDA32BE94D2019FD7F3FBD4629A1241D5DBDD49042B1F85D34BA91E7E;ICON;PRESSED;UI-State-Reserve;;NEIN;NEIN
C:\Users\patsl\Downloads\DeutschZ_UI_Production_Kit\03_ICONS\Status\weather_pressed.png;weather_pressed.png;.png;256x256;1.000000;JA;6130;7E613042AF9D5E446DB4131D6C8FC9BD9EE1139A8FE171E7AE31FBB58976D8C1;ICON;PRESSED;UI-State-Reserve;;NEIN;JA
C:\Users\patsl\Downloads\DeutschZ_UI_Production_Kit\03_ICONS\Status\weather_warning.paa;weather_warning.paa;.paa;;;NEIN;27538;069330FE6854BC14FE74CF3BD5B1AB8EBC513CE2C96CD07410B046BF3853EF6F;ICON;WARNING;UI-State-Reserve;;NEIN;NEIN
C:\Users\patsl\Downloads\DeutschZ_UI_Production_Kit\03_ICONS\Status\weather_warning.png;weather_warning.png;.png;256x256;1.000000;JA;6587;550BD7D6E6B69BB11DB89B59AD315FA7EE0CF001FB30043EDA751185DA2F2B1A;ICON;WARNING;UI-State-Reserve;;NEIN;JA
C:\Users\patsl\Downloads\DeutschZ_UI_Production_Kit\03_ICONS\System\close_active.paa;close_active.paa;.paa;;;NEIN;27474;4B78C7008FA35A3F6C31DCE94C287DD7B6AAAFFB7AA3F43366A02D2BB8EBDF49;ICON;ACTIVE;UI-State-Reserve;;NEIN;NEIN
C:\Users\patsl\Downloads\DeutschZ_UI_Production_Kit\03_ICONS\System\close_active.png;close_active.png;.png;256x256;1.000000;JA;6752;3A97C304976248DEF1958745B4D318DD97F996351EBF5A1B62353FB58A0F31BA;ICON;ACTIVE;UI-State-Reserve;;NEIN;JA
C:\Users\patsl\Downloads\DeutschZ_UI_Production_Kit\03_ICONS\System\close_disabled.paa;close_disabled.paa;.paa;;;NEIN;24140;3FE406D8A42E6F45EB87885805AA497A7BB38C3D01EB850F94E552A089596C30;ICON;DISABLED;UI-State-Reserve;;NEIN;NEIN
C:\Users\patsl\Downloads\DeutschZ_UI_Production_Kit\03_ICONS\System\close_disabled.png;close_disabled.png;.png;256x256;1.000000;JA;2944;3B46B146375027B9DA0B060B949574BE34052B4DEB92BE7E51E78176082C0A20;ICON;DISABLED;UI-State-Reserve;;NEIN;JA
C:\Users\patsl\Downloads\DeutschZ_UI_Production_Kit\03_ICONS\System\close_hover.paa;close_hover.paa;.paa;;;NEIN;27190;8A8DB373FB4CF51FDCE9B8E928848F0577673D1C1A1296044ED5A36134F864AD;ICON;HOVER;UI-State-Reserve;;NEIN;NEIN
C:\Users\patsl\Downloads\DeutschZ_UI_Production_Kit\03_ICONS\System\close_hover.png;close_hover.png;.png;256x256;1.000000;JA;6498;8143F1535BDC73677F7B24A9EFD9B111EBBDB8FBEA4D3D05C3214BBC11452513;ICON;HOVER;UI-State-Reserve;;NEIN;JA
C:\Users\patsl\Downloads\DeutschZ_UI_Production_Kit\03_ICONS\System\close_normal.paa;close_normal.paa;.paa;;;NEIN;24037;9FB9F7DB0DC08EED90DC62760B31E380D1F17735103DB07C76B823328DD8823A;ICON;NORMAL;UI-State-Reserve;;NEIN;NEIN
C:\Users\patsl\Downloads\DeutschZ_UI_Production_Kit\03_ICONS\System\close_normal.png;close_normal.png;.png;256x256;1.000000;JA;2946;33BB8D24AF536C75719BD115B9ADB3D43E570F71A7612CAA9E15C3AEA96A9371;ICON;NORMAL;UI-State-Reserve;;NEIN;JA
C:\Users\patsl\Downloads\DeutschZ_UI_Production_Kit\03_ICONS\System\close_pressed.paa;close_pressed.paa;.paa;;;NEIN;27461;C95C44DFA80172B75D702829E1D10EAC18E3912A7670627844E1DEF644C8EF36;ICON;PRESSED;UI-State-Reserve;;NEIN;NEIN
C:\Users\patsl\Downloads\DeutschZ_UI_Production_Kit\03_ICONS\System\close_pressed.png;close_pressed.png;.png;256x256;1.000000;JA;6795;AB00B1F28A8F1DD90ACD2C3584A47D380ED901C71A8D448248F4D49CB2582C64;ICON;PRESSED;UI-State-Reserve;;NEIN;JA
C:\Users\patsl\Downloads\DeutschZ_UI_Production_Kit\03_ICONS\System\close_warning.paa;close_warning.paa;.paa;;;NEIN;27554;A1AF4A4197C9819C165F65B469E3FEB79CADE47D583D27B02BFDE3EA4252AD48;ICON;WARNING;UI-State-Reserve;;NEIN;NEIN
C:\Users\patsl\Downloads\DeutschZ_UI_Production_Kit\03_ICONS\System\close_warning.png;close_warning.png;.png;256x256;1.000000;JA;7201;965AE5CBBC74EC51F1865E78472648BCFA5E5AD2372B715428C0381DE43C596D;ICON;WARNING;UI-State-Reserve;;NEIN;JA
C:\Users\patsl\Downloads\DeutschZ_UI_Production_Kit\03_ICONS\System\down_active.paa;down_active.paa;.paa;;;NEIN;27435;B3FE21C83B8B6673F9665941B4885015BC1314A7C256D7DE904CBB3014B46374;ICON;ACTIVE;UI-State-Reserve;;NEIN;NEIN
C:\Users\patsl\Downloads\DeutschZ_UI_Production_Kit\03_ICONS\System\down_active.png;down_active.png;.png;256x256;1.000000;JA;6334;3BD7716CD741C6C7185ADF6D3BBC3CF436C31FC472DA30C72FB10CDF93082BF3;ICON;ACTIVE;UI-State-Reserve;;NEIN;JA
C:\Users\patsl\Downloads\DeutschZ_UI_Production_Kit\03_ICONS\System\down_disabled.paa;down_disabled.paa;.paa;;;NEIN;24044;856F1FF35645124C38E6756B1DC8D88ACCC0CC32D339CDB80FD75FE93289D047;ICON;DISABLED;UI-State-Reserve;;NEIN;NEIN
C:\Users\patsl\Downloads\DeutschZ_UI_Production_Kit\03_ICONS\System\down_disabled.png;down_disabled.png;.png;256x256;1.000000;JA;2547;8C57AD53F9BB2913715495D2E3023864B6579C04830C92A8FBF1DEAC6F714F6A;ICON;DISABLED;UI-State-Reserve;;NEIN;JA
C:\Users\patsl\Downloads\DeutschZ_UI_Production_Kit\03_ICONS\System\down_hover.paa;down_hover.paa;.paa;;;NEIN;27202;AE14F61FD2B10BDDEEFBA2F37FDA6D0EE1E3584A101F5B3C26F1E22C54CE37DF;ICON;HOVER;UI-State-Reserve;;NEIN;NEIN
C:\Users\patsl\Downloads\DeutschZ_UI_Production_Kit\03_ICONS\System\down_hover.png;down_hover.png;.png;256x256;1.000000;JA;6153;C1E6AC204D10CF94E2B58597837D4D38997C67689874AFD76C27AE8776A668ED;ICON;HOVER;UI-State-Reserve;;NEIN;JA
C:\Users\patsl\Downloads\DeutschZ_UI_Production_Kit\03_ICONS\System\down_normal.paa;down_normal.paa;.paa;;;NEIN;23999;517B664CBE0AD5167827A6A41F9C95F6C1287A9EF37D398A02C616DD677BDA4F;ICON;NORMAL;UI-State-Reserve;;NEIN;NEIN
C:\Users\patsl\Downloads\DeutschZ_UI_Production_Kit\03_ICONS\System\down_normal.png;down_normal.png;.png;256x256;1.000000;JA;2445;5FA5548C5CE20F71A786ED0FE0D2E5869C390A47EF344A04A011F89EA407F775;ICON;NORMAL;UI-State-Reserve;;NEIN;JA
C:\Users\patsl\Downloads\DeutschZ_UI_Production_Kit\03_ICONS\System\down_pressed.paa;down_pressed.paa;.paa;;;NEIN;27454;C27CE197316FC63398A37D53AFBA3AFB518EFB562F0CE8FD0F9C0C969EBE8B39;ICON;PRESSED;UI-State-Reserve;;NEIN;NEIN
C:\Users\patsl\Downloads\DeutschZ_UI_Production_Kit\03_ICONS\System\down_pressed.png;down_pressed.png;.png;256x256;1.000000;JA;6315;D8984DD8C1B43F2254599EBA158F349F7ADAF2BE10E54F1BC9180FB223800978;ICON;PRESSED;UI-State-Reserve;;NEIN;JA
C:\Users\patsl\Downloads\DeutschZ_UI_Production_Kit\03_ICONS\System\down_warning.paa;down_warning.paa;.paa;;;NEIN;27517;DDEF768A8E6F90CB8162091C3607AF9815648A4B9974A7F4E596897BE5F3113E;ICON;WARNING;UI-State-Reserve;;NEIN;NEIN
C:\Users\patsl\Downloads\DeutschZ_UI_Production_Kit\03_ICONS\System\down_warning.png;down_warning.png;.png;256x256;1.000000;JA;6702;54CC775195DD62418E51D38D2AD5AD8082EBB19401264A036FE5E6BE8512A0CD;ICON;WARNING;UI-State-Reserve;;NEIN;JA
C:\Users\patsl\Downloads\DeutschZ_UI_Production_Kit\03_ICONS\System\exit_active.paa;exit_active.paa;.paa;;;NEIN;27462;AA7E0F802E2C6D10A439D0C3B49E8465DBBA00E3652447F89FC3CD172FBEE19D;ICON;ACTIVE;UI-State-Reserve;;NEIN;NEIN
C:\Users\patsl\Downloads\DeutschZ_UI_Production_Kit\03_ICONS\System\exit_active.png;exit_active.png;.png;256x256;1.000000;JA;6108;4434F9269C198039DCB36DF26C33FFB279928743FAE30A892DDF778959E6116B;ICON;ACTIVE;UI-State-Reserve;;NEIN;JA
C:\Users\patsl\Downloads\DeutschZ_UI_Production_Kit\03_ICONS\System\exit_disabled.paa;exit_disabled.paa;.paa;;;NEIN;24036;EEB3AB101372E765CB74E98C560E258359FA67784658E0EB4060FDDB9E98A18E;ICON;DISABLED;UI-State-Reserve;;NEIN;NEIN
C:\Users\patsl\Downloads\DeutschZ_UI_Production_Kit\03_ICONS\System\exit_disabled.png;exit_disabled.png;.png;256x256;1.000000;JA;2191;C51C2656DA325CEDA830BC2D835318BB5309308AB0879078582AEEDFCD9F51B4;ICON;DISABLED;UI-State-Reserve;;NEIN;JA
C:\Users\patsl\Downloads\DeutschZ_UI_Production_Kit\03_ICONS\System\exit_hover.paa;exit_hover.paa;.paa;;;NEIN;27113;26276E0D70534F9DD3D85865FB0FD0DD5871E2DE6865BA6F62A8E2698CA802B1;ICON;HOVER;UI-State-Reserve;;NEIN;NEIN
C:\Users\patsl\Downloads\DeutschZ_UI_Production_Kit\03_ICONS\System\exit_hover.png;exit_hover.png;.png;256x256;1.000000;JA;5795;5127DFA23D36BB83365309700003C1E5236B7E36F9E75FA744013FBB7C8E7DD3;ICON;HOVER;UI-State-Reserve;;NEIN;JA
C:\Users\patsl\Downloads\DeutschZ_UI_Production_Kit\03_ICONS\System\exit_normal.paa;exit_normal.paa;.paa;;;NEIN;24077;87E8AE340C0FA2177E26CCDB68ACC8F8A9E756EA5C0624B498EE3E7734366271;ICON;NORMAL;UI-State-Reserve;;NEIN;NEIN
C:\Users\patsl\Downloads\DeutschZ_UI_Production_Kit\03_ICONS\System\exit_normal.png;exit_normal.png;.png;256x256;1.000000;JA;2257;5EE80DEFA622ACF8828EB50A96692A541A349F83B9B4C06DFE6BCF0CD999FFF8;ICON;NORMAL;UI-State-Reserve;;NEIN;JA
C:\Users\patsl\Downloads\DeutschZ_UI_Production_Kit\03_ICONS\System\exit_pressed.paa;exit_pressed.paa;.paa;;;NEIN;27329;5A28227742F4DDD1088EE861CDD768EB90B51316BCE33238AB19F1F3325C3790;ICON;PRESSED;UI-State-Reserve;;NEIN;NEIN
C:\Users\patsl\Downloads\DeutschZ_UI_Production_Kit\03_ICONS\System\exit_pressed.png;exit_pressed.png;.png;256x256;1.000000;JA;6010;281504C0A8DBDE1854D666C26D3E196239AB699D6D796EFD8A33E5E0E03E7B84;ICON;PRESSED;UI-State-Reserve;;NEIN;JA
C:\Users\patsl\Downloads\DeutschZ_UI_Production_Kit\03_ICONS\System\exit_warning.paa;exit_warning.paa;.paa;;;NEIN;27423;D032D10231B2C3066F888AD6A344C71F45142A5B9B3C3BDBC5D16DC9265D1CBE;ICON;WARNING;UI-State-Reserve;;NEIN;NEIN
C:\Users\patsl\Downloads\DeutschZ_UI_Production_Kit\03_ICONS\System\exit_warning.png;exit_warning.png;.png;256x256;1.000000;JA;6401;9D8592A1A4980D8E58F635F006AB63B8EBE466B7DDCB5AC5B52C1F8985EE111D;ICON;WARNING;UI-State-Reserve;;NEIN;JA
C:\Users\patsl\Downloads\DeutschZ_UI_Production_Kit\03_ICONS\System\music_active.paa;music_active.paa;.paa;;;NEIN;27606;8AF3E71654B2C12A7909244AB17183397765602515561E6974DC5039334FC343;ICON;ACTIVE;UI-State-Reserve;;NEIN;NEIN
C:\Users\patsl\Downloads\DeutschZ_UI_Production_Kit\03_ICONS\System\music_active.png;music_active.png;.png;256x256;1.000000;JA;6243;4D189DEDA686EDE30F8A4DB917F95A226ED7122229795ABFDE81185A7056769A;ICON;ACTIVE;UI-State-Reserve;;NEIN;JA
C:\Users\patsl\Downloads\DeutschZ_UI_Production_Kit\03_ICONS\System\music_disabled.paa;music_disabled.paa;.paa;;;NEIN;24264;2BB89ACC3D2EAC73BEF6D9BC779354CF7356615969ABE973662F7689A0ABEC0B;ICON;DISABLED;UI-State-Reserve;;NEIN;NEIN
C:\Users\patsl\Downloads\DeutschZ_UI_Production_Kit\03_ICONS\System\music_disabled.png;music_disabled.png;.png;256x256;1.000000;JA;2456;57D3ABF89F1F40CE4025021F6D9F6F2446E01FE3F61324E8CEF81697A1EBCD91;ICON;DISABLED;UI-State-Reserve;;NEIN;JA
C:\Users\patsl\Downloads\DeutschZ_UI_Production_Kit\03_ICONS\System\music_hover.paa;music_hover.paa;.paa;;;NEIN;27378;F4152AD3F393D55FDE9C06DFA692270F2F72B4F91D51371D9E8F40CECFE92B37;ICON;HOVER;UI-State-Reserve;;NEIN;NEIN
C:\Users\patsl\Downloads\DeutschZ_UI_Production_Kit\03_ICONS\System\music_hover.png;music_hover.png;.png;256x256;1.000000;JA;6013;2008B25017F8C93291CA46EE3855624366E28D926A52124004B1CA74B19D5AF1;ICON;HOVER;UI-State-Reserve;;NEIN;JA
C:\Users\patsl\Downloads\DeutschZ_UI_Production_Kit\03_ICONS\System\music_normal.paa;music_normal.paa;.paa;;;NEIN;24334;73C7B8B2E62F62CFBB8C61ABA5373F0DE9784B273B86F61AA301BED4B431299A;ICON;NORMAL;UI-State-Reserve;;NEIN;NEIN
C:\Users\patsl\Downloads\DeutschZ_UI_Production_Kit\03_ICONS\System\music_normal.png;music_normal.png;.png;256x256;1.000000;JA;2401;14194B303FCFC45CD706814C49AF9E5B2DA7B7B9DFB454D35537293A5579496E;ICON;NORMAL;UI-State-Reserve;;NEIN;JA
C:\Users\patsl\Downloads\DeutschZ_UI_Production_Kit\03_ICONS\System\music_pressed.paa;music_pressed.paa;.paa;;;NEIN;27633;EF283807AEEE96609F2677FF22249648A5514095546470E4AFFF2C223D2B571B;ICON;PRESSED;UI-State-Reserve;;NEIN;NEIN
C:\Users\patsl\Downloads\DeutschZ_UI_Production_Kit\03_ICONS\System\music_pressed.png;music_pressed.png;.png;256x256;1.000000;JA;6230;979029F534A22C8AA47E91785495534460E02BE25250AFA01B59DC3355C89CA3;ICON;PRESSED;UI-State-Reserve;;NEIN;JA
C:\Users\patsl\Downloads\DeutschZ_UI_Production_Kit\03_ICONS\System\music_warning.paa;music_warning.paa;.paa;;;NEIN;27665;BA44F5FA4875FF108A624318DFF8A5B74A8330018AACF21B0C843F8F2EB0C558;ICON;WARNING;UI-State-Reserve;;NEIN;NEIN
C:\Users\patsl\Downloads\DeutschZ_UI_Production_Kit\03_ICONS\System\music_warning.png;music_warning.png;.png;256x256;1.000000;JA;6655;E89A6A10E40BE4E89689F22249BC5E86D6FBD348A5D3A5083640B77ADEE3DEF5;ICON;WARNING;UI-State-Reserve;;NEIN;JA
C:\Users\patsl\Downloads\DeutschZ_UI_Production_Kit\03_ICONS\System\news_active.paa;news_active.paa;.paa;;;NEIN;27316;A6451D481AD3B2D38CF568253AFBECF484E9A12C0388A7E25FC4993EEB7C4986;ICON;ACTIVE;UI-State-Reserve;;NEIN;NEIN
C:\Users\patsl\Downloads\DeutschZ_UI_Production_Kit\03_ICONS\System\news_active.png;news_active.png;.png;256x256;1.000000;JA;5958;DF30BB72E9DD92AF8433541F3FCAA80F12DF37FF5A5B48B126B680D338331A00;ICON;ACTIVE;UI-State-Reserve;;NEIN;JA
C:\Users\patsl\Downloads\DeutschZ_UI_Production_Kit\03_ICONS\System\news_disabled.paa;news_disabled.paa;.paa;;;NEIN;23971;197E48AB8224635271EABDEF783B5643211745C4BDAE0E044A38C0A519914ECD;ICON;DISABLED;UI-State-Reserve;;NEIN;NEIN
C:\Users\patsl\Downloads\DeutschZ_UI_Production_Kit\03_ICONS\System\news_disabled.png;news_disabled.png;.png;256x256;1.000000;JA;2243;B6F3697E887440FF37CF86DAF1C0D6EC7F9235B49454EE392F6228EBF1C5BEC5;ICON;DISABLED;UI-State-Reserve;;NEIN;JA
C:\Users\patsl\Downloads\DeutschZ_UI_Production_Kit\03_ICONS\System\news_hover.paa;news_hover.paa;.paa;;;NEIN;27041;16EEA95DCA9C1BFFCBD7FA76250D3D74A71BA92B85A03C3C5D8952E13D1A8B2D;ICON;HOVER;UI-State-Reserve;;NEIN;NEIN
C:\Users\patsl\Downloads\DeutschZ_UI_Production_Kit\03_ICONS\System\news_hover.png;news_hover.png;.png;256x256;1.000000;JA;5778;2C09FBA6116360788966708F44DAB21B89E6D10E6F978B9D4602CABA94885E9C;ICON;HOVER;UI-State-Reserve;;NEIN;JA
C:\Users\patsl\Downloads\DeutschZ_UI_Production_Kit\03_ICONS\System\news_normal.paa;news_normal.paa;.paa;;;NEIN;23886;BB6F03A48139D8B4B58401EDB8C6A9BC731E490688E8D1F15AF1D246B2C93105;ICON;NORMAL;UI-State-Reserve;;NEIN;NEIN
C:\Users\patsl\Downloads\DeutschZ_UI_Production_Kit\03_ICONS\System\news_normal.png;news_normal.png;.png;256x256;1.000000;JA;2158;8570442BA85B9B12AB705BE954BE635C9C632472FD57E4671704917F2A144268;ICON;NORMAL;UI-State-Reserve;;NEIN;JA
C:\Users\patsl\Downloads\DeutschZ_UI_Production_Kit\03_ICONS\System\news_pressed.paa;news_pressed.paa;.paa;;;NEIN;27293;F238587AB38464C54BDB7135FAD7C3910A0300D3B0338D01501A57236A22EAF9;ICON;PRESSED;UI-State-Reserve;;NEIN;NEIN
C:\Users\patsl\Downloads\DeutschZ_UI_Production_Kit\03_ICONS\System\news_pressed.png;news_pressed.png;.png;256x256;1.000000;JA;5980;E913549550B026BEE5A9D4D6ACCC68C6C2D941F41671CC74B9A63D48F48D8E15;ICON;PRESSED;UI-State-Reserve;;NEIN;JA
C:\Users\patsl\Downloads\DeutschZ_UI_Production_Kit\03_ICONS\System\news_warning.paa;news_warning.paa;.paa;;;NEIN;27456;E2970BCE431829DAE65F76DCF319B9D2E1FDDC23B23375ADE5FCF395F3AFE140;ICON;WARNING;UI-State-Reserve;;NEIN;NEIN
C:\Users\patsl\Downloads\DeutschZ_UI_Production_Kit\03_ICONS\System\news_warning.png;news_warning.png;.png;256x256;1.000000;JA;6416;73CC55CFC37BD391E7E90F876D2D57EFF3642270FD4B81759F662705C4DCDEEC;ICON;WARNING;UI-State-Reserve;;NEIN;JA
C:\Users\patsl\Downloads\DeutschZ_UI_Production_Kit\03_ICONS\System\next_active.paa;next_active.paa;.paa;;;NEIN;27679;7B6491B46119521436F9341348C5D5EE8137CC9255460A878C0E8BD1663583F5;ICON;ACTIVE;UI-State-Reserve;;NEIN;NEIN
C:\Users\patsl\Downloads\DeutschZ_UI_Production_Kit\03_ICONS\System\next_active.png;next_active.png;.png;256x256;1.000000;JA;6544;8C965F70122B51071AAEB2BAAB08F2647F106183316C7DB5DA88D10B270B6CFE;ICON;ACTIVE;UI-State-Reserve;;NEIN;JA
C:\Users\patsl\Downloads\DeutschZ_UI_Production_Kit\03_ICONS\System\next_disabled.paa;next_disabled.paa;.paa;;;NEIN;24299;837D2F859395E743B0237AC07FC0A1C31D13C2FE3413517878A790FD60DB0C6C;ICON;DISABLED;UI-State-Reserve;;NEIN;NEIN
C:\Users\patsl\Downloads\DeutschZ_UI_Production_Kit\03_ICONS\System\next_disabled.png;next_disabled.png;.png;256x256;1.000000;JA;2855;9AF403310CA11CAB27458EF99FEABBECE380A778C01D12D18235B2951E7107C9;ICON;DISABLED;UI-State-Reserve;;NEIN;JA
C:\Users\patsl\Downloads\DeutschZ_UI_Production_Kit\03_ICONS\System\next_hover.paa;next_hover.paa;.paa;;;NEIN;27405;3ED63289ECED57CE11AC9763F4BBE2DE915D16C336C5BA2B25FD64BFD74C4319;ICON;HOVER;UI-State-Reserve;;NEIN;NEIN
C:\Users\patsl\Downloads\DeutschZ_UI_Production_Kit\03_ICONS\System\next_hover.png;next_hover.png;.png;256x256;1.000000;JA;6368;9F75A2841000AC240DF48AFA19544613B31ECEFF34DAF40E9EF9876E15BC7132;ICON;HOVER;UI-State-Reserve;;NEIN;JA
C:\Users\patsl\Downloads\DeutschZ_UI_Production_Kit\03_ICONS\System\next_normal.paa;next_normal.paa;.paa;;;NEIN;24273;D79BC027D416A9F921E4604025331FEB8A807FE57CCB0716FAC4AED5C76B05BC;ICON;NORMAL;UI-State-Reserve;;NEIN;NEIN
C:\Users\patsl\Downloads\DeutschZ_UI_Production_Kit\03_ICONS\System\next_normal.png;next_normal.png;.png;256x256;1.000000;JA;2704;5FAF1A536C40F7BA95C35B488E9EDD83A93831B00900D20ADD50CA2D57378FF8;ICON;NORMAL;UI-State-Reserve;;NEIN;JA
C:\Users\patsl\Downloads\DeutschZ_UI_Production_Kit\03_ICONS\System\next_pressed.paa;next_pressed.paa;.paa;;;NEIN;27673;75D6815A4CF0E8C45101A1396FDBA04C866521985C8A5284238857A4F72A5254;ICON;PRESSED;UI-State-Reserve;;NEIN;NEIN
C:\Users\patsl\Downloads\DeutschZ_UI_Production_Kit\03_ICONS\System\next_pressed.png;next_pressed.png;.png;256x256;1.000000;JA;6557;4B31681F6FC227BC3A222CC69F2E5EBA69650688EDA4A4D348A212475236A10E;ICON;PRESSED;UI-State-Reserve;;NEIN;JA
C:\Users\patsl\Downloads\DeutschZ_UI_Production_Kit\03_ICONS\System\next_warning.paa;next_warning.paa;.paa;;;NEIN;27673;F365675EAD8AF10BDF5BE338DC172F88C4ABFBF1B23651719F20519067DC8673;ICON;WARNING;UI-State-Reserve;;NEIN;NEIN
C:\Users\patsl\Downloads\DeutschZ_UI_Production_Kit\03_ICONS\System\next_warning.png;next_warning.png;.png;256x256;1.000000;JA;6968;9FD6232F4C76E72D119ED4C52DCAEF1B1189919C07715B593B2F8CD89E8E4ACE;ICON;WARNING;UI-State-Reserve;;NEIN;JA
C:\Users\patsl\Downloads\DeutschZ_UI_Production_Kit\03_ICONS\System\pause_active.paa;pause_active.paa;.paa;;;NEIN;27279;DDFC44C0E711CD032A03B0A6DE37EC382938920CF0DF0FE7883DE7F7B9B3B8E9;ICON;ACTIVE;UI-State-Reserve;;NEIN;NEIN
C:\Users\patsl\Downloads\DeutschZ_UI_Production_Kit\03_ICONS\System\pause_active.png;pause_active.png;.png;256x256;1.000000;JA;6005;09AB3172D7DEA9D26BE5B3A3A473859EF8ADAFEA4898991710918498516EB864;ICON;ACTIVE;UI-State-Reserve;;NEIN;JA
C:\Users\patsl\Downloads\DeutschZ_UI_Production_Kit\03_ICONS\System\pause_disabled.paa;pause_disabled.paa;.paa;;;NEIN;23810;0FF8A76C39A1A2BC8CB022A37FC3AB531AB0330CA9C20BA6D74F5A0774E6F31F;ICON;DISABLED;UI-State-Reserve;;NEIN;NEIN
C:\Users\patsl\Downloads\DeutschZ_UI_Production_Kit\03_ICONS\System\pause_disabled.png;pause_disabled.png;.png;256x256;1.000000;JA;2069;CC4E8C25400BE112F7EB91530ACCC42929167FF9E629C1F53F8406E6BE94B5A7;ICON;DISABLED;UI-State-Reserve;;NEIN;JA
C:\Users\patsl\Downloads\DeutschZ_UI_Production_Kit\03_ICONS\System\pause_hover.paa;pause_hover.paa;.paa;;;NEIN;26960;84AEE7323A3C289B398DBB2E1765FB65C042C8CD4469C5CE979A23D43BD708B4;ICON;HOVER;UI-State-Reserve;;NEIN;NEIN
C:\Users\patsl\Downloads\DeutschZ_UI_Production_Kit\03_ICONS\System\pause_hover.png;pause_hover.png;.png;256x256;1.000000;JA;5700;39146A9B8DE7C147FFF7179A7E5159D232B6EA1A99EB9C585D447321C3D94186;ICON;HOVER;UI-State-Reserve;;NEIN;JA
C:\Users\patsl\Downloads\DeutschZ_UI_Production_Kit\03_ICONS\System\pause_normal.paa;pause_normal.paa;.paa;;;NEIN;23852;CFF2274A585D7A3AF98541D94F1520FC1C43FED234A2CD6345750D1B3C9C695D;ICON;NORMAL;UI-State-Reserve;;NEIN;NEIN
C:\Users\patsl\Downloads\DeutschZ_UI_Production_Kit\03_ICONS\System\pause_normal.png;pause_normal.png;.png;256x256;1.000000;JA;2099;4479DAD5965DBD48364810BE06FA55C8ABEF9D493E254017C553FE34F71E8591;ICON;NORMAL;UI-State-Reserve;;NEIN;JA
C:\Users\patsl\Downloads\DeutschZ_UI_Production_Kit\03_ICONS\System\pause_pressed.paa;pause_pressed.paa;.paa;;;NEIN;27204;ED7FD95A1B8EB1CDECF31C8D9602F4CFD3C83175475436537F15045CFE52DA04;ICON;PRESSED;UI-State-Reserve;;NEIN;NEIN
C:\Users\patsl\Downloads\DeutschZ_UI_Production_Kit\03_ICONS\System\pause_pressed.png;pause_pressed.png;.png;256x256;1.000000;JA;5974;5CC7D9DE868BAB9FFC4F6656F292A06E804BFFFAD3DE9B7BA949CF10D32EAE17;ICON;PRESSED;UI-State-Reserve;;NEIN;JA
C:\Users\patsl\Downloads\DeutschZ_UI_Production_Kit\03_ICONS\System\pause_warning.paa;pause_warning.paa;.paa;;;NEIN;27181;3BFE4D409D8D39438B39C18E449D96041D1242B388F6FF7DF632F64184DF7F2C;ICON;WARNING;UI-State-Reserve;;NEIN;NEIN
C:\Users\patsl\Downloads\DeutschZ_UI_Production_Kit\03_ICONS\System\pause_warning.png;pause_warning.png;.png;256x256;1.000000;JA;6270;F053D2E24AAEBF9780AC9CBFCB0D966F9F0E43168616FA41C8091E51200102AD;ICON;WARNING;UI-State-Reserve;;NEIN;JA
C:\Users\patsl\Downloads\DeutschZ_UI_Production_Kit\03_ICONS\System\play_active.paa;play_active.paa;.paa;;;NEIN;27361;C5C1174FAD94263489086DEB6A5FC9D21C225C75F083578037158071003003CF;ICON;ACTIVE;UI-State-Reserve;;NEIN;NEIN
C:\Users\patsl\Downloads\DeutschZ_UI_Production_Kit\03_ICONS\System\play_active.png;play_active.png;.png;256x256;1.000000;JA;6278;0372A890AFD9B1FC4ABEBAD57433510B9FBC4DB89571793E8EEC6D0DBC6D33BD;ICON;ACTIVE;UI-State-Reserve;;NEIN;JA
C:\Users\patsl\Downloads\DeutschZ_UI_Production_Kit\03_ICONS\System\play_disabled.paa;play_disabled.paa;.paa;;;NEIN;24006;ED56CCBFD4985C4C6C335A9C42B325CE5FB02B82A7EEAECD7182FB846F365707;ICON;DISABLED;UI-State-Reserve;;NEIN;NEIN
C:\Users\patsl\Downloads\DeutschZ_UI_Production_Kit\03_ICONS\System\play_disabled.png;play_disabled.png;.png;256x256;1.000000;JA;2541;9182C495BEC2266227B7AA17346AADFA70CF87D08556A99F0F02A3C3ACD01D22;ICON;DISABLED;UI-State-Reserve;;NEIN;JA
C:\Users\patsl\Downloads\DeutschZ_UI_Production_Kit\03_ICONS\System\play_hover.paa;play_hover.paa;.paa;;;NEIN;27168;C0A70A9C9C8DD67C6127FF5DF8247158C1DD1E77D71F1739798F6DA5735F21DA;ICON;HOVER;UI-State-Reserve;;NEIN;NEIN
C:\Users\patsl\Downloads\DeutschZ_UI_Production_Kit\03_ICONS\System\play_hover.png;play_hover.png;.png;256x256;1.000000;JA;6191;C2B3795836A20DA20A52CCA3F107EF1FCF632DF1E26C831952D222B07AF2AC3C;ICON;HOVER;UI-State-Reserve;;NEIN;JA
C:\Users\patsl\Downloads\DeutschZ_UI_Production_Kit\03_ICONS\System\play_normal.paa;play_normal.paa;.paa;;;NEIN;23908;065D27B0EAB126D373F9572B144448B1985949427C9B5F46DF7F5A3D61F2CEC4;ICON;NORMAL;UI-State-Reserve;;NEIN;NEIN
C:\Users\patsl\Downloads\DeutschZ_UI_Production_Kit\03_ICONS\System\play_normal.png;play_normal.png;.png;256x256;1.000000;JA;2409;5A486301D1474910321FF400BD72B1A10F3A07AC8AB3565F84170534DC4AD199;ICON;NORMAL;UI-State-Reserve;;NEIN;JA
C:\Users\patsl\Downloads\DeutschZ_UI_Production_Kit\03_ICONS\System\play_pressed.paa;play_pressed.paa;.paa;;;NEIN;27242;8682BA7E1BB8A1A6535815193CB9499DE5C0A7EEA4D46F97C32DED9781B015A2;ICON;PRESSED;UI-State-Reserve;;NEIN;NEIN
C:\Users\patsl\Downloads\DeutschZ_UI_Production_Kit\03_ICONS\System\play_pressed.png;play_pressed.png;.png;256x256;1.000000;JA;6202;1377009DC81E83707A1F9CFED1556295BD47B7FB92EF64496DBB5C234BA73E11;ICON;PRESSED;UI-State-Reserve;;NEIN;JA
C:\Users\patsl\Downloads\DeutschZ_UI_Production_Kit\03_ICONS\System\play_warning.paa;play_warning.paa;.paa;;;NEIN;27344;11148E7F92821D791A31AE0C0CE1E46403898EA9107E7A43E4688AA197C22B31;ICON;WARNING;UI-State-Reserve;;NEIN;NEIN
C:\Users\patsl\Downloads\DeutschZ_UI_Production_Kit\03_ICONS\System\play_warning.png;play_warning.png;.png;256x256;1.000000;JA;6647;0869BF30F62B915DAFBBB87C04A462D40435214B62C9D1745F4C1A50757750CA;ICON;WARNING;UI-State-Reserve;;NEIN;JA
C:\Users\patsl\Downloads\DeutschZ_UI_Production_Kit\03_ICONS\System\prev_active.paa;prev_active.paa;.paa;;;NEIN;27624;D2BA98DDF67AD7E9FCAC89B59640A8F07B90D7B8E1E52CE1EE7AC0CAE23F8025;ICON;ACTIVE;UI-State-Reserve;;NEIN;NEIN
C:\Users\patsl\Downloads\DeutschZ_UI_Production_Kit\03_ICONS\System\prev_active.png;prev_active.png;.png;256x256;1.000000;JA;6569;15C09FC67CDA9801978EAF5813D61763CD394CCE848874B497ED0156EC9CA878;ICON;ACTIVE;UI-State-Reserve;;NEIN;JA
C:\Users\patsl\Downloads\DeutschZ_UI_Production_Kit\03_ICONS\System\prev_disabled.paa;prev_disabled.paa;.paa;;;NEIN;24255;C324FD7B136E468809BE73B8ADFC0EE9D24727155A8926C56A5CC58A6C418A35;ICON;DISABLED;UI-State-Reserve;;NEIN;NEIN
C:\Users\patsl\Downloads\DeutschZ_UI_Production_Kit\03_ICONS\System\prev_disabled.png;prev_disabled.png;.png;256x256;1.000000;JA;2836;6E0C6F90FD98292E14A2D9970BEED47916B069EB29120098AED44F5FCD681F3D;ICON;DISABLED;UI-State-Reserve;;NEIN;JA
C:\Users\patsl\Downloads\DeutschZ_UI_Production_Kit\03_ICONS\System\prev_hover.paa;prev_hover.paa;.paa;;;NEIN;27357;6C8C7E4B0F10892C784FE30264AD9FAD0918389D9BC53B1997743357173E23FE;ICON;HOVER;UI-State-Reserve;;NEIN;NEIN
C:\Users\patsl\Downloads\DeutschZ_UI_Production_Kit\03_ICONS\System\prev_hover.png;prev_hover.png;.png;256x256;1.000000;JA;6325;122750B7E8F359BA7EB5E2D035EEEB2144F88F2FB43735C91FF887B9C37A72A7;ICON;HOVER;UI-State-Reserve;;NEIN;JA
C:\Users\patsl\Downloads\DeutschZ_UI_Production_Kit\03_ICONS\System\prev_normal.paa;prev_normal.paa;.paa;;;NEIN;24212;D2609EA230B29A9CF9EC6720F2E0BA74827BAD6826F35442C0EE9FB08D0235EC;ICON;NORMAL;UI-State-Reserve;;NEIN;NEIN
C:\Users\patsl\Downloads\DeutschZ_UI_Production_Kit\03_ICONS\System\prev_normal.png;prev_normal.png;.png;256x256;1.000000;JA;2688;9C775409224A0AF9F1081312E2904A6825346666C55F59EB1F60B0B9F3281F65;ICON;NORMAL;UI-State-Reserve;;NEIN;JA
C:\Users\patsl\Downloads\DeutschZ_UI_Production_Kit\03_ICONS\System\prev_pressed.paa;prev_pressed.paa;.paa;;;NEIN;27606;CEE097ABECB7B9DEC30275181501DBEB41A588AEAEA35D23259EBC186451DF29;ICON;PRESSED;UI-State-Reserve;;NEIN;NEIN
C:\Users\patsl\Downloads\DeutschZ_UI_Production_Kit\03_ICONS\System\prev_pressed.png;prev_pressed.png;.png;256x256;1.000000;JA;6576;6CDEA0BC45BBBC5A99012FFB3F79175DCB371735B4D87D6FB349B9AB86212290;ICON;PRESSED;UI-State-Reserve;;NEIN;JA
C:\Users\patsl\Downloads\DeutschZ_UI_Production_Kit\03_ICONS\System\prev_warning.paa;prev_warning.paa;.paa;;;NEIN;27576;092417F8AF2C3C7446F4DD17638A8D2976C61B57CCEFAFB0195AE8CCD349052B;ICON;WARNING;UI-State-Reserve;;NEIN;NEIN
C:\Users\patsl\Downloads\DeutschZ_UI_Production_Kit\03_ICONS\System\prev_warning.png;prev_warning.png;.png;256x256;1.000000;JA;6909;034DD4244FDE3CACFDEDB50A02588A79C99751EE0789C8E3437554917D241979;ICON;WARNING;UI-State-Reserve;;NEIN;JA
C:\Users\patsl\Downloads\DeutschZ_UI_Production_Kit\03_ICONS\System\search_active.paa;search_active.paa;.paa;;;NEIN;27814;D390E2FB093237766C573B642EC3BD35DACBE602C8D34A65007641816B22CE28;ICON;ACTIVE;UI-State-Reserve;;NEIN;NEIN
C:\Users\patsl\Downloads\DeutschZ_UI_Production_Kit\03_ICONS\System\search_active.png;search_active.png;.png;256x256;1.000000;JA;6703;D72A208DCB9B42C8C2074C8724F17DC3AB8D9CD9067727A5164064FC485314A0;ICON;ACTIVE;UI-State-Reserve;;NEIN;JA
C:\Users\patsl\Downloads\DeutschZ_UI_Production_Kit\03_ICONS\System\search_disabled.paa;search_disabled.paa;.paa;;;NEIN;24422;A4E9E535A4524C314BC66A9029944A95F30DB3C037979D6CE9CB03E2E797FBF7;ICON;DISABLED;UI-State-Reserve;;NEIN;NEIN
C:\Users\patsl\Downloads\DeutschZ_UI_Production_Kit\03_ICONS\System\search_disabled.png;search_disabled.png;.png;256x256;1.000000;JA;2869;D07A9D8B10277930F3596BA830D656377A673C86ED5354A5A84520AC4A0BFA4F;ICON;DISABLED;UI-State-Reserve;;NEIN;JA
C:\Users\patsl\Downloads\DeutschZ_UI_Production_Kit\03_ICONS\System\search_hover.paa;search_hover.paa;.paa;;;NEIN;27551;E5B51870064E49189F2EB56A0B23A9B3A5D585BBB80267CD98F248A435654733;ICON;HOVER;UI-State-Reserve;;NEIN;NEIN
C:\Users\patsl\Downloads\DeutschZ_UI_Production_Kit\03_ICONS\System\search_hover.png;search_hover.png;.png;256x256;1.000000;JA;6441;E10A8790017C620F6A4A21E7DF814353B3B2EF15A6E6FA4FBBE37B4323D40706;ICON;HOVER;UI-State-Reserve;;NEIN;JA
C:\Users\patsl\Downloads\DeutschZ_UI_Production_Kit\03_ICONS\System\search_normal.paa;search_normal.paa;.paa;;;NEIN;24478;D089819FEF4920B1A87D03C2C9D150E9A15BD8FDAEA065C9EB851A0C0A3B889E;ICON;NORMAL;UI-State-Reserve;;NEIN;NEIN
C:\Users\patsl\Downloads\DeutschZ_UI_Production_Kit\03_ICONS\System\search_normal.png;search_normal.png;.png;256x256;1.000000;JA;2863;37731E55E5A1FB1FFDECCF2FBA19D26C1FDFF16BA1ADC391F7B40D7971DB6E8D;ICON;NORMAL;UI-State-Reserve;;NEIN;JA
C:\Users\patsl\Downloads\DeutschZ_UI_Production_Kit\03_ICONS\System\search_pressed.paa;search_pressed.paa;.paa;;;NEIN;27841;6F5CBDB472C435E0A26B1D5817ADF1C97F1887040AF068EBE60F4155DC1F02F4;ICON;PRESSED;UI-State-Reserve;;NEIN;NEIN
C:\Users\patsl\Downloads\DeutschZ_UI_Production_Kit\03_ICONS\System\search_pressed.png;search_pressed.png;.png;256x256;1.000000;JA;6636;F1976561B9940FEB049766C71BE6B95C97D1CFA979D708BE58BA6BE6E6720C1D;ICON;PRESSED;UI-State-Reserve;;NEIN;JA
C:\Users\patsl\Downloads\DeutschZ_UI_Production_Kit\03_ICONS\System\search_warning.paa;search_warning.paa;.paa;;;NEIN;27854;8833DBEEC9788EFA9E7875561D70E1BFD4A167F4E5F8E0F0522F750CF7C4735B;ICON;WARNING;UI-State-Reserve;;NEIN;NEIN
C:\Users\patsl\Downloads\DeutschZ_UI_Production_Kit\03_ICONS\System\search_warning.png;search_warning.png;.png;256x256;1.000000;JA;7051;C23394FE2CD293F4E1F95E1496B1BBD2890EE20A35E69BBCE82A2444F8CFD193;ICON;WARNING;UI-State-Reserve;;NEIN;JA
C:\Users\patsl\Downloads\DeutschZ_UI_Production_Kit\03_ICONS\System\up_active.paa;up_active.paa;.paa;;;NEIN;27411;85B442B0B5755C3E5704CBFE0D1209532AC59FB963C5FEE8239894463CF085E5;ICON;ACTIVE;UI-State-Reserve;;NEIN;NEIN
C:\Users\patsl\Downloads\DeutschZ_UI_Production_Kit\03_ICONS\System\up_active.png;up_active.png;.png;256x256;1.000000;JA;6377;635CA1B9E65C64943B61E4A8816131A43CCCEF1D321F28A036623D9C63031CF9;ICON;ACTIVE;UI-State-Reserve;;NEIN;JA
C:\Users\patsl\Downloads\DeutschZ_UI_Production_Kit\03_ICONS\System\up_disabled.paa;up_disabled.paa;.paa;;;NEIN;24075;386DE41032813A268B5224057485BE5F6F770D1FF7B18157D3AC058E0477D31F;ICON;DISABLED;UI-State-Reserve;;NEIN;NEIN
C:\Users\patsl\Downloads\DeutschZ_UI_Production_Kit\03_ICONS\System\up_disabled.png;up_disabled.png;.png;256x256;1.000000;JA;2542;B583696A0A53E270FD7AA628C68C805C5833E89B92696AB7EAF1CA210D1254B2;ICON;DISABLED;UI-State-Reserve;;NEIN;JA
C:\Users\patsl\Downloads\DeutschZ_UI_Production_Kit\03_ICONS\System\up_hover.paa;up_hover.paa;.paa;;;NEIN;27099;EED2A025C52A7471CBC4DEB12014223208A3B4D0EC61C19384519089E5284088;ICON;HOVER;UI-State-Reserve;;NEIN;NEIN
C:\Users\patsl\Downloads\DeutschZ_UI_Production_Kit\03_ICONS\System\up_hover.png;up_hover.png;.png;256x256;1.000000;JA;6128;903E1D665CF003FA6A73337E1662F67E8DFAD2606DA2CD894B458AB580893032;ICON;HOVER;UI-State-Reserve;;NEIN;JA
C:\Users\patsl\Downloads\DeutschZ_UI_Production_Kit\03_ICONS\System\up_normal.paa;up_normal.paa;.paa;;;NEIN;24001;73AC28B3BE5BB89BEB97A96C508CF4D4993A0184333AA58EB18B112F7F1BE7EE;ICON;NORMAL;UI-State-Reserve;;NEIN;NEIN
C:\Users\patsl\Downloads\DeutschZ_UI_Production_Kit\03_ICONS\System\up_normal.png;up_normal.png;.png;256x256;1.000000;JA;2431;E3C654543A759798279ABCD8BF304DC88A7FEF2F1F05C259AFE1FD6B349FF5D5;ICON;NORMAL;UI-State-Reserve;;NEIN;JA
C:\Users\patsl\Downloads\DeutschZ_UI_Production_Kit\03_ICONS\System\up_pressed.paa;up_pressed.paa;.paa;;;NEIN;27409;34D1512233B9AAC66740A0B7F63DF4451EC30BF0AC25E014130A6BB77A6A4801;ICON;PRESSED;UI-State-Reserve;;NEIN;NEIN
C:\Users\patsl\Downloads\DeutschZ_UI_Production_Kit\03_ICONS\System\up_pressed.png;up_pressed.png;.png;256x256;1.000000;JA;6344;2AF35442D19D844215E902F7E69E0A15280CE394B29673F64F3FFE4F216CA7A8;ICON;PRESSED;UI-State-Reserve;;NEIN;JA
C:\Users\patsl\Downloads\DeutschZ_UI_Production_Kit\03_ICONS\System\up_warning.paa;up_warning.paa;.paa;;;NEIN;27403;68E0031A3438D13D72092F0F9641236BBBEF39609335C820AA9366DB748D6796;ICON;WARNING;UI-State-Reserve;;NEIN;NEIN
C:\Users\patsl\Downloads\DeutschZ_UI_Production_Kit\03_ICONS\System\up_warning.png;up_warning.png;.png;256x256;1.000000;JA;6689;BC39AB5536E0A7D2F0CBEEA029B07DA7D08CBC005E373D80C089DA3828A5067D;ICON;WARNING;UI-State-Reserve;;NEIN;JA
C:\Users\patsl\Downloads\DeutschZ_UI_Production_Kit\03_ICONS\System\volume_active.paa;volume_active.paa;.paa;;;NEIN;27665;CC19118334EF1F27EBABAC12DE125AECC7CD536CA2CD101B7040B8A71F668F8B;ICON;ACTIVE;UI-State-Reserve;;NEIN;NEIN
C:\Users\patsl\Downloads\DeutschZ_UI_Production_Kit\03_ICONS\System\volume_active.png;volume_active.png;.png;256x256;1.000000;JA;6250;511FA2A456FEB9E6068155697EE44F672F451EA06243BCE5EF2B2D7B02C53B34;ICON;ACTIVE;UI-State-Reserve;;NEIN;JA
C:\Users\patsl\Downloads\DeutschZ_UI_Production_Kit\03_ICONS\System\volume_disabled.paa;volume_disabled.paa;.paa;;;NEIN;24268;CC92E6AA9C6F711347D2A13E01C569A0C93820F9746C0CEE2269F37832638AEC;ICON;DISABLED;UI-State-Reserve;;NEIN;NEIN
C:\Users\patsl\Downloads\DeutschZ_UI_Production_Kit\03_ICONS\System\volume_disabled.png;volume_disabled.png;.png;256x256;1.000000;JA;2437;CF5493644E6BE9ECECE1328BD635CC5D2CD2B2D293D9C53ED689ACF9120DE66F;ICON;DISABLED;UI-State-Reserve;;NEIN;JA
C:\Users\patsl\Downloads\DeutschZ_UI_Production_Kit\03_ICONS\System\volume_hover.paa;volume_hover.paa;.paa;;;NEIN;27444;8CBCA14D3EC2B9E0A3FF87AF4852E9E73170F263A532382922EA663FF1FB01CC;ICON;HOVER;UI-State-Reserve;;NEIN;NEIN
C:\Users\patsl\Downloads\DeutschZ_UI_Production_Kit\03_ICONS\System\volume_hover.png;volume_hover.png;.png;256x256;1.000000;JA;6108;73669775F752ED675656044D51BAAA6B94C14240C2C7353895F81B27FA1C6741;ICON;HOVER;UI-State-Reserve;;NEIN;JA
C:\Users\patsl\Downloads\DeutschZ_UI_Production_Kit\03_ICONS\System\volume_normal.paa;volume_normal.paa;.paa;;;NEIN;24342;71C3D6290DCD8784D4E7B8E1C78F8842F7D8880979A70962829A8B70D29CAD6D;ICON;NORMAL;UI-State-Reserve;;NEIN;NEIN
C:\Users\patsl\Downloads\DeutschZ_UI_Production_Kit\03_ICONS\System\volume_normal.png;volume_normal.png;.png;256x256;1.000000;JA;2422;BA6214D1BA180C58A74CDCE51719F9AE4A59C9AD0AFFBD13B3BFC4E4D58D82F7;ICON;NORMAL;UI-State-Reserve;;NEIN;JA
C:\Users\patsl\Downloads\DeutschZ_UI_Production_Kit\03_ICONS\System\volume_pressed.paa;volume_pressed.paa;.paa;;;NEIN;27652;649C3506B4CF908C2F47D6F85605AAFAFB5B2D67FCF9A1F7310C12496D5388DE;ICON;PRESSED;UI-State-Reserve;;NEIN;NEIN
C:\Users\patsl\Downloads\DeutschZ_UI_Production_Kit\03_ICONS\System\volume_pressed.png;volume_pressed.png;.png;256x256;1.000000;JA;6235;A75D09E359E5DE0C0F9D7F536070A2812041AD8E4F8646CA183F4E403767C475;ICON;PRESSED;UI-State-Reserve;;NEIN;JA
C:\Users\patsl\Downloads\DeutschZ_UI_Production_Kit\03_ICONS\System\volume_warning.paa;volume_warning.paa;.paa;;;NEIN;27764;3C5EDC11A39385F6C97D2FA55D7A8C3906BCA5CE274C267D594AA2735B25385A;ICON;WARNING;UI-State-Reserve;;NEIN;NEIN
C:\Users\patsl\Downloads\DeutschZ_UI_Production_Kit\03_ICONS\System\volume_warning.png;volume_warning.png;.png;256x256;1.000000;JA;6705;B50494C0017627D1B2136A5B58D56A2FF7D3F0CB055F1D761D135CF52D06B6F9;ICON;WARNING;UI-State-Reserve;;NEIN;JA
C:\Users\patsl\Downloads\DeutschZ_UI_Production_Kit\04_EVENT_CARDS\AIRDROPZ_active.png;AIRDROPZ_active.png;.png;520x760;0.684211;JA;30011;EF78A08D3EA3C9AEB79B348BBC92264CDDDA666727FF7898784490CD8EC61D76;EVENT_CARD;ACTIVE;Eventkartenreserve;;NEIN;JA
C:\Users\patsl\Downloads\DeutschZ_UI_Production_Kit\04_EVENT_CARDS\AIRDROPZ_disabled.png;AIRDROPZ_disabled.png;.png;520x760;0.684211;JA;27922;7B1A9EEB2B0C7998F7BE13921A4DA1688B1E22A9250B0282B57A29C867FF205E;EVENT_CARD;DISABLED;Eventkartenreserve;;NEIN;JA
C:\Users\patsl\Downloads\DeutschZ_UI_Production_Kit\04_EVENT_CARDS\AIRDROPZ_hover.png;AIRDROPZ_hover.png;.png;520x760;0.684211;JA;30062;B67DDB235075CFDA737BBABF6E12F9586CBDA6274331A75ED03171C345D940E3;EVENT_CARD;HOVER;Eventkartenreserve;;NEIN;JA
C:\Users\patsl\Downloads\DeutschZ_UI_Production_Kit\04_EVENT_CARDS\AIRDROPZ_locked.png;AIRDROPZ_locked.png;.png;520x760;0.684211;JA;9129;CE93B8CE284498B4C11B6EE5522355C8DE1AF4BDB4FCC7418DF7EEE112882E7E;EVENT_CARD;LOCKED;Eventkartenreserve;;NEIN;JA
C:\Users\patsl\Downloads\DeutschZ_UI_Production_Kit\04_EVENT_CARDS\AIRDROPZ_normal.png;AIRDROPZ_normal.png;.png;520x760;0.684211;JA;27826;5C9CB816923C3DE2946B7FD85297D91F6D89EF4028D2463BB65EB3E7B0907D8F;EVENT_CARD;NORMAL;Eventkartenreserve;;NEIN;JA
C:\Users\patsl\Downloads\DeutschZ_UI_Production_Kit\04_EVENT_CARDS\AIRDROPZ_pressed.png;AIRDROPZ_pressed.png;.png;520x760;0.684211;JA;30092;BF1F5C15BC5F734908AE5498B4B7C8D194810C2145DA6DC1152B89FC9137B920;EVENT_CARD;PRESSED;Eventkartenreserve;;NEIN;JA
C:\Users\patsl\Downloads\DeutschZ_UI_Production_Kit\04_EVENT_CARDS\AIRDROPZ_selected.png;AIRDROPZ_selected.png;.png;520x760;0.684211;JA;29990;0CA7946E37F348637EFA29AD6EF85039B76C2D2ADEFF71D0E52E1F029E3F8D67;EVENT_CARD;SELECTED;Eventkartenreserve;;NEIN;JA
C:\Users\patsl\Downloads\DeutschZ_UI_Production_Kit\04_EVENT_CARDS\AIRDROPZ_warning.png;AIRDROPZ_warning.png;.png;520x760;0.684211;JA;30909;FAA3E17CB23423AD80FAD990510E272109FCAC550DEAA3094A655D933F881573;EVENT_CARD;WARNING;Eventkartenreserve;;NEIN;JA
C:\Users\patsl\Downloads\DeutschZ_UI_Production_Kit\04_EVENT_CARDS\CONVOYZ_active.png;CONVOYZ_active.png;.png;520x760;0.684211;JA;28889;1D3710D539A865EB7D4220494C7159F9EA0BA69F9AE28AA338B940A426CF7384;EVENT_CARD;ACTIVE;event_cards/convoyz_active.paa;;JA;NEIN
C:\Users\patsl\Downloads\DeutschZ_UI_Production_Kit\04_EVENT_CARDS\CONVOYZ_disabled.png;CONVOYZ_disabled.png;.png;520x760;0.684211;JA;26743;FCBD06A60CA221E2B24C46968C5BA100D053A3A0616F6A800493AF171AA53A83;EVENT_CARD;DISABLED;event_cards/convoyz_disabled.paa;;JA;NEIN
C:\Users\patsl\Downloads\DeutschZ_UI_Production_Kit\04_EVENT_CARDS\CONVOYZ_hover.png;CONVOYZ_hover.png;.png;520x760;0.684211;JA;28878;067E713AB51A6ABBD8C8B98A787A549AC573F184D5B38FD198E2157A8F3C0A1C;EVENT_CARD;HOVER;event_cards/convoyz_hover.paa;;JA;NEIN
C:\Users\patsl\Downloads\DeutschZ_UI_Production_Kit\04_EVENT_CARDS\CONVOYZ_locked.png;CONVOYZ_locked.png;.png;520x760;0.684211;JA;9457;BFF86D00D2FA47943A88BD51B06131309FFDA64BD9C13880CD95BED805DD9DFB;EVENT_CARD;LOCKED;event_cards/convoyz_locked.paa;;JA;NEIN
C:\Users\patsl\Downloads\DeutschZ_UI_Production_Kit\04_EVENT_CARDS\CONVOYZ_normal.png;CONVOYZ_normal.png;.png;520x760;0.684211;JA;26579;8FF617452C63097910AE2275DB7E0E6F5DC90D0F8A883D4B9B7788B659967CD5;EVENT_CARD;NORMAL;event_cards/convoyz_normal.paa;;JA;NEIN
C:\Users\patsl\Downloads\DeutschZ_UI_Production_Kit\04_EVENT_CARDS\CONVOYZ_pressed.png;CONVOYZ_pressed.png;.png;520x760;0.684211;JA;28896;8AD63CCBC3642A5CB669E1B8A3AA8E84325875BCF939182122A177E4D9645BDE;EVENT_CARD;PRESSED;event_cards/convoyz_pressed.paa;;JA;NEIN
C:\Users\patsl\Downloads\DeutschZ_UI_Production_Kit\04_EVENT_CARDS\CONVOYZ_selected.png;CONVOYZ_selected.png;.png;520x760;0.684211;JA;28884;E876BE24CB0C8DE1D7AEB59B58417456CF7069EE8CF16A6945991800FF7EADBE;EVENT_CARD;SELECTED;event_cards/convoyz_selected.paa;;JA;NEIN
C:\Users\patsl\Downloads\DeutschZ_UI_Production_Kit\04_EVENT_CARDS\CONVOYZ_warning.png;CONVOYZ_warning.png;.png;520x760;0.684211;JA;29802;5452E4E4D618D798764A0DBFA08EF5D61ADD63F114F9300CB9BCBF82C2FAD285;EVENT_CARD;WARNING;event_cards/convoyz_warning.paa;;JA;NEIN
C:\Users\patsl\Downloads\DeutschZ_UI_Production_Kit\04_EVENT_CARDS\CRASHZ_active.png;CRASHZ_active.png;.png;520x760;0.684211;JA;29639;97DE107FAAF930D1203F03B7B308FF8B590FCB1EEBF12795A1E059CC0F1DEA02;EVENT_CARD;ACTIVE;Eventkartenreserve;;NEIN;JA
C:\Users\patsl\Downloads\DeutschZ_UI_Production_Kit\04_EVENT_CARDS\CRASHZ_disabled.png;CRASHZ_disabled.png;.png;520x760;0.684211;JA;27225;7A2A6AA8E2C4AE0605D646A21AFD55A83F611B02C1B379B44E74B9A0BFF1170E;EVENT_CARD;DISABLED;Eventkartenreserve;;NEIN;JA
C:\Users\patsl\Downloads\DeutschZ_UI_Production_Kit\04_EVENT_CARDS\CRASHZ_hover.png;CRASHZ_hover.png;.png;520x760;0.684211;JA;29541;814490F29DC387982738940CAA787A7A6AB7EE7F50247455AAC121BC55193CF1;EVENT_CARD;HOVER;Eventkartenreserve;;NEIN;JA
C:\Users\patsl\Downloads\DeutschZ_UI_Production_Kit\04_EVENT_CARDS\CRASHZ_locked.png;CRASHZ_locked.png;.png;520x760;0.684211;JA;8907;1A39AEA7E7A73089D9CE5174921DC13F2BF143D4351B683BDFE2F9EA7BD2430C;EVENT_CARD;LOCKED;Eventkartenreserve;;NEIN;JA
C:\Users\patsl\Downloads\DeutschZ_UI_Production_Kit\04_EVENT_CARDS\CRASHZ_normal.png;CRASHZ_normal.png;.png;520x760;0.684211;JA;27159;AB8B2FE0302E1B1CBEEF951596A6D1AF85EC5E8BCC7CD3D6D81F3BAC7E878C69;EVENT_CARD;NORMAL;Eventkartenreserve;;NEIN;JA
C:\Users\patsl\Downloads\DeutschZ_UI_Production_Kit\04_EVENT_CARDS\CRASHZ_pressed.png;CRASHZ_pressed.png;.png;520x760;0.684211;JA;29529;DE89FE4E9385179D3FEF6CB25776449085D04C9EBABABA884FFC0D16CFEC6ABA;EVENT_CARD;PRESSED;Eventkartenreserve;;NEIN;JA
C:\Users\patsl\Downloads\DeutschZ_UI_Production_Kit\04_EVENT_CARDS\CRASHZ_selected.png;CRASHZ_selected.png;.png;520x760;0.684211;JA;29520;E54638A8C5ED00B6C283536B3329517FE6A5AD4B58CDD4558B2468BC944178E1;EVENT_CARD;SELECTED;Eventkartenreserve;;NEIN;JA
C:\Users\patsl\Downloads\DeutschZ_UI_Production_Kit\04_EVENT_CARDS\CRASHZ_warning.png;CRASHZ_warning.png;.png;520x760;0.684211;JA;30493;7D38D4EEA89173DB4816E4C72F731455EB0174B70155CB659DAC30CA84E487A4;EVENT_CARD;WARNING;Eventkartenreserve;;NEIN;JA
C:\Users\patsl\Downloads\DeutschZ_UI_Production_Kit\04_EVENT_CARDS\GROUNDZERO_active.png;GROUNDZERO_active.png;.png;520x760;0.684211;JA;30806;45DE537994F979FFEF7C85DD588FA9C102AA274DB2482867A0D0919C3703029E;EVENT_CARD;ACTIVE;event_cards/groundzero_active.paa;;JA;NEIN
C:\Users\patsl\Downloads\DeutschZ_UI_Production_Kit\04_EVENT_CARDS\GROUNDZERO_disabled.png;GROUNDZERO_disabled.png;.png;520x760;0.684211;JA;28732;FE59F329E690B2107EDB854DD151424D1775CAFB494FBEE2E5D34C13B408CDD0;EVENT_CARD;DISABLED;event_cards/groundzero_disabled.paa;;JA;NEIN
C:\Users\patsl\Downloads\DeutschZ_UI_Production_Kit\04_EVENT_CARDS\GROUNDZERO_hover.png;GROUNDZERO_hover.png;.png;520x760;0.684211;JA;30952;B4CA49928DBC13D8A09DC176DBDA5F0D7CB5BC1263423251C0D2B4EF2EA4928B;EVENT_CARD;HOVER;event_cards/groundzero_hover.paa;;JA;NEIN
C:\Users\patsl\Downloads\DeutschZ_UI_Production_Kit\04_EVENT_CARDS\GROUNDZERO_locked.png;GROUNDZERO_locked.png;.png;520x760;0.684211;JA;10097;3EEB33672EEDD6B5C877D631222B517B462D36B900D82A1484EB2D4180C9954A;EVENT_CARD;LOCKED;event_cards/groundzero_locked.paa;;JA;NEIN
C:\Users\patsl\Downloads\DeutschZ_UI_Production_Kit\04_EVENT_CARDS\GROUNDZERO_normal.png;GROUNDZERO_normal.png;.png;520x760;0.684211;JA;28374;AD58FEE906F95D274BDAB86378E755B165A6C0A61B7869578AAD84AEF6AF5307;EVENT_CARD;NORMAL;event_cards/groundzero_normal.paa;;JA;NEIN
C:\Users\patsl\Downloads\DeutschZ_UI_Production_Kit\04_EVENT_CARDS\GROUNDZERO_pressed.png;GROUNDZERO_pressed.png;.png;520x760;0.684211;JA;30983;41B1CA0070B468FC8116EB8EAE755A9D4406CCBC6D790179BEEBDBED0B25523E;EVENT_CARD;PRESSED;event_cards/groundzero_pressed.paa;;JA;NEIN
C:\Users\patsl\Downloads\DeutschZ_UI_Production_Kit\04_EVENT_CARDS\GROUNDZERO_selected.png;GROUNDZERO_selected.png;.png;520x760;0.684211;JA;30721;9D2EC0F8403995993242B2241D0D4ABDB16DA7148683ED2793E66A2E900DB337;EVENT_CARD;SELECTED;event_cards/groundzero_selected.paa;;JA;NEIN
C:\Users\patsl\Downloads\DeutschZ_UI_Production_Kit\04_EVENT_CARDS\GROUNDZERO_warning.png;GROUNDZERO_warning.png;.png;520x760;0.684211;JA;31962;DADF8E91188FB42CAEFD22C18A376E1AAE39BF5572AC32F14D682AF837F63ACB;EVENT_CARD;WARNING;event_cards/groundzero_warning.paa;;JA;NEIN
C:\Users\patsl\Downloads\DeutschZ_UI_Production_Kit\04_EVENT_CARDS\KOTHZ_active.paa;KOTHZ_active.paa;.paa;;;NEIN;134161;9E3046CC4795C5FA572B934CB5C7DB3594261B1DFD156F8F5558F32F5F84CE45;EVENT_CARD;ACTIVE;Eventkartenreserve;;NEIN;NEIN
C:\Users\patsl\Downloads\DeutschZ_UI_Production_Kit\04_EVENT_CARDS\KOTHZ_active.png;KOTHZ_active.png;.png;520x760;0.684211;JA;27857;9611916747BDD7BFC92B31DE1BE5F5FB32962144A2C1EEFD1EDEE6602C6BE3E3;EVENT_CARD;ACTIVE;event_cards/kothz_active.paa;;JA;NEIN
C:\Users\patsl\Downloads\DeutschZ_UI_Production_Kit\04_EVENT_CARDS\KOTHZ_disabled.paa;KOTHZ_disabled.paa;.paa;;;NEIN;131620;F2C3D34829FAB92E6E28E0AD21A60823B698C2C67F79A065BDE505BEA483B069;EVENT_CARD;DISABLED;Eventkartenreserve;;NEIN;NEIN
C:\Users\patsl\Downloads\DeutschZ_UI_Production_Kit\04_EVENT_CARDS\KOTHZ_disabled.png;KOTHZ_disabled.png;.png;520x760;0.684211;JA;25893;E5F179E03277200367FC3A26888BB096DCA2C5C94FC0C7AF4F0CA571724A245D;EVENT_CARD;DISABLED;event_cards/kothz_disabled.paa;;JA;NEIN
C:\Users\patsl\Downloads\DeutschZ_UI_Production_Kit\04_EVENT_CARDS\KOTHZ_hover.paa;KOTHZ_hover.paa;.paa;;;NEIN;133749;D6D225A8F6643E585C183F62346664ED7E274644257EA9F833248EF3957107F1;EVENT_CARD;HOVER;Eventkartenreserve;;NEIN;NEIN
C:\Users\patsl\Downloads\DeutschZ_UI_Production_Kit\04_EVENT_CARDS\KOTHZ_hover.png;KOTHZ_hover.png;.png;520x760;0.684211;JA;27993;3CD9D8ADF942A55551932BAED89D438949D4172A2147A6C184002713B330E377;EVENT_CARD;HOVER;event_cards/kothz_hover.paa;;JA;NEIN
C:\Users\patsl\Downloads\DeutschZ_UI_Production_Kit\04_EVENT_CARDS\KOTHZ_locked.paa;KOTHZ_locked.paa;.paa;;;NEIN;125524;824846B64EACD815808A5E8732681901096FC86C639628F0B367728D806C73E3;EVENT_CARD;LOCKED;Eventkartenreserve;;NEIN;NEIN
C:\Users\patsl\Downloads\DeutschZ_UI_Production_Kit\04_EVENT_CARDS\KOTHZ_locked.png;KOTHZ_locked.png;.png;520x760;0.684211;JA;7658;1F3E43CE5BDF2D0FC3554CE7C2EFD7F1B4F9F7F725EAFC8ACAFC8A402652C06A;EVENT_CARD;LOCKED;event_cards/kothz_locked.paa;;JA;NEIN
C:\Users\patsl\Downloads\DeutschZ_UI_Production_Kit\04_EVENT_CARDS\KOTHZ_normal.paa;KOTHZ_normal.paa;.paa;;;NEIN;132872;E00D7F3D0B1D394FE541D860379E20DC48866FBA2018C2C42840E7AAFBEF1135;EVENT_CARD;NORMAL;Eventkartenreserve;;NEIN;NEIN
C:\Users\patsl\Downloads\DeutschZ_UI_Production_Kit\04_EVENT_CARDS\KOTHZ_normal.png;KOTHZ_normal.png;.png;520x760;0.684211;JA;25695;84558D2995434D1FEF4FAA1093A9F23292D18C7E56BF2EF8B1E72E6285C98F0D;EVENT_CARD;NORMAL;event_cards/kothz_normal.paa;;JA;NEIN
C:\Users\patsl\Downloads\DeutschZ_UI_Production_Kit\04_EVENT_CARDS\KOTHZ_pressed.paa;KOTHZ_pressed.paa;.paa;;;NEIN;133822;FF1B73E0A1712079FFF738AC9E3A2785EDE029C594B7C2590AAFFC5A13072A6C;EVENT_CARD;PRESSED;Eventkartenreserve;;NEIN;NEIN
C:\Users\patsl\Downloads\DeutschZ_UI_Production_Kit\04_EVENT_CARDS\KOTHZ_pressed.png;KOTHZ_pressed.png;.png;520x760;0.684211;JA;28117;31E8EDE82B62E63065DE04635431E480B2B9B48DE582F68FAB9E860114F1D104;EVENT_CARD;PRESSED;event_cards/kothz_pressed.paa;;JA;NEIN
C:\Users\patsl\Downloads\DeutschZ_UI_Production_Kit\04_EVENT_CARDS\KOTHZ_selected.paa;KOTHZ_selected.paa;.paa;;;NEIN;134238;6044F452F7D061A3AE796A0151C04ED657FC5052E55A5CF81F3FF3E54F6AF6D9;EVENT_CARD;SELECTED;Eventkartenreserve;;NEIN;NEIN
C:\Users\patsl\Downloads\DeutschZ_UI_Production_Kit\04_EVENT_CARDS\KOTHZ_selected.png;KOTHZ_selected.png;.png;520x760;0.684211;JA;28129;F265C62D89E11CF9F561E28F47DC67CB376921DB65A6236084CA543AFB9F4C4C;EVENT_CARD;SELECTED;event_cards/kothz_selected.paa;;JA;NEIN
C:\Users\patsl\Downloads\DeutschZ_UI_Production_Kit\04_EVENT_CARDS\KOTHZ_warning.png;KOTHZ_warning.png;.png;520x760;0.684211;JA;28753;E0D59E63C94B6A61F10ED4DB678EE4FB005C879B32FE5343A8E09C92CBF4664A;EVENT_CARD;WARNING;event_cards/kothz_warning.paa;;JA;NEIN
C:\Users\patsl\Downloads\DeutschZ_UI_Production_Kit\04_EVENT_CARDS\OPERATION_DEUTSCHZ_active.png;OPERATION_DEUTSCHZ_active.png;.png;520x760;0.684211;JA;31673;DA1E21C11900E95EF87236EA14FC4232EA95CD16D55B2E99FC11E4CCBFB7113B;EVENT_CARD;ACTIVE;event_cards/operation_deutschz_active.paa;;JA;NEIN
C:\Users\patsl\Downloads\DeutschZ_UI_Production_Kit\04_EVENT_CARDS\OPERATION_DEUTSCHZ_disabled.png;OPERATION_DEUTSCHZ_disabled.png;.png;520x760;0.684211;JA;29426;1BE6690E144C13014B81158CA2B6DE1C8EB1359437F6C14ADCDC0EEF8AF96C50;EVENT_CARD;DISABLED;event_cards/operation_deutschz_disabled.paa;;JA;NEIN
C:\Users\patsl\Downloads\DeutschZ_UI_Production_Kit\04_EVENT_CARDS\OPERATION_DEUTSCHZ_hover.png;OPERATION_DEUTSCHZ_hover.png;.png;520x760;0.684211;JA;32058;8A8C5EB3815478AF03FFC9FF9503D4497ECEF075C024CD09085FBB035A6471B2;EVENT_CARD;HOVER;event_cards/operation_deutschz_hover.paa;;JA;NEIN
C:\Users\patsl\Downloads\DeutschZ_UI_Production_Kit\04_EVENT_CARDS\OPERATION_DEUTSCHZ_locked.png;OPERATION_DEUTSCHZ_locked.png;.png;520x760;0.684211;JA;12131;61FFFF53BCBDBE839726C3B36BBA5C5CC649E54C6979A858320C5AD71C8CAA9B;EVENT_CARD;LOCKED;event_cards/operation_deutschz_locked.paa;;JA;NEIN
C:\Users\patsl\Downloads\DeutschZ_UI_Production_Kit\04_EVENT_CARDS\OPERATION_DEUTSCHZ_normal.png;OPERATION_DEUTSCHZ_normal.png;.png;520x760;0.684211;JA;29411;EC279F5282388A0544A2E6C4EB63D4FFA56BD0DC3538813FB256773B7DE8ED7C;EVENT_CARD;NORMAL;event_cards/operation_deutschz_normal.paa;;JA;NEIN
C:\Users\patsl\Downloads\DeutschZ_UI_Production_Kit\04_EVENT_CARDS\OPERATION_DEUTSCHZ_pressed.png;OPERATION_DEUTSCHZ_pressed.png;.png;520x760;0.684211;JA;31869;5C922119392CD7D17CFB1D342DA91411E5CCAE0B2D6E75A0BF64DAEE5F7E3215;EVENT_CARD;PRESSED;event_cards/operation_deutschz_pressed.paa;;JA;NEIN
C:\Users\patsl\Downloads\DeutschZ_UI_Production_Kit\04_EVENT_CARDS\OPERATION_DEUTSCHZ_selected.png;OPERATION_DEUTSCHZ_selected.png;.png;520x760;0.684211;JA;31482;333ED3EED46BACB2C4559913BC8998AE6A76E2EC1B123E6A0773DF804E5851A8;EVENT_CARD;SELECTED;event_cards/operation_deutschz_selected.paa;;JA;NEIN
C:\Users\patsl\Downloads\DeutschZ_UI_Production_Kit\04_EVENT_CARDS\OPERATION_DEUTSCHZ_warning.png;OPERATION_DEUTSCHZ_warning.png;.png;520x760;0.684211;JA;32675;E763D45119315FB28468104A22C51EA1D5099AFBC0BB89D45D228A062C0872FD;EVENT_CARD;WARNING;event_cards/operation_deutschz_warning.paa;;JA;NEIN
C:\Users\patsl\Downloads\DeutschZ_UI_Production_Kit\05_BADGES\AKTIV_active.paa;AKTIV_active.paa;.paa;;;NEIN;15000;1C20F10AF5CE9F9928F6602F2B944A4CC68F8BDEDFCB797082357D4A4423F726;BADGE;ACTIVE;Nicht zugeordnet;;NEIN;NEIN
C:\Users\patsl\Downloads\DeutschZ_UI_Production_Kit\05_BADGES\AKTIV_active.png;AKTIV_active.png;.png;420x110;3.818182;JA;6030;031F32A2DF26C89600FA48FA573E70E6B73925AB31EE8D64BF7E3B489D082D95;BADGE;ACTIVE;Nicht zugeordnet;;NEIN;JA
C:\Users\patsl\Downloads\DeutschZ_UI_Production_Kit\05_BADGES\AKTIV_disabled.paa;AKTIV_disabled.paa;.paa;;;NEIN;14238;88D1202FC2023CAFBBD2FE5831A000C7F6D96B6B2B778DE12B5B68D87DE66955;BADGE;DISABLED;Nicht zugeordnet;;NEIN;NEIN
C:\Users\patsl\Downloads\DeutschZ_UI_Production_Kit\05_BADGES\AKTIV_disabled.png;AKTIV_disabled.png;.png;420x110;3.818182;JA;3598;C5C75F666A08BAB71F3F3626A14944FEB81AB48074E001034315530849B29650;BADGE;DISABLED;Nicht zugeordnet;;NEIN;JA
C:\Users\patsl\Downloads\DeutschZ_UI_Production_Kit\05_BADGES\AKTIV_hover.png;AKTIV_hover.png;.png;420x110;3.818182;JA;5916;03787F961930D2CDE1BBC8C10BFE2AD071D9050379480C69805A8852BF1D654F;BADGE;HOVER;Nicht zugeordnet;;NEIN;JA
C:\Users\patsl\Downloads\DeutschZ_UI_Production_Kit\05_BADGES\AKTIV_normal.png;AKTIV_normal.png;.png;420x110;3.818182;JA;6115;5A3749C01D8CFFA6C36EC77277E4663D464CFA65C159F4C9F9439808D5E6D3B0;BADGE;NORMAL;Nicht zugeordnet;;NEIN;JA
C:\Users\patsl\Downloads\DeutschZ_UI_Production_Kit\05_BADGES\AKTIV_warning.png;AKTIV_warning.png;.png;420x110;3.818182;JA;6304;DB3694F39E5C9D72114D237964985BC1D095652899D293ED8CB604E60BABC23C;BADGE;WARNING;Nicht zugeordnet;;NEIN;JA
C:\Users\patsl\Downloads\DeutschZ_UI_Production_Kit\05_BADGES\EMPFOHLEN_active.paa;EMPFOHLEN_active.paa;.paa;;;NEIN;15473;69F82DE6AFE4A422CE36429C7B6881AB35855E7F582C722A22B5B7A23AA3056B;BADGE;ACTIVE;Nicht zugeordnet;;NEIN;NEIN
C:\Users\patsl\Downloads\DeutschZ_UI_Production_Kit\05_BADGES\EMPFOHLEN_active.png;EMPFOHLEN_active.png;.png;420x110;3.818182;JA;7026;68955944201E8389AEF4D61688C6A6CC4361830A4A55EEB747DD8B5197841110;BADGE;ACTIVE;Nicht zugeordnet;;NEIN;JA
C:\Users\patsl\Downloads\DeutschZ_UI_Production_Kit\05_BADGES\EMPFOHLEN_disabled.paa;EMPFOHLEN_disabled.paa;.paa;;;NEIN;14451;473B89C142A8389B8FB7AEE94C6A61245FD65B5A30FF9DB9E0F95F8D869D8064;BADGE;DISABLED;Nicht zugeordnet;;NEIN;NEIN
C:\Users\patsl\Downloads\DeutschZ_UI_Production_Kit\05_BADGES\EMPFOHLEN_disabled.png;EMPFOHLEN_disabled.png;.png;420x110;3.818182;JA;4489;5A9049E4FDD98FEB8A73146FD61D092313C5EB0BE9DE47CCE621E0FB63D5547B;BADGE;DISABLED;Nicht zugeordnet;;NEIN;JA
C:\Users\patsl\Downloads\DeutschZ_UI_Production_Kit\05_BADGES\EMPFOHLEN_hover.png;EMPFOHLEN_hover.png;.png;420x110;3.818182;JA;6956;ABD53130540F7647C9E71992EB226BAE1B66BA55FD7EEA3655307FC6B90A91DF;BADGE;HOVER;Nicht zugeordnet;;NEIN;JA
C:\Users\patsl\Downloads\DeutschZ_UI_Production_Kit\05_BADGES\EMPFOHLEN_normal.png;EMPFOHLEN_normal.png;.png;420x110;3.818182;JA;6980;140E72F40922A2DACB82D39A5CB76AD160E204795B8C4D9D35A572A3C5A67E78;BADGE;NORMAL;Nicht zugeordnet;;NEIN;JA
C:\Users\patsl\Downloads\DeutschZ_UI_Production_Kit\05_BADGES\EMPFOHLEN_warning.png;EMPFOHLEN_warning.png;.png;420x110;3.818182;JA;7364;D13BDF7B3F41B614A1097CFDE2E579F11B37C5E05471A22A9E9929E071C7838F;BADGE;WARNING;Nicht zugeordnet;;NEIN;JA
C:\Users\patsl\Downloads\DeutschZ_UI_Production_Kit\05_BADGES\FEHLER_active.paa;FEHLER_active.paa;.paa;;;NEIN;14776;8BF6D8FDDE488413C70C2B660DF1864F2F7A68356AC075F286FD0FDCD50B5011;BADGE;ACTIVE;Nicht zugeordnet;;NEIN;NEIN
C:\Users\patsl\Downloads\DeutschZ_UI_Production_Kit\05_BADGES\FEHLER_active.png;FEHLER_active.png;.png;420x110;3.818182;JA;5142;2D9C84036CFA3B0AF2AA61F6B397E5902B7D444D8D532F1E01B3B85C611DCEEB;BADGE;ACTIVE;Nicht zugeordnet;;NEIN;JA
C:\Users\patsl\Downloads\DeutschZ_UI_Production_Kit\05_BADGES\FEHLER_disabled.paa;FEHLER_disabled.paa;.paa;;;NEIN;14169;A3F2AFD88D9B356B2B0C13C4DD80F3F483FF95E824BF5D130414049236D5DEB1;BADGE;DISABLED;Nicht zugeordnet;;NEIN;NEIN
C:\Users\patsl\Downloads\DeutschZ_UI_Production_Kit\05_BADGES\FEHLER_disabled.png;FEHLER_disabled.png;.png;420x110;3.818182;JA;2865;27F777ABFBF8AAE4E785F94A5450F6722ABD37A48D226548327A858ACC6016D5;BADGE;DISABLED;Nicht zugeordnet;;NEIN;JA
C:\Users\patsl\Downloads\DeutschZ_UI_Production_Kit\05_BADGES\FEHLER_hover.png;FEHLER_hover.png;.png;420x110;3.818182;JA;4993;F2B9FA7E9F27A4934083AB134BC29D55CDBB322448F999264D53E174B716EBB9;BADGE;HOVER;Nicht zugeordnet;;NEIN;JA
C:\Users\patsl\Downloads\DeutschZ_UI_Production_Kit\05_BADGES\FEHLER_normal.png;FEHLER_normal.png;.png;420x110;3.818182;JA;5256;55CA6FC8821F5E7E703E732F89CAF8F8D0E649D5A533EC58A9FADCF7B213A612;BADGE;NORMAL;Nicht zugeordnet;;NEIN;JA
C:\Users\patsl\Downloads\DeutschZ_UI_Production_Kit\05_BADGES\FEHLER_warning.png;FEHLER_warning.png;.png;420x110;3.818182;JA;5399;357FF2DD084B833344B72223BE25D17C47664BF58A4CD9CB26BCD9B3495558E9;BADGE;WARNING;Nicht zugeordnet;;NEIN;JA
C:\Users\patsl\Downloads\DeutschZ_UI_Production_Kit\05_BADGES\GESPERRT_active.paa;GESPERRT_active.paa;.paa;;;NEIN;15561;714962D64A792CB2347D95A9FFAADD9C121EF6A9A1177853A2DE32EF5479A614;BADGE;ACTIVE;Nicht zugeordnet;;NEIN;NEIN
C:\Users\patsl\Downloads\DeutschZ_UI_Production_Kit\05_BADGES\GESPERRT_active.png;GESPERRT_active.png;.png;420x110;3.818182;JA;7447;E322B08BE54AD214ED356C9F30F5094194C20A1E8CD65729410DC93335A12E78;BADGE;ACTIVE;Nicht zugeordnet;;NEIN;JA
C:\Users\patsl\Downloads\DeutschZ_UI_Production_Kit\05_BADGES\GESPERRT_disabled.paa;GESPERRT_disabled.paa;.paa;;;NEIN;14476;F695BE2FCF3C7D411F814EA662EB07350A4E48EB178E851D7270FC6171413829;BADGE;DISABLED;Nicht zugeordnet;;NEIN;NEIN
C:\Users\patsl\Downloads\DeutschZ_UI_Production_Kit\05_BADGES\GESPERRT_disabled.png;GESPERRT_disabled.png;.png;420x110;3.818182;JA;4913;0553373EAC32BFDCD04EE007C5715A673A4FC67DAF1F4BD58E5D9DEF046F3D68;BADGE;DISABLED;Nicht zugeordnet;;NEIN;JA
C:\Users\patsl\Downloads\DeutschZ_UI_Production_Kit\05_BADGES\GESPERRT_hover.png;GESPERRT_hover.png;.png;420x110;3.818182;JA;7301;5596AC454AFACDE50741700F71A716FC1F59FEBC026933A4D2DC5F9B45836DC1;BADGE;HOVER;Nicht zugeordnet;;NEIN;JA
C:\Users\patsl\Downloads\DeutschZ_UI_Production_Kit\05_BADGES\GESPERRT_normal.png;GESPERRT_normal.png;.png;420x110;3.818182;JA;7616;F5D41A84E63F4E0ACE5E65D30950589941947BDE62BC0B1D19446FDE064B973C;BADGE;NORMAL;Nicht zugeordnet;;NEIN;JA
C:\Users\patsl\Downloads\DeutschZ_UI_Production_Kit\05_BADGES\GESPERRT_warning.png;GESPERRT_warning.png;.png;420x110;3.818182;JA;7786;96C65E7E0CB2BFFD3F3CE5257518288787782E15C28D9E22B7781AB091E99FFC;BADGE;WARNING;Nicht zugeordnet;;NEIN;JA
C:\Users\patsl\Downloads\DeutschZ_UI_Production_Kit\05_BADGES\GESTARTET_active.paa;GESTARTET_active.paa;.paa;;;NEIN;15507;E9096E9BBF4CE707BB2402A5756F8769EF0081CA80C44015A70AE6963C16ADE2;BADGE;ACTIVE;Nicht zugeordnet;;NEIN;NEIN
C:\Users\patsl\Downloads\DeutschZ_UI_Production_Kit\05_BADGES\GESTARTET_active.png;GESTARTET_active.png;.png;420x110;3.818182;JA;7529;C7EBD68CA5D1C14D22E868CD5283AF6339E7B97EFB8446840647E7E5CD64F1DD;BADGE;ACTIVE;Nicht zugeordnet;;NEIN;JA
C:\Users\patsl\Downloads\DeutschZ_UI_Production_Kit\05_BADGES\GESTARTET_disabled.paa;GESTARTET_disabled.paa;.paa;;;NEIN;14462;DEEC953DD3B3ADEBDA4C2C390E5F40D52B8E70071D12FCE9C808BE5CEC330EB4;BADGE;DISABLED;Nicht zugeordnet;;NEIN;NEIN
C:\Users\patsl\Downloads\DeutschZ_UI_Production_Kit\05_BADGES\GESTARTET_disabled.png;GESTARTET_disabled.png;.png;420x110;3.818182;JA;4978;7ED00A39D7D5A0B079D95B081C6E5EB526EF4B647F3088F91AC5FA9A4E214150;BADGE;DISABLED;Nicht zugeordnet;;NEIN;JA
C:\Users\patsl\Downloads\DeutschZ_UI_Production_Kit\05_BADGES\GESTARTET_hover.png;GESTARTET_hover.png;.png;420x110;3.818182;JA;7361;B8556537446077665DC1FC4DD7F26681277C507761A7AA74AC15BEB4A7104D26;BADGE;HOVER;Nicht zugeordnet;;NEIN;JA
C:\Users\patsl\Downloads\DeutschZ_UI_Production_Kit\05_BADGES\GESTARTET_normal.png;GESTARTET_normal.png;.png;420x110;3.818182;JA;7702;7B515B42C0958AAF7352CD03E7BA63A9077C078973B08CB196F6BD1F70908E88;BADGE;NORMAL;Nicht zugeordnet;;NEIN;JA
C:\Users\patsl\Downloads\DeutschZ_UI_Production_Kit\05_BADGES\GESTARTET_warning.png;GESTARTET_warning.png;.png;420x110;3.818182;JA;7896;28F31C6A50BDE6664808562C77981B7DD0862D0D08E8E90D37A1BE89E972E383;BADGE;WARNING;Nicht zugeordnet;;NEIN;JA
C:\Users\patsl\Downloads\DeutschZ_UI_Production_Kit\05_BADGES\INAKTIV_active.paa;INAKTIV_active.paa;.paa;;;NEIN;15217;9B84D398CECABF249D1DAEB86EEC7D1B75964A2117D7847785DFEB2471A33289;BADGE;ACTIVE;Nicht zugeordnet;;NEIN;NEIN
C:\Users\patsl\Downloads\DeutschZ_UI_Production_Kit\05_BADGES\INAKTIV_active.png;INAKTIV_active.png;.png;420x110;3.818182;JA;6305;7EFFEEA5B2F87174B3CC53185638871FC541A801D10ACE517A19818B862D4791;BADGE;ACTIVE;Nicht zugeordnet;;NEIN;JA
C:\Users\patsl\Downloads\DeutschZ_UI_Production_Kit\05_BADGES\INAKTIV_disabled.paa;INAKTIV_disabled.paa;.paa;;;NEIN;14337;17EB120B3E2A4123A7D44B59AB1E2FB5A34D016068394184394D205F2269660D;BADGE;DISABLED;Nicht zugeordnet;;NEIN;NEIN
C:\Users\patsl\Downloads\DeutschZ_UI_Production_Kit\05_BADGES\INAKTIV_disabled.png;INAKTIV_disabled.png;.png;420x110;3.818182;JA;3938;299C73E337A1408BF2F3C9FCD54068BB02C9617E48F70C990A8B7B3511720B24;BADGE;DISABLED;Nicht zugeordnet;;NEIN;JA
C:\Users\patsl\Downloads\DeutschZ_UI_Production_Kit\05_BADGES\INAKTIV_hover.png;INAKTIV_hover.png;.png;420x110;3.818182;JA;6287;226A5AFEDC8F27022D2D481E71B577BB923145B21BDFE4FEAD367C9B359EBD11;BADGE;HOVER;Nicht zugeordnet;;NEIN;JA
C:\Users\patsl\Downloads\DeutschZ_UI_Production_Kit\05_BADGES\INAKTIV_normal.png;INAKTIV_normal.png;.png;420x110;3.818182;JA;4273;702AA4734A7C461680F2181AD72E9FA565BA4BAB44C2557F12352C0E8F756255;BADGE;NORMAL;Nicht zugeordnet;;NEIN;JA
C:\Users\patsl\Downloads\DeutschZ_UI_Production_Kit\05_BADGES\INAKTIV_warning.png;INAKTIV_warning.png;.png;420x110;3.818182;JA;6702;461EB00D52ADF8DF27EB3A7D07A34F1CB1AF5CDEE17A33DF640CEDC9BE667EBC;BADGE;WARNING;Nicht zugeordnet;;NEIN;JA
C:\Users\patsl\Downloads\DeutschZ_UI_Production_Kit\05_BADGES\NEU_active.paa;NEU_active.paa;.paa;;;NEIN;14875;BB801FDDA15BA98923496886E3937C6F423FDADDC1C075206622B25BE7D039C5;BADGE;ACTIVE;Nicht zugeordnet;;NEIN;NEIN
C:\Users\patsl\Downloads\DeutschZ_UI_Production_Kit\05_BADGES\NEU_active.png;NEU_active.png;.png;420x110;3.818182;JA;5376;EDE2FD003C65679A6C9039F71ED2336702CBD9C3DC16721F7BA720CC9EA3BEDE;BADGE;ACTIVE;Nicht zugeordnet;;NEIN;JA
C:\Users\patsl\Downloads\DeutschZ_UI_Production_Kit\05_BADGES\NEU_disabled.paa;NEU_disabled.paa;.paa;;;NEIN;14226;63F233FB5ACA34BBB7B8911A638B62DAA4687EC39C79D90BDABC7BDB15DC1C73;BADGE;DISABLED;Nicht zugeordnet;;NEIN;NEIN
C:\Users\patsl\Downloads\DeutschZ_UI_Production_Kit\05_BADGES\NEU_disabled.png;NEU_disabled.png;.png;420x110;3.818182;JA;2990;7E1197394643D957F42E1AE537B25FEA6422B067CB68B2D4167EEC23D3E1BB18;BADGE;DISABLED;Nicht zugeordnet;;NEIN;JA
C:\Users\patsl\Downloads\DeutschZ_UI_Production_Kit\05_BADGES\NEU_hover.png;NEU_hover.png;.png;420x110;3.818182;JA;5181;0BBC856899164CAAF35F4595117B167CE151DFE4F2DAC1FB0C6EC0A77BF33DCE;BADGE;HOVER;Nicht zugeordnet;;NEIN;JA
C:\Users\patsl\Downloads\DeutschZ_UI_Production_Kit\05_BADGES\NEU_normal.png;NEU_normal.png;.png;420x110;3.818182;JA;5264;0B0E5A203B14CCB8AC9C038688C20760099FED04EB647610960F8E816E71B2A3;BADGE;NORMAL;Nicht zugeordnet;;NEIN;JA
C:\Users\patsl\Downloads\DeutschZ_UI_Production_Kit\05_BADGES\NEU_warning.png;NEU_warning.png;.png;420x110;3.818182;JA;5674;B8328B8D25371BC04BF6536D21D21C37903A37FC28BB146937491495A80613C4;BADGE;WARNING;Nicht zugeordnet;;NEIN;JA
C:\Users\patsl\Downloads\DeutschZ_UI_Production_Kit\05_BADGES\OFFLINE_active.paa;OFFLINE_active.paa;.paa;;;NEIN;15172;EA847414DE6F8CE608FFDAC34C65AC30E7D414E8998B7AA0AA01A3D2BF65C8E2;BADGE;ACTIVE;Nicht zugeordnet;;NEIN;NEIN
C:\Users\patsl\Downloads\DeutschZ_UI_Production_Kit\05_BADGES\OFFLINE_active.png;OFFLINE_active.png;.png;420x110;3.818182;JA;5979;B68A23CE83EAF7AAF0958697BADED6234AAE0C5856521CA6F81BFD651E92F036;BADGE;ACTIVE;Nicht zugeordnet;;NEIN;JA
C:\Users\patsl\Downloads\DeutschZ_UI_Production_Kit\05_BADGES\OFFLINE_disabled.paa;OFFLINE_disabled.paa;.paa;;;NEIN;14350;DCC8C4E1199509F7B39D2D87C1E6F0C964303723A237B38A9159A47498D03F41;BADGE;DISABLED;Nicht zugeordnet;;NEIN;NEIN
C:\Users\patsl\Downloads\DeutschZ_UI_Production_Kit\05_BADGES\OFFLINE_disabled.png;OFFLINE_disabled.png;.png;420x110;3.818182;JA;3625;794508F56B7D9CDE12811310D158D969793A4E2F13B86ED7FF6EA736B5579FDF;BADGE;DISABLED;Nicht zugeordnet;;NEIN;JA
C:\Users\patsl\Downloads\DeutschZ_UI_Production_Kit\05_BADGES\OFFLINE_hover.png;OFFLINE_hover.png;.png;420x110;3.818182;JA;5864;810C1B091FE22AFCA0930BCCE73CFB791D3D2A1E78F5E90FA5320AE5F2087F51;BADGE;HOVER;Nicht zugeordnet;;NEIN;JA
C:\Users\patsl\Downloads\DeutschZ_UI_Production_Kit\05_BADGES\OFFLINE_normal.png;OFFLINE_normal.png;.png;420x110;3.818182;JA;3854;4F7EC18427DA1921E0E6E5E610A44D6A7A0167ABA9536497EA725CD050CC6B94;BADGE;NORMAL;Nicht zugeordnet;;NEIN;JA
C:\Users\patsl\Downloads\DeutschZ_UI_Production_Kit\05_BADGES\OFFLINE_warning.png;OFFLINE_warning.png;.png;420x110;3.818182;JA;6326;56462F00EBC7D44FD4D7CDD6E8BDF57B2A5E552C5E28F5CDAFF198E7BCFDE704;BADGE;WARNING;Nicht zugeordnet;;NEIN;JA
C:\Users\patsl\Downloads\DeutschZ_UI_Production_Kit\05_BADGES\PVE_active.paa;PVE_active.paa;.paa;;;NEIN;14814;5110697E66DCA514F55C212194DC81F10C23B725B5C762F3631FD324BAA2247F;BADGE;ACTIVE;Nicht zugeordnet;;NEIN;NEIN
C:\Users\patsl\Downloads\DeutschZ_UI_Production_Kit\05_BADGES\PVE_active.png;PVE_active.png;.png;420x110;3.818182;JA;5299;96781C2B92A595194B4114CE44685C664E5496347BBA7324D9EEE853DF814A4D;BADGE;ACTIVE;Nicht zugeordnet;;NEIN;JA
C:\Users\patsl\Downloads\DeutschZ_UI_Production_Kit\05_BADGES\PVE_disabled.paa;PVE_disabled.paa;.paa;;;NEIN;14181;2CAB16AD2433E92EDBB674CFEFCA1E74A4163033F23E2FDD23DF434754DDD44A;BADGE;DISABLED;Nicht zugeordnet;;NEIN;NEIN
C:\Users\patsl\Downloads\DeutschZ_UI_Production_Kit\05_BADGES\PVE_disabled.png;PVE_disabled.png;.png;420x110;3.818182;JA;2945;2C22B0F4DDE2511B7183F0D9599A21C423DD5D0F9816962FE256D49B6CBA6072;BADGE;DISABLED;Nicht zugeordnet;;NEIN;JA
C:\Users\patsl\Downloads\DeutschZ_UI_Production_Kit\05_BADGES\PVE_hover.png;PVE_hover.png;.png;420x110;3.818182;JA;5175;DF758FE96ABB2CC70E0472D5966E8F93ECDECD9F3085AD2B1528DB367FB00BA3;BADGE;HOVER;Nicht zugeordnet;;NEIN;JA
C:\Users\patsl\Downloads\DeutschZ_UI_Production_Kit\05_BADGES\PVE_normal.png;PVE_normal.png;.png;420x110;3.818182;JA;3050;2D19169BB12F9683ADF4884648975A8808CF89C741C1DA5F3F2248AAC4A762F9;BADGE;NORMAL;Nicht zugeordnet;;NEIN;JA
C:\Users\patsl\Downloads\DeutschZ_UI_Production_Kit\05_BADGES\PVE_warning.png;PVE_warning.png;.png;420x110;3.818182;JA;5574;0BC1C823B41375EBE62998FD1625785AE0E80B5911CDD26AA0027F3633044023;BADGE;WARNING;Nicht zugeordnet;;NEIN;JA
C:\Users\patsl\Downloads\DeutschZ_UI_Production_Kit\05_BADGES\PVP_active.paa;PVP_active.paa;.paa;;;NEIN;14790;360180377968D8B32B0FBD419B6A6CB5A71FED25E6D31D85FF242BFEB4124E79;BADGE;ACTIVE;Nicht zugeordnet;;NEIN;NEIN
C:\Users\patsl\Downloads\DeutschZ_UI_Production_Kit\05_BADGES\PVP_active.png;PVP_active.png;.png;420x110;3.818182;JA;5247;034DC1E9D0FB53B05022B6AFE917B0C3B9E0E10DE1DC8881FC86D2D697F7B552;BADGE;ACTIVE;Nicht zugeordnet;;NEIN;JA
C:\Users\patsl\Downloads\DeutschZ_UI_Production_Kit\05_BADGES\PVP_disabled.paa;PVP_disabled.paa;.paa;;;NEIN;14151;1F9C370DF9B1B2504E6A110E9EF4DB83F97D75757A2E6A653FC164D6CA361A5E;BADGE;DISABLED;Nicht zugeordnet;;NEIN;NEIN
C:\Users\patsl\Downloads\DeutschZ_UI_Production_Kit\05_BADGES\PVP_disabled.png;PVP_disabled.png;.png;420x110;3.818182;JA;2876;D39B3E3021B362F765696D7365FA5D6002D7955715F43CC28C0BA2DEA29FE96B;BADGE;DISABLED;Nicht zugeordnet;;NEIN;JA
C:\Users\patsl\Downloads\DeutschZ_UI_Production_Kit\05_BADGES\PVP_hover.png;PVP_hover.png;.png;420x110;3.818182;JA;5097;C2ABAB910FBB84528FCAD982FFADBCECC81B6DC2CD1179D0081732CA6A31BB96;BADGE;HOVER;Nicht zugeordnet;;NEIN;JA
C:\Users\patsl\Downloads\DeutschZ_UI_Production_Kit\05_BADGES\PVP_normal.png;PVP_normal.png;.png;420x110;3.818182;JA;5277;1FCCD790FC148FBFF12DD2E7F7115EB067B6ADA70991101C4FABC547EF42BAEE;BADGE;NORMAL;Nicht zugeordnet;;NEIN;JA
C:\Users\patsl\Downloads\DeutschZ_UI_Production_Kit\05_BADGES\PVP_warning.png;PVP_warning.png;.png;420x110;3.818182;JA;5468;D31DC6A1D67F12F6F2DDE4BF0220BAF2FD879BD120DF5032E54F64D389CA42A2;BADGE;WARNING;Nicht zugeordnet;;NEIN;JA
C:\Users\patsl\Downloads\DeutschZ_UI_Production_Kit\05_BADGES\SAFEZONE_active.paa;SAFEZONE_active.paa;.paa;;;NEIN;15632;A038C71408BB03BB62A9E0A281539BA93BF24454F78689EBF645255C7C9ECE19;BADGE;ACTIVE;Nicht zugeordnet;;NEIN;NEIN
C:\Users\patsl\Downloads\DeutschZ_UI_Production_Kit\05_BADGES\SAFEZONE_active.png;SAFEZONE_active.png;.png;420x110;3.818182;JA;7861;7964B92B877368BF4E1BFBC7639BEB9A9328778D283E71231C239691FE39FBFF;BADGE;ACTIVE;Nicht zugeordnet;;NEIN;JA
C:\Users\patsl\Downloads\DeutschZ_UI_Production_Kit\05_BADGES\SAFEZONE_disabled.paa;SAFEZONE_disabled.paa;.paa;;;NEIN;14513;77779859E8648895C23699EA35A861CF8B62C35E1806EDA9083B4754A5E41807;BADGE;DISABLED;Nicht zugeordnet;;NEIN;NEIN
C:\Users\patsl\Downloads\DeutschZ_UI_Production_Kit\05_BADGES\SAFEZONE_disabled.png;SAFEZONE_disabled.png;.png;420x110;3.818182;JA;5262;557C0AE070CE8D4093CC5916D7BFE7A30C5D57FA540E5C898B6545D57D472156;BADGE;DISABLED;Nicht zugeordnet;;NEIN;JA
C:\Users\patsl\Downloads\DeutschZ_UI_Production_Kit\05_BADGES\SAFEZONE_hover.png;SAFEZONE_hover.png;.png;420x110;3.818182;JA;7773;07BC3D80B8E111AA5F4AAF8E97BC8527778613303B4A6543DEC6F77A07B18570;BADGE;HOVER;Nicht zugeordnet;;NEIN;JA
C:\Users\patsl\Downloads\DeutschZ_UI_Production_Kit\05_BADGES\SAFEZONE_normal.png;SAFEZONE_normal.png;.png;420x110;3.818182;JA;7993;49CB526A80B1C78253BD7FB0E12FEE07A873AB167BBFA293F8952485A39BEC96;BADGE;NORMAL;Nicht zugeordnet;;NEIN;JA
C:\Users\patsl\Downloads\DeutschZ_UI_Production_Kit\05_BADGES\SAFEZONE_warning.png;SAFEZONE_warning.png;.png;420x110;3.818182;JA;8216;9E7AE965669CDBC66FD0DAC4BAB05FE35BA83495C966D30021648BED002F493C;BADGE;WARNING;Nicht zugeordnet;;NEIN;JA
C:\Users\patsl\Downloads\DeutschZ_UI_Production_Kit\05_BADGES\VERBUNDEN_active.paa;VERBUNDEN_active.paa;.paa;;;NEIN;15568;D4B823D1397A0DFDDBF51EEF5891198267869C01D1D55F55D836DCE352F190B0;BADGE;ACTIVE;Nicht zugeordnet;;NEIN;NEIN
C:\Users\patsl\Downloads\DeutschZ_UI_Production_Kit\05_BADGES\VERBUNDEN_active.png;VERBUNDEN_active.png;.png;420x110;3.818182;JA;7736;2B88DBB595EC10A07FD46298E0B50D7302AAF86C93472F632B6A7A3C2C16BE71;BADGE;ACTIVE;Nicht zugeordnet;;NEIN;JA
C:\Users\patsl\Downloads\DeutschZ_UI_Production_Kit\05_BADGES\VERBUNDEN_disabled.paa;VERBUNDEN_disabled.paa;.paa;;;NEIN;14490;26C7158DBC7697A56E0BC69F6C6C350A799F6CF90059032A9A06DA9BE0CB3358;BADGE;DISABLED;Nicht zugeordnet;;NEIN;NEIN
C:\Users\patsl\Downloads\DeutschZ_UI_Production_Kit\05_BADGES\VERBUNDEN_disabled.png;VERBUNDEN_disabled.png;.png;420x110;3.818182;JA;5098;28AC8A0D5F51D51564B96C3E191084695139526D8AF9FBD10D7F6D48B3738ED8;BADGE;DISABLED;Nicht zugeordnet;;NEIN;JA
C:\Users\patsl\Downloads\DeutschZ_UI_Production_Kit\05_BADGES\VERBUNDEN_hover.png;VERBUNDEN_hover.png;.png;420x110;3.818182;JA;7553;ED60C0D5A08E7C7689D6A15BE8715D9F7CB176CF1109B9D6631354912FB90EDE;BADGE;HOVER;Nicht zugeordnet;;NEIN;JA
C:\Users\patsl\Downloads\DeutschZ_UI_Production_Kit\05_BADGES\VERBUNDEN_normal.png;VERBUNDEN_normal.png;.png;420x110;3.818182;JA;7846;BB7326F48CFB61E4A614474B983CF74EAEE6C6D3AD13CD68C727F01D92E2AEEF;BADGE;NORMAL;Nicht zugeordnet;;NEIN;JA
C:\Users\patsl\Downloads\DeutschZ_UI_Production_Kit\05_BADGES\VERBUNDEN_warning.png;VERBUNDEN_warning.png;.png;420x110;3.818182;JA;7936;36E6FF9E775623D9EFBB1F77B5920F16509094971EC6E7B6022CC62AC118436B;BADGE;WARNING;Nicht zugeordnet;;NEIN;JA
C:\Users\patsl\Downloads\DeutschZ_UI_Production_Kit\05_BADGES\VOLL_active.paa;VOLL_active.paa;.paa;;;NEIN;15029;EB40D08C912F8B5B70CD1EDB670894DD4A740E69587552FDB8916F4273FD63F0;BADGE;ACTIVE;Nicht zugeordnet;;NEIN;NEIN
C:\Users\patsl\Downloads\DeutschZ_UI_Production_Kit\05_BADGES\VOLL_active.png;VOLL_active.png;.png;420x110;3.818182;JA;5871;10F9CF309BB9141DDDD5DD0DFFE11DBA5F07CF24CEAFB8107B3D95498CE3E3BA;BADGE;ACTIVE;Nicht zugeordnet;;NEIN;JA
C:\Users\patsl\Downloads\DeutschZ_UI_Production_Kit\05_BADGES\VOLL_disabled.paa;VOLL_disabled.paa;.paa;;;NEIN;14258;FC2164FC028F3027EC582C540564DE17B7532AF56794B381B3556BC2C1DB81C8;BADGE;DISABLED;Nicht zugeordnet;;NEIN;NEIN
C:\Users\patsl\Downloads\DeutschZ_UI_Production_Kit\05_BADGES\VOLL_disabled.png;VOLL_disabled.png;.png;420x110;3.818182;JA;3514;59CC85A52D83CAEB908D0A41C2D04C1C23451DD1A88F003114BF688E0B659642;BADGE;DISABLED;Nicht zugeordnet;;NEIN;JA
C:\Users\patsl\Downloads\DeutschZ_UI_Production_Kit\05_BADGES\VOLL_hover.png;VOLL_hover.png;.png;420x110;3.818182;JA;5699;16E8359D59DC6FD2231EE06E21AADEC77F6396D0F177CD6B9EF224DF44EA24DB;BADGE;HOVER;Nicht zugeordnet;;NEIN;JA
C:\Users\patsl\Downloads\DeutschZ_UI_Production_Kit\05_BADGES\VOLL_normal.png;VOLL_normal.png;.png;420x110;3.818182;JA;5955;CC622B0A513D1D0ABA9C10564D41D3953B2C31D93B85D750CC560005E02D6331;BADGE;NORMAL;Nicht zugeordnet;;NEIN;JA
C:\Users\patsl\Downloads\DeutschZ_UI_Production_Kit\05_BADGES\VOLL_warning.png;VOLL_warning.png;.png;420x110;3.818182;JA;6163;BAE788297A826137975A61D79832F647CFA45805B885576C8CECF749BADCD06E;BADGE;WARNING;Nicht zugeordnet;;NEIN;JA
C:\Users\patsl\Downloads\DeutschZ_UI_Production_Kit\05_BADGES\WARNUNG_active.paa;WARNUNG_active.paa;.paa;;;NEIN;15778;A063AA66AFE132C6CDA9EDB5D69A043B3655040392B1D2663F96A2E709274F91;BADGE;ACTIVE;Nicht zugeordnet;;NEIN;NEIN
C:\Users\patsl\Downloads\DeutschZ_UI_Production_Kit\05_BADGES\WARNUNG_active.png;WARNUNG_active.png;.png;420x110;3.818182;JA;8194;E7611713AF6088C7484A3DE7FB8969A8FC53B30BA13144107BBC5746FE636DB1;BADGE;ACTIVE;Nicht zugeordnet;;NEIN;JA
C:\Users\patsl\Downloads\DeutschZ_UI_Production_Kit\05_BADGES\WARNUNG_disabled.paa;WARNUNG_disabled.paa;.paa;;;NEIN;14573;363C4B3A06158DB2E9782B7B6A61924F7C71DE8BF850901B9498AEA48273FC1B;BADGE;DISABLED;Nicht zugeordnet;;NEIN;NEIN
C:\Users\patsl\Downloads\DeutschZ_UI_Production_Kit\05_BADGES\WARNUNG_disabled.png;WARNUNG_disabled.png;.png;420x110;3.818182;JA;5444;4CACDC3B3F0D5ADBB208F4CE121AF9B14ECCCC33D921286681EC6DC556C4FC87;BADGE;DISABLED;Nicht zugeordnet;;NEIN;JA
C:\Users\patsl\Downloads\DeutschZ_UI_Production_Kit\05_BADGES\WARNUNG_hover.png;WARNUNG_hover.png;.png;420x110;3.818182;JA;7992;A10FB6B1BE8280A7F20DEB5C90017D834F09CA528C993296EA9F324A445B7323;BADGE;HOVER;Nicht zugeordnet;;NEIN;JA
C:\Users\patsl\Downloads\DeutschZ_UI_Production_Kit\05_BADGES\WARNUNG_normal.png;WARNUNG_normal.png;.png;420x110;3.818182;JA;8495;2802435BFF2FA78626770C6B79D7A1C49905328B58A3D7141B9133E361F3563E;BADGE;NORMAL;Nicht zugeordnet;;NEIN;JA
C:\Users\patsl\Downloads\DeutschZ_UI_Production_Kit\05_BADGES\WARNUNG_warning.png;WARNUNG_warning.png;.png;420x110;3.818182;JA;8438;8E90886039940008C8F92EDEA2EC9C8B513C4A8910CC3DE297F3D697717BDC63;BADGE;WARNING;Nicht zugeordnet;;NEIN;JA
C:\Users\patsl\Downloads\DeutschZ_UI_Production_Kit\05_BADGES\WARTUNG_active.paa;WARTUNG_active.paa;.paa;;;NEIN;15749;176065CFBB51408D1C36BD92B494E9CC7B0A60F75DF1010DD882ACEF45F32A54;BADGE;ACTIVE;Nicht zugeordnet;;NEIN;NEIN
C:\Users\patsl\Downloads\DeutschZ_UI_Production_Kit\05_BADGES\WARTUNG_active.png;WARTUNG_active.png;.png;420x110;3.818182;JA;8160;45BF581CF7C61AC16B12432380B895377749BC380EF4D9E61218ACDFC9600ACE;BADGE;ACTIVE;Nicht zugeordnet;;NEIN;JA
C:\Users\patsl\Downloads\DeutschZ_UI_Production_Kit\05_BADGES\WARTUNG_disabled.paa;WARTUNG_disabled.paa;.paa;;;NEIN;14599;844F9243F686FDB74F46DCB056FBFDB06B0F339CDFC6DABEE6452E12A834ABAE;BADGE;DISABLED;Nicht zugeordnet;;NEIN;NEIN
C:\Users\patsl\Downloads\DeutschZ_UI_Production_Kit\05_BADGES\WARTUNG_disabled.png;WARTUNG_disabled.png;.png;420x110;3.818182;JA;5476;6CD61B561E556B35DB1B73D17589D2DADC97CB1ADFC3EA948A88A649874D6571;BADGE;DISABLED;Nicht zugeordnet;;NEIN;JA
C:\Users\patsl\Downloads\DeutschZ_UI_Production_Kit\05_BADGES\WARTUNG_hover.png;WARTUNG_hover.png;.png;420x110;3.818182;JA;8092;1D9D7DEF68A4A848B25AED19B2A72BABA2721DA23C7CD4718427FB5EC2D98C85;BADGE;HOVER;Nicht zugeordnet;;NEIN;JA
C:\Users\patsl\Downloads\DeutschZ_UI_Production_Kit\05_BADGES\WARTUNG_normal.png;WARTUNG_normal.png;.png;420x110;3.818182;JA;8457;B885CFB3B999AB3C37A8B7F7DFAA9E8C3B1DCB89651610F2EB47541098A95230;BADGE;NORMAL;Nicht zugeordnet;;NEIN;JA
C:\Users\patsl\Downloads\DeutschZ_UI_Production_Kit\05_BADGES\WARTUNG_warning.png;WARTUNG_warning.png;.png;420x110;3.818182;JA;8472;BB4086D673C49D6CD458705A07D6C7737B8D8DFF76D33FAC270DC526825E7BAC;BADGE;WARNING;Nicht zugeordnet;;NEIN;JA
C:\Users\patsl\Downloads\DeutschZ_UI_Production_Kit\06_TABS\AKTIVE_EVENTS_active.png;AKTIVE_EVENTS_active.png;.png;420x96;4.375000;JA;6475;73F21B1AC77F7056A83BB82552720192F00628D4ABC5C17AB7CFD9AF8629DF9A;NAVIGATION;ACTIVE;UI-State-Reserve;;NEIN;JA
C:\Users\patsl\Downloads\DeutschZ_UI_Production_Kit\06_TABS\AKTIVE_EVENTS_disabled.png;AKTIVE_EVENTS_disabled.png;.png;420x96;4.375000;JA;4204;CA902AD2D8F617D3FE2368ABD0203D056694A62C5BCDC9704E81D6F10F6433AB;NAVIGATION;DISABLED;UI-State-Reserve;;NEIN;JA
C:\Users\patsl\Downloads\DeutschZ_UI_Production_Kit\06_TABS\AKTIVE_EVENTS_hover.png;AKTIVE_EVENTS_hover.png;.png;420x96;4.375000;JA;6435;C12DC7C5640EA2782FF3FFBD2D39C7E23C0F4EBB975C2B15FDFB216963B62F6E;NAVIGATION;HOVER;UI-State-Reserve;;NEIN;JA
C:\Users\patsl\Downloads\DeutschZ_UI_Production_Kit\06_TABS\AKTIVE_EVENTS_normal.png;AKTIVE_EVENTS_normal.png;.png;420x96;4.375000;JA;4523;6892F79205F933EB3B17FA8CF38410E8798D7CC31CC05964F81382E7F83972ED;NAVIGATION;NORMAL;UI-State-Reserve;;NEIN;JA
C:\Users\patsl\Downloads\DeutschZ_UI_Production_Kit\06_TABS\AKTIVE_EVENTS_pressed.png;AKTIVE_EVENTS_pressed.png;.png;420x96;4.375000;JA;6424;41EE51DCB13AA61C1E8C02FA013583DFB82564F97BF87811F97BB9291477FCC7;NAVIGATION;PRESSED;UI-State-Reserve;;NEIN;JA
C:\Users\patsl\Downloads\DeutschZ_UI_Production_Kit\06_TABS\ALLE_EVENTS_active.png;ALLE_EVENTS_active.png;.png;420x96;4.375000;JA;5932;731317682141F7A1071E1798049351929C358D0B52E9AB8C6B37677A2EBFF40C;NAVIGATION;ACTIVE;UI-State-Reserve;;NEIN;JA
C:\Users\patsl\Downloads\DeutschZ_UI_Production_Kit\06_TABS\ALLE_EVENTS_disabled.png;ALLE_EVENTS_disabled.png;.png;420x96;4.375000;JA;3688;2CABB150F529EB0E9B3FD4AD740E4299EB460DC78CD46CE7ABEAA4F04431C91E;NAVIGATION;DISABLED;UI-State-Reserve;;NEIN;JA
C:\Users\patsl\Downloads\DeutschZ_UI_Production_Kit\06_TABS\ALLE_EVENTS_hover.png;ALLE_EVENTS_hover.png;.png;420x96;4.375000;JA;5869;FA5B82FA17788093407B4138589EB13F9BA24BBEE9661D3EBCEB4FFD255729EA;NAVIGATION;HOVER;UI-State-Reserve;;NEIN;JA
C:\Users\patsl\Downloads\DeutschZ_UI_Production_Kit\06_TABS\ALLE_EVENTS_normal.png;ALLE_EVENTS_normal.png;.png;420x96;4.375000;JA;3958;60B06525CB117636722295B5CB0CA77C85678D24308AC0388C5F36D3FC22EFBE;NAVIGATION;NORMAL;UI-State-Reserve;;NEIN;JA
C:\Users\patsl\Downloads\DeutschZ_UI_Production_Kit\06_TABS\ALLE_EVENTS_pressed.png;ALLE_EVENTS_pressed.png;.png;420x96;4.375000;JA;5925;261E1998045E3996DDBB9141853D68DADAFC32349C65300ED791F32FA4044033;NAVIGATION;PRESSED;UI-State-Reserve;;NEIN;JA
C:\Users\patsl\Downloads\DeutschZ_UI_Production_Kit\06_TABS\MISSIONEN_active.png;MISSIONEN_active.png;.png;420x96;4.375000;JA;6063;B364505446A81752D6741EB719DC6A2D06C4B7733AAEA5B935482AF4368579CB;NAVIGATION;ACTIVE;UI-State-Reserve;;NEIN;JA
C:\Users\patsl\Downloads\DeutschZ_UI_Production_Kit\06_TABS\MISSIONEN_disabled.png;MISSIONEN_disabled.png;.png;420x96;4.375000;JA;3874;3ABE1C642DE232D36162A8D3026205CF5360B19D2493212081FEAD4382A8D576;NAVIGATION;DISABLED;UI-State-Reserve;;NEIN;JA
C:\Users\patsl\Downloads\DeutschZ_UI_Production_Kit\06_TABS\MISSIONEN_hover.png;MISSIONEN_hover.png;.png;420x96;4.375000;JA;6046;8C880F0FF5060B003309A963BEC5D37D701301F6871564BA166B35132192AE9F;NAVIGATION;HOVER;UI-State-Reserve;;NEIN;JA
C:\Users\patsl\Downloads\DeutschZ_UI_Production_Kit\06_TABS\MISSIONEN_normal.png;MISSIONEN_normal.png;.png;420x96;4.375000;JA;4094;B061FA3637D3825E07FAE927FD5F164A5AC0FD83B3C85314C6076ADCE6108E3D;NAVIGATION;NORMAL;UI-State-Reserve;;NEIN;JA
C:\Users\patsl\Downloads\DeutschZ_UI_Production_Kit\06_TABS\MISSIONEN_pressed.png;MISSIONEN_pressed.png;.png;420x96;4.375000;JA;6076;E31BEC3721649FE3C0A4A16C473E5C6C80B9C6A1507955A2AD7138D7A5C43B09;NAVIGATION;PRESSED;UI-State-Reserve;;NEIN;JA
C:\Users\patsl\Downloads\DeutschZ_UI_Production_Kit\06_TABS\PVE_EVENTS_active.png;PVE_EVENTS_active.png;.png;420x96;4.375000;JA;5766;7FDF1620CE08978BFCB37A0DF7B8790AD76EE3FA16F92AED15813895BB1A8BE7;NAVIGATION;ACTIVE;UI-State-Reserve;;NEIN;JA
C:\Users\patsl\Downloads\DeutschZ_UI_Production_Kit\06_TABS\PVE_EVENTS_disabled.png;PVE_EVENTS_disabled.png;.png;420x96;4.375000;JA;3578;2F0F754BFDE941418D7746B82EB55E2775083E6F55FE3819E9DBA41FFC6B69D3;NAVIGATION;DISABLED;UI-State-Reserve;;NEIN;JA
C:\Users\patsl\Downloads\DeutschZ_UI_Production_Kit\06_TABS\PVE_EVENTS_hover.png;PVE_EVENTS_hover.png;.png;420x96;4.375000;JA;5719;35652E81D009D94CA16B07F13FD17BBB6195A60C8A801572BF1AF9B72DE7C1D8;NAVIGATION;HOVER;UI-State-Reserve;;NEIN;JA
C:\Users\patsl\Downloads\DeutschZ_UI_Production_Kit\06_TABS\PVE_EVENTS_normal.png;PVE_EVENTS_normal.png;.png;420x96;4.375000;JA;3762;EB63412E111D08C9EFCDFE54CC73B100B517752FE141044D8CB02ED3FB73B6B7;NAVIGATION;NORMAL;UI-State-Reserve;;NEIN;JA
C:\Users\patsl\Downloads\DeutschZ_UI_Production_Kit\06_TABS\PVE_EVENTS_pressed.png;PVE_EVENTS_pressed.png;.png;420x96;4.375000;JA;5747;777590A09D163A3A1BFA1C4A7245DE0715C4F7C841BC66B8FF150F652815E83A;NAVIGATION;PRESSED;UI-State-Reserve;;NEIN;JA
C:\Users\patsl\Downloads\DeutschZ_UI_Production_Kit\06_TABS\PVP_EVENTS_active.png;PVP_EVENTS_active.png;.png;420x96;4.375000;JA;5844;74D86B3BDEAD8698EDB9C55CD5E23FCB92FDB9CD634DE21F3E368A52BEB2E17D;NAVIGATION;ACTIVE;UI-State-Reserve;;NEIN;JA
C:\Users\patsl\Downloads\DeutschZ_UI_Production_Kit\06_TABS\PVP_EVENTS_disabled.png;PVP_EVENTS_disabled.png;.png;420x96;4.375000;JA;3604;278F5115462F2BAC7C1692F635C5E4CA4295BEB38D6D9876457824C856F53892;NAVIGATION;DISABLED;UI-State-Reserve;;NEIN;JA
C:\Users\patsl\Downloads\DeutschZ_UI_Production_Kit\06_TABS\PVP_EVENTS_hover.png;PVP_EVENTS_hover.png;.png;420x96;4.375000;JA;5793;F396BCB3815D8373ADBFDC7F9F4D0E8F16F1E172231558B9B5F32799446ED65B;NAVIGATION;HOVER;UI-State-Reserve;;NEIN;JA
C:\Users\patsl\Downloads\DeutschZ_UI_Production_Kit\06_TABS\PVP_EVENTS_normal.png;PVP_EVENTS_normal.png;.png;420x96;4.375000;JA;3852;701315C1FCC0CA95FFFF3A08AE37F46431B12856A7C11136010D530121BA9D15;NAVIGATION;NORMAL;UI-State-Reserve;;NEIN;JA
C:\Users\patsl\Downloads\DeutschZ_UI_Production_Kit\06_TABS\PVP_EVENTS_pressed.png;PVP_EVENTS_pressed.png;.png;420x96;4.375000;JA;5715;3DA6A92F4B693F76891C727847F2CECE6A17B7295496A2E572D55B7062D3DB04;NAVIGATION;PRESSED;UI-State-Reserve;;NEIN;JA
C:\Users\patsl\Downloads\DeutschZ_UI_Production_Kit\06_TABS\REGELN_active.png;REGELN_active.png;.png;420x96;4.375000;JA;5245;D5637D4E501B2024EE7E669A57A690E2518D844E769DD579C13B5E70CC1B7328;NAVIGATION;ACTIVE;UI-State-Reserve;;NEIN;JA
C:\Users\patsl\Downloads\DeutschZ_UI_Production_Kit\06_TABS\REGELN_disabled.png;REGELN_disabled.png;.png;420x96;4.375000;JA;3150;1CEE24D6A5ACD3D9221A92AAF10E4121B2B21BC68ADF25AAA104BC2899B3BE5D;NAVIGATION;DISABLED;UI-State-Reserve;;NEIN;JA
C:\Users\patsl\Downloads\DeutschZ_UI_Production_Kit\06_TABS\REGELN_hover.png;REGELN_hover.png;.png;420x96;4.375000;JA;5124;84D6BF0861B832A2E6AFCDDFAC35C4CDCC8E5D37BA3C52968409E18FDC1592EB;NAVIGATION;HOVER;UI-State-Reserve;;NEIN;JA
C:\Users\patsl\Downloads\DeutschZ_UI_Production_Kit\06_TABS\REGELN_normal.png;REGELN_normal.png;.png;420x96;4.375000;JA;3271;47AC280E2480E01A6B9F28B157ACC61C852DA8C2C6CD2A8B9FDA218E0CCE408C;NAVIGATION;NORMAL;UI-State-Reserve;;NEIN;JA
C:\Users\patsl\Downloads\DeutschZ_UI_Production_Kit\06_TABS\REGELN_pressed.png;REGELN_pressed.png;.png;420x96;4.375000;JA;5175;EF0965405B893067A2BF11CBDEA0F168FBE332AF84BE7FFE33210FF4FC64B71D;NAVIGATION;PRESSED;UI-State-Reserve;;NEIN;JA
C:\Users\patsl\Downloads\DeutschZ_UI_Production_Kit\06_TABS\SHOP_active.png;SHOP_active.png;.png;420x96;4.375000;JA;5484;6FB0D04C3F72E08F3AF28F868512BF75AA3B8BCA105F6398A91A38F8F3CBB14A;NAVIGATION;ACTIVE;UI-State-Reserve;;NEIN;JA
C:\Users\patsl\Downloads\DeutschZ_UI_Production_Kit\06_TABS\SHOP_disabled.png;SHOP_disabled.png;.png;420x96;4.375000;JA;3384;6D817EB96D1DBBADBD3703B9D3C5A3E56ADEAA260C768C3673389446CF64735C;NAVIGATION;DISABLED;UI-State-Reserve;;NEIN;JA
C:\Users\patsl\Downloads\DeutschZ_UI_Production_Kit\06_TABS\SHOP_hover.png;SHOP_hover.png;.png;420x96;4.375000;JA;5419;88EA048BB92247ED0FE9C388112D42273334C988E78CC227C66120BA40C2F67A;NAVIGATION;HOVER;UI-State-Reserve;;NEIN;JA
C:\Users\patsl\Downloads\DeutschZ_UI_Production_Kit\06_TABS\SHOP_normal.png;SHOP_normal.png;.png;420x96;4.375000;JA;3441;026E827E1D81F40141C2DA7153BF106054D569116582C88F88207FA3C9356447;NAVIGATION;NORMAL;UI-State-Reserve;;NEIN;JA
C:\Users\patsl\Downloads\DeutschZ_UI_Production_Kit\06_TABS\SHOP_pressed.png;SHOP_pressed.png;.png;420x96;4.375000;JA;5443;F21A143B68AC186462AE826FF932B95DF03863887F01CA2C069C734E8D6983D1;NAVIGATION;PRESSED;UI-State-Reserve;;NEIN;JA
C:\Users\patsl\Downloads\DeutschZ_UI_Production_Kit\06_TABS\UEBERSICHT_active.png;UEBERSICHT_active.png;.png;420x96;4.375000;JA;6407;5873128A5571CA680816425C7565A3D970773B31F8B661BC88FF225305472AF3;NAVIGATION;ACTIVE;UI-State-Reserve;;NEIN;JA
C:\Users\patsl\Downloads\DeutschZ_UI_Production_Kit\06_TABS\UEBERSICHT_disabled.png;UEBERSICHT_disabled.png;.png;420x96;4.375000;JA;4103;CF162B0E2FDBBA6D8461C7C1C89EB5DCDD967CFA7CB6961A7E9D3535FE161FC7;NAVIGATION;DISABLED;UI-State-Reserve;;NEIN;JA
C:\Users\patsl\Downloads\DeutschZ_UI_Production_Kit\06_TABS\UEBERSICHT_hover.png;UEBERSICHT_hover.png;.png;420x96;4.375000;JA;6329;DB271FC2BF2CF5AA0CF594DB90790C20E80E844C3AA558977A8E53F6AE668939;NAVIGATION;HOVER;UI-State-Reserve;;NEIN;JA
C:\Users\patsl\Downloads\DeutschZ_UI_Production_Kit\06_TABS\UEBERSICHT_normal.png;UEBERSICHT_normal.png;.png;420x96;4.375000;JA;4426;D753741D9ED00AEE3872BEEFA9D028A39FCD1B91CF757C79C1FAC422CB8AF17B;NAVIGATION;NORMAL;UI-State-Reserve;;NEIN;JA
C:\Users\patsl\Downloads\DeutschZ_UI_Production_Kit\06_TABS\UEBERSICHT_pressed.png;UEBERSICHT_pressed.png;.png;420x96;4.375000;JA;6314;7C7365743674C68EC59BCBBBB8510C427A616AB63EFF5EDCB5B96072809E3906;NAVIGATION;PRESSED;UI-State-Reserve;;NEIN;JA
C:\Users\patsl\Downloads\DeutschZ_UI_Production_Kit\07_NOTIFICATIONS\EVENT_GESTARTET_Large.png;EVENT_GESTARTET_Large.png;.png;980x220;4.454545;JA;13714;83B22E0B33A27C6200F09E1CA3D4ED5F746A3C4E59AD5CA1007E68B5BF860C56;DIALOG;NORMAL;Panel-Reserve;;NEIN;JA
C:\Users\patsl\Downloads\DeutschZ_UI_Production_Kit\07_NOTIFICATIONS\EVENT_GESTARTET_Medium.png;EVENT_GESTARTET_Medium.png;.png;760x180;4.222222;JA;13028;5F01C6B984DCAB4C46C214E094F6E29EF611A8ACA0005657382115BEAC6CD274;DIALOG;NORMAL;Panel-Reserve;;NEIN;JA
C:\Users\patsl\Downloads\DeutschZ_UI_Production_Kit\07_NOTIFICATIONS\EVENT_GESTARTET_Small.paa;EVENT_GESTARTET_Small.paa;.paa;;;NEIN;31202;82E63C6AA247E8E3E2A0113A87B5EE064592ACBD344B463C10C021209F2BE1AA;DIALOG;NORMAL;Panel-Reserve;;NEIN;NEIN
C:\Users\patsl\Downloads\DeutschZ_UI_Production_Kit\07_NOTIFICATIONS\EVENT_GESTARTET_Small.png;EVENT_GESTARTET_Small.png;.png;620x140;4.428571;JA;12443;0171337F68C4C09D593E1FACDDA0DE6371925C176307A02C05734FD8F17705F1;DIALOG;NORMAL;Panel-Reserve;;NEIN;JA
C:\Users\patsl\Downloads\DeutschZ_UI_Production_Kit\07_NOTIFICATIONS\SERVER_RESTART_Large.png;SERVER_RESTART_Large.png;.png;980x220;4.454545;JA;13803;07F0ACB9CB4AEAD12A4D6C43AEDDB2A1F18BBF2A828406971912D0AA919B8E2D;DIALOG;NORMAL;Panel-Reserve;;NEIN;JA
C:\Users\patsl\Downloads\DeutschZ_UI_Production_Kit\07_NOTIFICATIONS\SERVER_RESTART_Medium.png;SERVER_RESTART_Medium.png;.png;760x180;4.222222;JA;13119;CE259ED7CCAF51EB4FA9569A6D2DC1F36E3B3CFDA0532F0A58A9DF7906AF63CB;DIALOG;NORMAL;Panel-Reserve;;NEIN;JA
C:\Users\patsl\Downloads\DeutschZ_UI_Production_Kit\07_NOTIFICATIONS\SERVER_RESTART_Small.paa;SERVER_RESTART_Small.paa;.paa;;;NEIN;31373;BDC5AC749FAF9F65C8B50B94BE155D11E0BF9EB8FA3ED8CD36821FFA2F69E5CC;DIALOG;NORMAL;Panel-Reserve;;NEIN;NEIN
C:\Users\patsl\Downloads\DeutschZ_UI_Production_Kit\07_NOTIFICATIONS\SERVER_RESTART_Small.png;SERVER_RESTART_Small.png;.png;620x140;4.428571;JA;12656;780BE64CDA717C4D539ED30B8380EE31E5DB5E168DD822AC60645506F5047884;DIALOG;NORMAL;Panel-Reserve;;NEIN;JA
C:\Users\patsl\Downloads\DeutschZ_UI_Production_Kit\07_NOTIFICATIONS\WARNUNG_Large.png;WARNUNG_Large.png;.png;980x220;4.454545;JA;13924;44F0404E28574E8229DA7F2A7593807DBC8D0E41844A0C5950959A6E3BD74115;DIALOG;NORMAL;Panel-Reserve;;NEIN;JA
C:\Users\patsl\Downloads\DeutschZ_UI_Production_Kit\07_NOTIFICATIONS\WARNUNG_Medium.png;WARNUNG_Medium.png;.png;760x180;4.222222;JA;13266;2CB3E9E1EF8857EEBD20113C685DCD4BE86A567CD270E15C9FB4C3E0B458E49A;DIALOG;NORMAL;Panel-Reserve;;NEIN;JA
C:\Users\patsl\Downloads\DeutschZ_UI_Production_Kit\07_NOTIFICATIONS\WARNUNG_Small.paa;WARNUNG_Small.paa;.paa;;;NEIN;31085;27BAB9221EB944309429D69E07D8A16E8A0BB6F4D6D1E713257E779C7C0F6D33;DIALOG;NORMAL;Panel-Reserve;;NEIN;NEIN
C:\Users\patsl\Downloads\DeutschZ_UI_Production_Kit\07_NOTIFICATIONS\WARNUNG_Small.png;WARNUNG_Small.png;.png;620x140;4.428571;JA;12622;3886F42C5B7B7E8DE42AFD158CB524755FAEA4D3AF2CBE9271B71416F84BEA71;DIALOG;NORMAL;Panel-Reserve;;NEIN;JA
C:\Users\patsl\Downloads\DeutschZ_UI_Production_Kit\07_NOTIFICATIONS\WILLKOMMEN_Large.png;WILLKOMMEN_Large.png;.png;980x220;4.454545;JA;13840;54EBF2AFC0F4E426135D97E55768F192A8977C95A2DAEA825CBBB8631BDA4ECD;DIALOG;NORMAL;Panel-Reserve;;NEIN;JA
C:\Users\patsl\Downloads\DeutschZ_UI_Production_Kit\07_NOTIFICATIONS\WILLKOMMEN_Medium.png;WILLKOMMEN_Medium.png;.png;760x180;4.222222;JA;13095;8E924DD6DAE0F7D8FD4A1551A2503FF47B99FCC454FBE0C648AEE33041767336;DIALOG;NORMAL;Panel-Reserve;;NEIN;JA
C:\Users\patsl\Downloads\DeutschZ_UI_Production_Kit\07_NOTIFICATIONS\WILLKOMMEN_Small.paa;WILLKOMMEN_Small.paa;.paa;;;NEIN;31975;16C1A627D168B0E9C4FD826E1B11CEDD23751DA36A1F846E243FF3399C7E1B36;DIALOG;NORMAL;Panel-Reserve;;NEIN;NEIN
C:\Users\patsl\Downloads\DeutschZ_UI_Production_Kit\07_NOTIFICATIONS\WILLKOMMEN_Small.png;WILLKOMMEN_Small.png;.png;620x140;4.428571;JA;12526;447A0B07240DFDB8CC6A479EA605C045455E19D705905F451005050E3D4BBFEC;DIALOG;NORMAL;Panel-Reserve;;NEIN;JA
C:\Users\patsl\Downloads\DeutschZ_UI_Production_Kit\08_CONTROLS\Arrows\Back_active.paa;Back_active.paa;.paa;;;NEIN;3990;15283294AA0030B44D134A0E690C3B097D76C2BAAAEAC1E3BDD63F56B2960C54;BUTTON;ACTIVE;UI-State-Reserve;;NEIN;NEIN
C:\Users\patsl\Downloads\DeutschZ_UI_Production_Kit\08_CONTROLS\Arrows\Back_active.png;Back_active.png;.png;100x100;1.000000;JA;2993;888C3930F33BA0B92083B28C6FA062F93164AC5F922A9A836B271B7D67DA60CB;BUTTON;ACTIVE;UI-State-Reserve;;NEIN;JA
C:\Users\patsl\Downloads\DeutschZ_UI_Production_Kit\08_CONTROLS\Arrows\Back_disabled.png;Back_disabled.png;.png;100x100;1.000000;JA;1322;C6D3CF488D595B44B6987D34A53B4D41627883D4D7E42B591E65B4470AC51264;BUTTON;DISABLED;UI-State-Reserve;;NEIN;JA
C:\Users\patsl\Downloads\DeutschZ_UI_Production_Kit\08_CONTROLS\Arrows\Back_hover.png;Back_hover.png;.png;100x100;1.000000;JA;2875;77CF2154CF356035C70F7BE1D1694928C3E70D1544BD9A76E49425E60FB33C4F;BUTTON;HOVER;UI-State-Reserve;;NEIN;JA
C:\Users\patsl\Downloads\DeutschZ_UI_Production_Kit\08_CONTROLS\Arrows\Back_normal.png;Back_normal.png;.png;100x100;1.000000;JA;1247;EE7BF26DAEF9DF943DCD2772D9E4816212920810873357131529B54A6463B10E;BUTTON;NORMAL;UI-State-Reserve;;NEIN;JA
C:\Users\patsl\Downloads\DeutschZ_UI_Production_Kit\08_CONTROLS\Arrows\Back_warning.png;Back_warning.png;.png;100x100;1.000000;JA;3187;54EDDBCEEC32822450B7E82C06243AE8E919472C791AFBD9DCD9F38D5CCDF78E;BUTTON;WARNING;UI-State-Reserve;;NEIN;JA
C:\Users\patsl\Downloads\DeutschZ_UI_Production_Kit\08_CONTROLS\Arrows\Close_active.paa;Close_active.paa;.paa;;;NEIN;3950;F749D7170377561CFBFC1EBC7FB139DE724A914E0114C443E1D63EE13BF73B15;BUTTON;ACTIVE;UI-State-Reserve;;NEIN;NEIN
C:\Users\patsl\Downloads\DeutschZ_UI_Production_Kit\08_CONTROLS\Arrows\Close_active.png;Close_active.png;.png;100x100;1.000000;JA;3099;F7398B1FBBD9ED6856A2D524BCDB3C02122295FF2C44E3691FA449266077EB3E;BUTTON;ACTIVE;UI-State-Reserve;;NEIN;JA
C:\Users\patsl\Downloads\DeutschZ_UI_Production_Kit\08_CONTROLS\Arrows\Close_disabled.png;Close_disabled.png;.png;100x100;1.000000;JA;1395;72078F2CD17483DE0647DE44C3FDAB84E65AA1AA45BACE00E7F0BD8E59FE174A;BUTTON;DISABLED;UI-State-Reserve;;NEIN;JA
C:\Users\patsl\Downloads\DeutschZ_UI_Production_Kit\08_CONTROLS\Arrows\Close_hover.png;Close_hover.png;.png;100x100;1.000000;JA;2903;51B8BA599C6B964EDD296F77AA9F8755E61D7D1B8ED6FCEA58AE1A28B53A0C72;BUTTON;HOVER;UI-State-Reserve;;NEIN;JA
C:\Users\patsl\Downloads\DeutschZ_UI_Production_Kit\08_CONTROLS\Arrows\Close_normal.png;Close_normal.png;.png;100x100;1.000000;JA;1328;04F238B4D432D42AC7ADE9FE5E5A83258688AA21B5D59EA032F4F96C2284C531;BUTTON;NORMAL;UI-State-Reserve;;NEIN;JA
C:\Users\patsl\Downloads\DeutschZ_UI_Production_Kit\08_CONTROLS\Arrows\Close_warning.png;Close_warning.png;.png;100x100;1.000000;JA;3290;0403AE4D14E562A7A991701EF74288C2CDE7BBBDC82A29A3450853979FCA07CF;BUTTON;WARNING;UI-State-Reserve;;NEIN;JA
C:\Users\patsl\Downloads\DeutschZ_UI_Production_Kit\08_CONTROLS\Arrows\Down_active.paa;Down_active.paa;.paa;;;NEIN;3911;3FAE9F8473F0848805DAA23BDFEEAD6F386EAC8D1703CAF5C1B364B2E6EF7D4B;BUTTON;ACTIVE;UI-State-Reserve;;NEIN;NEIN
C:\Users\patsl\Downloads\DeutschZ_UI_Production_Kit\08_CONTROLS\Arrows\Down_active.png;Down_active.png;.png;100x100;1.000000;JA;2983;578555618DD942F49DBEB7813EEEEBD5A4D63FFEFF11CA4BF87EFA7738FC9EE2;BUTTON;ACTIVE;UI-State-Reserve;;NEIN;JA
C:\Users\patsl\Downloads\DeutschZ_UI_Production_Kit\08_CONTROLS\Arrows\Down_disabled.png;Down_disabled.png;.png;100x100;1.000000;JA;1292;3233D7FB74025437483983C2FFCC515259D7DDEE6A0BF6AEDA12F3591146CBBE;BUTTON;DISABLED;UI-State-Reserve;;NEIN;JA
C:\Users\patsl\Downloads\DeutschZ_UI_Production_Kit\08_CONTROLS\Arrows\Down_hover.png;Down_hover.png;.png;100x100;1.000000;JA;2789;620F3CACE589E0AB7B5403A469437C08C958E2DF76CA94DA411CED3666F15E5D;BUTTON;HOVER;UI-State-Reserve;;NEIN;JA
C:\Users\patsl\Downloads\DeutschZ_UI_Production_Kit\08_CONTROLS\Arrows\Down_normal.png;Down_normal.png;.png;100x100;1.000000;JA;1287;8679C975263962E5B876D130E9DC07CDEEA4AEA9A2086422E37324D1966CF1AB;BUTTON;NORMAL;UI-State-Reserve;;NEIN;JA
C:\Users\patsl\Downloads\DeutschZ_UI_Production_Kit\08_CONTROLS\Arrows\Down_warning.png;Down_warning.png;.png;100x100;1.000000;JA;3159;2289CD4398B7D2333C3FB8CD1D80CD087EE738999C759484D43AF39676E155B3;BUTTON;WARNING;UI-State-Reserve;;NEIN;JA
C:\Users\patsl\Downloads\DeutschZ_UI_Production_Kit\08_CONTROLS\Arrows\Left_active.paa;Left_active.paa;.paa;;;NEIN;3989;A4951054CC2EAB344CC2C16F643E67F420D08B303DA3928C5AA5D97A430B3AF4;BUTTON;ACTIVE;UI-State-Reserve;;NEIN;NEIN
C:\Users\patsl\Downloads\DeutschZ_UI_Production_Kit\08_CONTROLS\Arrows\Left_active.png;Left_active.png;.png;100x100;1.000000;JA;2998;8B4CECC8F566B7D17142E6A592F9921D1FD554CB375E0BEA6BF6CDADE7DC3E11;BUTTON;ACTIVE;UI-State-Reserve;;NEIN;JA
C:\Users\patsl\Downloads\DeutschZ_UI_Production_Kit\08_CONTROLS\Arrows\Left_disabled.png;Left_disabled.png;.png;100x100;1.000000;JA;1240;FA502B2B5A3D267574D3CBB2F8A978A575926E96EC3725B3948808A152ED9D78;BUTTON;DISABLED;UI-State-Reserve;;NEIN;JA
C:\Users\patsl\Downloads\DeutschZ_UI_Production_Kit\08_CONTROLS\Arrows\Left_hover.png;Left_hover.png;.png;100x100;1.000000;JA;2842;C3DC8579D7DF8A8FE922DB30D92DC46A0B8DDADB8F1A91E3F36BE71E6E16AB06;BUTTON;HOVER;UI-State-Reserve;;NEIN;JA
C:\Users\patsl\Downloads\DeutschZ_UI_Production_Kit\08_CONTROLS\Arrows\Left_normal.png;Left_normal.png;.png;100x100;1.000000;JA;1308;EC191FC234998A19A20FC9C471900717EC5E66AD8A7B04B9A6AE4778862D342F;BUTTON;NORMAL;UI-State-Reserve;;NEIN;JA
C:\Users\patsl\Downloads\DeutschZ_UI_Production_Kit\08_CONTROLS\Arrows\Left_warning.png;Left_warning.png;.png;100x100;1.000000;JA;3190;246D4033BF29ABA12A853AA4E284A0C636DDF8BE333F38C9F7C18C8E7C707D76;BUTTON;WARNING;UI-State-Reserve;;NEIN;JA
C:\Users\patsl\Downloads\DeutschZ_UI_Production_Kit\08_CONTROLS\Arrows\Right_active.png;Right_active.png;.png;100x100;1.000000;JA;3018;C7B7A77523E982AEB76D0C446B43202C3D358D7D65015C9AFF2AAD09371CAD74;BUTTON;ACTIVE;UI-State-Reserve;;NEIN;JA
C:\Users\patsl\Downloads\DeutschZ_UI_Production_Kit\08_CONTROLS\Arrows\Right_disabled.png;Right_disabled.png;.png;100x100;1.000000;JA;1369;8C702A284FEEEFA2F176BB0577F91D6DBDF106888D47A03B72DC949850D2465E;BUTTON;DISABLED;UI-State-Reserve;;NEIN;JA
C:\Users\patsl\Downloads\DeutschZ_UI_Production_Kit\08_CONTROLS\Arrows\Right_hover.png;Right_hover.png;.png;100x100;1.000000;JA;2853;6924D06063DB6C399258B6D3D184FDAE1CA6C297BD8FB1A9BD4A9C33D34C6953;BUTTON;HOVER;UI-State-Reserve;;NEIN;JA
C:\Users\patsl\Downloads\DeutschZ_UI_Production_Kit\08_CONTROLS\Arrows\Right_normal.png;Right_normal.png;.png;100x100;1.000000;JA;1218;B6A67133AA240DB3BA590C75ED25E55AFE2540A7565B82A31F423F564A12ACC8;BUTTON;NORMAL;UI-State-Reserve;;NEIN;JA
C:\Users\patsl\Downloads\DeutschZ_UI_Production_Kit\08_CONTROLS\Arrows\Right_warning.png;Right_warning.png;.png;100x100;1.000000;JA;3177;0FF83D28815CB2829F4E071C30FEDC1C2C2E6732E4A72E5907FE5B81254FC664;BUTTON;WARNING;UI-State-Reserve;;NEIN;JA
C:\Users\patsl\Downloads\DeutschZ_UI_Production_Kit\08_CONTROLS\Arrows\Up_active.png;Up_active.png;.png;100x100;1.000000;JA;2971;A48786274DD35E0931C01BA3EE1AABE06E187B9BE08C56773EC896EF702A7654;BUTTON;ACTIVE;UI-State-Reserve;;NEIN;JA
C:\Users\patsl\Downloads\DeutschZ_UI_Production_Kit\08_CONTROLS\Arrows\Up_disabled.png;Up_disabled.png;.png;100x100;1.000000;JA;1265;A24C34AE1E69C09DA2ADEDDD1858EC142EE7299C0864FBE651F5933E5BFF7957;BUTTON;DISABLED;UI-State-Reserve;;NEIN;JA
C:\Users\patsl\Downloads\DeutschZ_UI_Production_Kit\08_CONTROLS\Arrows\Up_hover.png;Up_hover.png;.png;100x100;1.000000;JA;2789;C4DE9C352E2493837D00BCE4622A3F128248D4372A5B3BFD30932A065847EDC1;BUTTON;HOVER;UI-State-Reserve;;NEIN;JA
C:\Users\patsl\Downloads\DeutschZ_UI_Production_Kit\08_CONTROLS\Arrows\Up_normal.png;Up_normal.png;.png;100x100;1.000000;JA;1195;826313A9B8739C00FDBAED8FFBA4304CA87F208E372D0BD6C5E74D9859118FD7;BUTTON;NORMAL;UI-State-Reserve;;NEIN;JA
C:\Users\patsl\Downloads\DeutschZ_UI_Production_Kit\08_CONTROLS\Arrows\Up_warning.png;Up_warning.png;.png;100x100;1.000000;JA;3097;6058E3A8AFA4913197DD0F3E7B51D34E79864917A4898B0B3CCAD9995A5CD14E;BUTTON;WARNING;UI-State-Reserve;;NEIN;JA
C:\Users\patsl\Downloads\DeutschZ_UI_Production_Kit\08_CONTROLS\Checkboxes\disabled_off.png;disabled_off.png;.png;96x96;1.000000;JA;451;7E4758D8A0FEC6DB5F89B603E78B39CCEA0FECC2ACB4172434E743B65874ACF3;BUTTON;NORMAL;UI-State-Reserve;;NEIN;JA
C:\Users\patsl\Downloads\DeutschZ_UI_Production_Kit\08_CONTROLS\Checkboxes\disabled_on.png;disabled_on.png;.png;96x96;1.000000;JA;710;058E60F08BF7CC27E20A79F4C3F302AC261BBD747923A4750D44F086C01D2EE6;BUTTON;NORMAL;UI-State-Reserve;;NEIN;JA
C:\Users\patsl\Downloads\DeutschZ_UI_Production_Kit\08_CONTROLS\Checkboxes\hover_off.png;hover_off.png;.png;96x96;1.000000;JA;452;02532E34C1883C8593FF2658D6EACCC6EDAC046C19FE864C67B1A1C33E96F550;BUTTON;NORMAL;UI-State-Reserve;;NEIN;JA
C:\Users\patsl\Downloads\DeutschZ_UI_Production_Kit\08_CONTROLS\Checkboxes\hover_on.png;hover_on.png;.png;96x96;1.000000;JA;709;4A8DE4AA70307051BC0FFF1A541A022D430FD13647499C31E6B8B73FD22FDC95;BUTTON;NORMAL;UI-State-Reserve;;NEIN;JA
C:\Users\patsl\Downloads\DeutschZ_UI_Production_Kit\08_CONTROLS\Checkboxes\locked_off.png;locked_off.png;.png;96x96;1.000000;JA;456;0BED507C93F1EC9E20E3DFD58808CE5978D6A06D1D50894F1705FA4F93C8E61D;BUTTON;NORMAL;UI-State-Reserve;;NEIN;JA
C:\Users\patsl\Downloads\DeutschZ_UI_Production_Kit\08_CONTROLS\Checkboxes\locked_on.png;locked_on.png;.png;96x96;1.000000;JA;711;8B1EF1AF435CD81CAE3DDE7DE214078BEB94A9C0330C12D97FC1EA3A6B0D6533;BUTTON;NORMAL;UI-State-Reserve;;NEIN;JA
C:\Users\patsl\Downloads\DeutschZ_UI_Production_Kit\08_CONTROLS\Checkboxes\off.png;off.png;.png;96x96;1.000000;JA;454;BDED652FC6AA09EA4C9BCE8F7CA2A52C4573C9DDAC4FC79A97CBC470C1D9CF6C;BUTTON;NORMAL;UI-State-Reserve;;NEIN;JA
C:\Users\patsl\Downloads\DeutschZ_UI_Production_Kit\08_CONTROLS\Checkboxes\on.png;on.png;.png;96x96;1.000000;JA;712;CE37E32E311D837E6CC47C6FC8D3393FE86D931D5E3AE82C544E63EA67EE8223;BUTTON;NORMAL;UI-State-Reserve;;NEIN;JA
C:\Users\patsl\Downloads\DeutschZ_UI_Production_Kit\08_CONTROLS\Checkboxes\warning_off.png;warning_off.png;.png;96x96;1.000000;JA;453;10A3953FC84F123DF9747717A38BC58DDA2EE24D0DA8676B45334A43EFDDEFCA;BUTTON;NORMAL;UI-State-Reserve;;NEIN;JA
C:\Users\patsl\Downloads\DeutschZ_UI_Production_Kit\08_CONTROLS\Checkboxes\warning_on.png;warning_on.png;.png;96x96;1.000000;JA;710;0A5E8340C468F77C8CAC7097D3B971380D410B8CCBF41171D70E6CD70D2FC736;BUTTON;NORMAL;UI-State-Reserve;;NEIN;JA
C:\Users\patsl\Downloads\DeutschZ_UI_Production_Kit\08_CONTROLS\MusicPlayer\music_active.paa;music_active.paa;.paa;;;NEIN;22016;66AA5CD4DE322009E06A7990D680FD810C9C7E886F5EF2A2341234833CA661B8;MUSIC_PLAYER;ACTIVE;UI-State-Reserve;;NEIN;NEIN
C:\Users\patsl\Downloads\DeutschZ_UI_Production_Kit\08_CONTROLS\MusicPlayer\music_active.png;music_active.png;.png;128x128;1.000000;JA;5019;D2BB073A38F27BCF05DC481DD846E4ED30831D8F251F8229A203FFE7B492FD52;MUSIC_PLAYER;ACTIVE;UI-State-Reserve;;NEIN;JA
C:\Users\patsl\Downloads\DeutschZ_UI_Production_Kit\08_CONTROLS\MusicPlayer\music_disabled.paa;music_disabled.paa;.paa;;;NEIN;22016;13DB4F2C3FCACF1D4ABBF5D3506B0DE640A15BEF1F2F5A55B5768D2A541EE430;MUSIC_PLAYER;DISABLED;UI-State-Reserve;;NEIN;NEIN
C:\Users\patsl\Downloads\DeutschZ_UI_Production_Kit\08_CONTROLS\MusicPlayer\music_disabled.png;music_disabled.png;.png;128x128;1.000000;JA;1502;E27DBAE448CD0EBD5CA5DAC9430A578FB4D932FC15F5A96BF7AC3B1574811585;MUSIC_PLAYER;DISABLED;UI-State-Reserve;;NEIN;JA
C:\Users\patsl\Downloads\DeutschZ_UI_Production_Kit\08_CONTROLS\MusicPlayer\music_hover.paa;music_hover.paa;.paa;;;NEIN;22016;2DAC40602797AF4EF9FF848D8CC7F32BA82B490D4E4C48DC357F7954C9996A1E;MUSIC_PLAYER;HOVER;UI-State-Reserve;;NEIN;NEIN
C:\Users\patsl\Downloads\DeutschZ_UI_Production_Kit\08_CONTROLS\MusicPlayer\music_hover.png;music_hover.png;.png;128x128;1.000000;JA;4793;5E787B8CDA49803B71D99ED4650FBF04D96014DF0C4288342B1674798C879A91;MUSIC_PLAYER;HOVER;UI-State-Reserve;;NEIN;JA
C:\Users\patsl\Downloads\DeutschZ_UI_Production_Kit\08_CONTROLS\MusicPlayer\music_normal.paa;music_normal.paa;.paa;;;NEIN;22016;704864A268A5D8595F4044C42D05CBD2C840718ECCE7EEDFEEB00656A50E9898;MUSIC_PLAYER;NORMAL;UI-State-Reserve;;NEIN;NEIN
C:\Users\patsl\Downloads\DeutschZ_UI_Production_Kit\08_CONTROLS\MusicPlayer\music_normal.png;music_normal.png;.png;128x128;1.000000;JA;1513;1D12D1EF5736103271D67DED0CF821A63C79EC80C1CE3A65B78700F1B8409450;MUSIC_PLAYER;NORMAL;UI-State-Reserve;;NEIN;JA
C:\Users\patsl\Downloads\DeutschZ_UI_Production_Kit\08_CONTROLS\MusicPlayer\music_pressed.paa;music_pressed.paa;.paa;;;NEIN;22016;20C15C2877A6056A0F632B98FD350EB86724E9BC54DD7DCBE99CA7FA0190C56B;MUSIC_PLAYER;PRESSED;UI-State-Reserve;;NEIN;NEIN
C:\Users\patsl\Downloads\DeutschZ_UI_Production_Kit\08_CONTROLS\MusicPlayer\music_pressed.png;music_pressed.png;.png;128x128;1.000000;JA;4945;B7A9D36C33FF67A347F53D19B5E7579002CA781D8A39B14B47BAE2335F30C017;MUSIC_PLAYER;PRESSED;UI-State-Reserve;;NEIN;JA
C:\Users\patsl\Downloads\DeutschZ_UI_Production_Kit\08_CONTROLS\MusicPlayer\music_warning.paa;music_warning.paa;.paa;;;NEIN;22016;075C09144EECA566F0BD0DC3EA40DF8C8AA8FFFF7E6A665CC64BC55563DFB8DD;MUSIC_PLAYER;WARNING;UI-State-Reserve;;NEIN;NEIN
C:\Users\patsl\Downloads\DeutschZ_UI_Production_Kit\08_CONTROLS\MusicPlayer\music_warning.png;music_warning.png;.png;128x128;1.000000;JA;5430;1E509010A89DE49C236F2D1014A053CC04F6C2A40C4847F4498836A0F3A4A612;MUSIC_PLAYER;WARNING;UI-State-Reserve;;NEIN;JA
C:\Users\patsl\Downloads\DeutschZ_UI_Production_Kit\08_CONTROLS\MusicPlayer\next_active.paa;next_active.paa;.paa;;;NEIN;22016;7C468E4C32F1CEADBA58BF70FA25CD4B845F972222EA2398AAEB91F523041FDF;MUSIC_PLAYER;ACTIVE;UI-State-Reserve;;NEIN;NEIN
C:\Users\patsl\Downloads\DeutschZ_UI_Production_Kit\08_CONTROLS\MusicPlayer\next_active.png;next_active.png;.png;128x128;1.000000;JA;5046;89E199D9C411B212EF2A841F163BE23593C753B2EE500A84D1E99D35FE24AACF;MUSIC_PLAYER;ACTIVE;music/next_active.paa;;JA;NEIN
C:\Users\patsl\Downloads\DeutschZ_UI_Production_Kit\08_CONTROLS\MusicPlayer\next_disabled.paa;next_disabled.paa;.paa;;;NEIN;22016;4FFEBFB32EA06927D0A8A5347D7776B2E908BFA40B062A0811FE96DBE54AEBF6;MUSIC_PLAYER;DISABLED;UI-State-Reserve;;NEIN;NEIN
C:\Users\patsl\Downloads\DeutschZ_UI_Production_Kit\08_CONTROLS\MusicPlayer\next_disabled.png;next_disabled.png;.png;128x128;1.000000;JA;1544;A60232E854B57206C90D59B094712A8E811803834E9ADE6F10147DCED8312B33;MUSIC_PLAYER;DISABLED;music/next_disabled.paa;;JA;NEIN
C:\Users\patsl\Downloads\DeutschZ_UI_Production_Kit\08_CONTROLS\MusicPlayer\next_hover.paa;next_hover.paa;.paa;;;NEIN;22016;69B74D7FA25A8FE990F75F86F979BB020A65C9BE3DEFC0BDB9769223C8BA3620;MUSIC_PLAYER;HOVER;UI-State-Reserve;;NEIN;NEIN
C:\Users\patsl\Downloads\DeutschZ_UI_Production_Kit\08_CONTROLS\MusicPlayer\next_hover.png;next_hover.png;.png;128x128;1.000000;JA;4782;963A6CEC039CE221D9D638B31D0E0A23BDF6CC8A1EF249FEDB000A604BE50AD4;MUSIC_PLAYER;HOVER;music/next_hover.paa;;JA;NEIN
C:\Users\patsl\Downloads\DeutschZ_UI_Production_Kit\08_CONTROLS\MusicPlayer\next_normal.paa;next_normal.paa;.paa;;;NEIN;22016;789A567D09787CDD574C3B25EB223BB22A13DE7B0EA12ABE74AA3518DD0BC7EE;MUSIC_PLAYER;NORMAL;UI-State-Reserve;;NEIN;NEIN
C:\Users\patsl\Downloads\DeutschZ_UI_Production_Kit\08_CONTROLS\MusicPlayer\next_normal.png;next_normal.png;.png;128x128;1.000000;JA;1503;2829E9AA84AC8CDB8907097F90123310F72CB3D19257C01A562F318290FECCB1;MUSIC_PLAYER;NORMAL;music/next_normal.paa;;JA;NEIN
C:\Users\patsl\Downloads\DeutschZ_UI_Production_Kit\08_CONTROLS\MusicPlayer\next_pressed.paa;next_pressed.paa;.paa;;;NEIN;22016;B3F5C6E6D56D9C0A9F54E612A4DB8530627983714E7D69387ED052573D3B789E;MUSIC_PLAYER;PRESSED;UI-State-Reserve;;NEIN;NEIN
C:\Users\patsl\Downloads\DeutschZ_UI_Production_Kit\08_CONTROLS\MusicPlayer\next_pressed.png;next_pressed.png;.png;128x128;1.000000;JA;5104;1E673B49F11D1F870EA9EFAAA16F9071D31BA9D25C687364C84E49ECAB3441A0;MUSIC_PLAYER;PRESSED;music/next_pressed.paa;;JA;NEIN
C:\Users\patsl\Downloads\DeutschZ_UI_Production_Kit\08_CONTROLS\MusicPlayer\next_warning.paa;next_warning.paa;.paa;;;NEIN;22016;206818563DE11AB67BE76659DD3C791AAF6058C5D052BD927DEBE7CDC4EACA5C;MUSIC_PLAYER;WARNING;UI-State-Reserve;;NEIN;NEIN
C:\Users\patsl\Downloads\DeutschZ_UI_Production_Kit\08_CONTROLS\MusicPlayer\next_warning.png;next_warning.png;.png;128x128;1.000000;JA;5390;E9830C02AAA6309BD8273C973C896EEC743D565D00FC85350EC112739DCE7C18;MUSIC_PLAYER;WARNING;UI-State-Reserve;;NEIN;JA
C:\Users\patsl\Downloads\DeutschZ_UI_Production_Kit\08_CONTROLS\MusicPlayer\pause_active.paa;pause_active.paa;.paa;;;NEIN;22016;C70805C49B99E79FC74C14A3F38DD49547EA97D4075889F5A6CED14F89B17655;MUSIC_PLAYER;ACTIVE;UI-State-Reserve;;NEIN;NEIN
C:\Users\patsl\Downloads\DeutschZ_UI_Production_Kit\08_CONTROLS\MusicPlayer\pause_active.png;pause_active.png;.png;128x128;1.000000;JA;4744;0435423C0A1AD205180A997887EE9BF8FA816076E81701A9E0F0D0D0B694649B;MUSIC_PLAYER;ACTIVE;music/pause_active.paa;;JA;NEIN
C:\Users\patsl\Downloads\DeutschZ_UI_Production_Kit\08_CONTROLS\MusicPlayer\pause_disabled.paa;pause_disabled.paa;.paa;;;NEIN;22016;B32FA95F1FEE04E3A45941076694AD499D67F18FA407EB67F9F58A18CFE5A0DE;MUSIC_PLAYER;DISABLED;UI-State-Reserve;;NEIN;NEIN
C:\Users\patsl\Downloads\DeutschZ_UI_Production_Kit\08_CONTROLS\MusicPlayer\pause_disabled.png;pause_disabled.png;.png;128x128;1.000000;JA;1312;5221D03969F258642BF4E718F0DBF0E56D447D6EF32C6FEF5B454552FD808A2C;MUSIC_PLAYER;DISABLED;music/pause_disabled.paa;;JA;NEIN
C:\Users\patsl\Downloads\DeutschZ_UI_Production_Kit\08_CONTROLS\MusicPlayer\pause_hover.paa;pause_hover.paa;.paa;;;NEIN;22016;A883F3FFFB94C9B63EE48180DCE9D8B627791BCDD160352EF9D845D69FF4844A;MUSIC_PLAYER;HOVER;UI-State-Reserve;;NEIN;NEIN
C:\Users\patsl\Downloads\DeutschZ_UI_Production_Kit\08_CONTROLS\MusicPlayer\pause_hover.png;pause_hover.png;.png;128x128;1.000000;JA;4606;002C230E40A96C5B143E4272E9503DC2AD2785DE013DCBA14FCE6F664659A71F;MUSIC_PLAYER;HOVER;music/pause_hover.paa;;JA;NEIN
C:\Users\patsl\Downloads\DeutschZ_UI_Production_Kit\08_CONTROLS\MusicPlayer\pause_normal.paa;pause_normal.paa;.paa;;;NEIN;22016;847FE3FEEB9941B8B78D8D60965A658C6459398716888BA14FA84ABF493B657E;MUSIC_PLAYER;NORMAL;UI-State-Reserve;;NEIN;NEIN
C:\Users\patsl\Downloads\DeutschZ_UI_Production_Kit\08_CONTROLS\MusicPlayer\pause_normal.png;pause_normal.png;.png;128x128;1.000000;JA;1310;7DED7FE4D7AACFB54D58CCEFB5CFCE3FF3FCD6457AA1B1221F8D80AFB7B5E043;MUSIC_PLAYER;NORMAL;music/pause_normal.paa;;JA;NEIN
C:\Users\patsl\Downloads\DeutschZ_UI_Production_Kit\08_CONTROLS\MusicPlayer\pause_pressed.paa;pause_pressed.paa;.paa;;;NEIN;22016;92C91810CD5C0CC65B2CB3A220D41D5D716A066AAF2106E9BFE7C8CEAC3CD7DA;MUSIC_PLAYER;PRESSED;UI-State-Reserve;;NEIN;NEIN
C:\Users\patsl\Downloads\DeutschZ_UI_Production_Kit\08_CONTROLS\MusicPlayer\pause_pressed.png;pause_pressed.png;.png;128x128;1.000000;JA;4761;B64D198151ECE3D1F3DF3B224D1EDFB574D9269E392A78E6EF6166551DBC5C24;MUSIC_PLAYER;PRESSED;music/pause_pressed.paa;;JA;NEIN
C:\Users\patsl\Downloads\DeutschZ_UI_Production_Kit\08_CONTROLS\MusicPlayer\pause_warning.paa;pause_warning.paa;.paa;;;NEIN;22016;C53E9FAB0F2696ECEBFF9D89EFE9EF8CAF29519B3F267973B21AAEDAF4712A1B;MUSIC_PLAYER;WARNING;UI-State-Reserve;;NEIN;NEIN
C:\Users\patsl\Downloads\DeutschZ_UI_Production_Kit\08_CONTROLS\MusicPlayer\pause_warning.png;pause_warning.png;.png;128x128;1.000000;JA;5098;396A1F5C6E1011A383896EF667B985680B026AD67A851544A25BF02C8D40A570;MUSIC_PLAYER;WARNING;UI-State-Reserve;;NEIN;JA
C:\Users\patsl\Downloads\DeutschZ_UI_Production_Kit\08_CONTROLS\MusicPlayer\play_active.paa;play_active.paa;.paa;;;NEIN;22016;E9553A4CFBC12D4962DBBC1BF56B78E03C536A1E672C2D067502693A90646BD1;MUSIC_PLAYER;ACTIVE;UI-State-Reserve;;NEIN;NEIN
C:\Users\patsl\Downloads\DeutschZ_UI_Production_Kit\08_CONTROLS\MusicPlayer\play_active.png;play_active.png;.png;128x128;1.000000;JA;4975;22378530C15A02878E54577F1489ABC63837A4788DBE15A03EE869C9D2755AFC;MUSIC_PLAYER;ACTIVE;music/play_active.paa;;JA;NEIN
C:\Users\patsl\Downloads\DeutschZ_UI_Production_Kit\08_CONTROLS\MusicPlayer\play_disabled.paa;play_disabled.paa;.paa;;;NEIN;22016;8A494FE06885FFF9C0D6057F6496380C4F843974DD525C877763585E65C2122E;MUSIC_PLAYER;DISABLED;UI-State-Reserve;;NEIN;NEIN
C:\Users\patsl\Downloads\DeutschZ_UI_Production_Kit\08_CONTROLS\MusicPlayer\play_disabled.png;play_disabled.png;.png;128x128;1.000000;JA;1537;891B230507A5006468F3899EB1582A11011D4326A39D31178860CA5AE30627A4;MUSIC_PLAYER;DISABLED;music/play_disabled.paa;;JA;NEIN
C:\Users\patsl\Downloads\DeutschZ_UI_Production_Kit\08_CONTROLS\MusicPlayer\play_hover.paa;play_hover.paa;.paa;;;NEIN;22016;FB80D653278CD0BEE191CC6AD36A9B0F65D83C6D18F87610694DF85E5D97848B;MUSIC_PLAYER;HOVER;UI-State-Reserve;;NEIN;NEIN
C:\Users\patsl\Downloads\DeutschZ_UI_Production_Kit\08_CONTROLS\MusicPlayer\play_hover.png;play_hover.png;.png;128x128;1.000000;JA;4746;38FC6A4A9D8B93B31C79E0219AC339A6F083884040FAD078FB5E39EF7797BA4C;MUSIC_PLAYER;HOVER;music/play_hover.paa;;JA;NEIN
C:\Users\patsl\Downloads\DeutschZ_UI_Production_Kit\08_CONTROLS\MusicPlayer\play_normal.paa;play_normal.paa;.paa;;;NEIN;22016;89B76584AE9A05757AD22330C1D362B68C866A561B211031DB5E4C3C3ECF69D2;MUSIC_PLAYER;NORMAL;UI-State-Reserve;;NEIN;NEIN
C:\Users\patsl\Downloads\DeutschZ_UI_Production_Kit\08_CONTROLS\MusicPlayer\play_normal.png;play_normal.png;.png;128x128;1.000000;JA;1561;53D8A6600DD3366EB9D2D8A3017DBFDFBB33E964C0456968F5B3D429ABFFD9A9;MUSIC_PLAYER;NORMAL;music/play_normal.paa;;JA;NEIN
C:\Users\patsl\Downloads\DeutschZ_UI_Production_Kit\08_CONTROLS\MusicPlayer\play_pressed.paa;play_pressed.paa;.paa;;;NEIN;22016;1423C1213A72F02D9334FFD931BE2F1B2D869C0ED603584EBB9234C5E5AC458C;MUSIC_PLAYER;PRESSED;UI-State-Reserve;;NEIN;NEIN
C:\Users\patsl\Downloads\DeutschZ_UI_Production_Kit\08_CONTROLS\MusicPlayer\play_pressed.png;play_pressed.png;.png;128x128;1.000000;JA;5000;2C6B34984FB82AF02704222FA37234D16DED249F62CB57268A896762B6802DB2;MUSIC_PLAYER;PRESSED;music/play_pressed.paa;;JA;NEIN
C:\Users\patsl\Downloads\DeutschZ_UI_Production_Kit\08_CONTROLS\MusicPlayer\play_warning.paa;play_warning.paa;.paa;;;NEIN;22016;ED9B9B7B62A8A6B890E514D9D69AF8F3D721597BE1EE4D367570AD71E1964867;MUSIC_PLAYER;WARNING;UI-State-Reserve;;NEIN;NEIN
C:\Users\patsl\Downloads\DeutschZ_UI_Production_Kit\08_CONTROLS\MusicPlayer\play_warning.png;play_warning.png;.png;128x128;1.000000;JA;5365;8AF4D51BB64947A3ECC3F4C9ED5DA9AC0B7C9A9F217924E2B8727091EC3E9BD0;MUSIC_PLAYER;WARNING;UI-State-Reserve;;NEIN;JA
C:\Users\patsl\Downloads\DeutschZ_UI_Production_Kit\08_CONTROLS\MusicPlayer\prev_active.paa;prev_active.paa;.paa;;;NEIN;22016;1DBB2C746B3FCAFF4E408024B8873ED95E2D254175C9BB3E83F755A6385AEC52;MUSIC_PLAYER;ACTIVE;UI-State-Reserve;;NEIN;NEIN
C:\Users\patsl\Downloads\DeutschZ_UI_Production_Kit\08_CONTROLS\MusicPlayer\prev_active.png;prev_active.png;.png;128x128;1.000000;JA;4890;2E9F31359F56CD1895FE375C68CDA530ED309E674DD8E81229C40B13EC3096FD;MUSIC_PLAYER;ACTIVE;music/prev_active.paa;;JA;NEIN
C:\Users\patsl\Downloads\DeutschZ_UI_Production_Kit\08_CONTROLS\MusicPlayer\prev_disabled.paa;prev_disabled.paa;.paa;;;NEIN;22016;828F74443FCA3FD1A791FA257BE35FDF37ADA4B2CF9CA6FBE335CCCBED27EE72;MUSIC_PLAYER;DISABLED;UI-State-Reserve;;NEIN;NEIN
C:\Users\patsl\Downloads\DeutschZ_UI_Production_Kit\08_CONTROLS\MusicPlayer\prev_disabled.png;prev_disabled.png;.png;128x128;1.000000;JA;1576;C3E866AA92AE502D7266FB1254ED7A13E55315124958B9A88DA17BDBD191A404;MUSIC_PLAYER;DISABLED;music/prev_disabled.paa;;JA;NEIN
C:\Users\patsl\Downloads\DeutschZ_UI_Production_Kit\08_CONTROLS\MusicPlayer\prev_hover.paa;prev_hover.paa;.paa;;;NEIN;22016;B290123B3940CF3A50BE3D8DF7A4C791397BADF6D0C000AD12098C7ABBE72ABE;MUSIC_PLAYER;HOVER;UI-State-Reserve;;NEIN;NEIN
C:\Users\patsl\Downloads\DeutschZ_UI_Production_Kit\08_CONTROLS\MusicPlayer\prev_hover.png;prev_hover.png;.png;128x128;1.000000;JA;4853;98EF499599E10412B4A1F133C5D1793EA4027590FEF84B7F7C9D9AE4CA0AF7FA;MUSIC_PLAYER;HOVER;music/prev_hover.paa;;JA;NEIN
C:\Users\patsl\Downloads\DeutschZ_UI_Production_Kit\08_CONTROLS\MusicPlayer\prev_normal.paa;prev_normal.paa;.paa;;;NEIN;22016;206EF2158C5C8F4DFFCAC72B386D915E572AA21C85DE4479ED07BE89F489918F;MUSIC_PLAYER;NORMAL;UI-State-Reserve;;NEIN;NEIN
C:\Users\patsl\Downloads\DeutschZ_UI_Production_Kit\08_CONTROLS\MusicPlayer\prev_normal.png;prev_normal.png;.png;128x128;1.000000;JA;1591;9A61A09952264922A8E210799735B6292E84FB9897203EE2059EC45A3A1AC7DC;MUSIC_PLAYER;NORMAL;music/prev_normal.paa;;JA;NEIN
C:\Users\patsl\Downloads\DeutschZ_UI_Production_Kit\08_CONTROLS\MusicPlayer\prev_pressed.paa;prev_pressed.paa;.paa;;;NEIN;22016;594E2BE9C8537DCC6C5601C2182555C5E9819A513AC78EF2FC8B770A787B2E0A;MUSIC_PLAYER;PRESSED;UI-State-Reserve;;NEIN;NEIN
C:\Users\patsl\Downloads\DeutschZ_UI_Production_Kit\08_CONTROLS\MusicPlayer\prev_pressed.png;prev_pressed.png;.png;128x128;1.000000;JA;5019;6C6E1560CE78D32E1EAE108D324EDCF2D0D54AD5F0B85451C6259BD7E975D270;MUSIC_PLAYER;PRESSED;music/prev_pressed.paa;;JA;NEIN
C:\Users\patsl\Downloads\DeutschZ_UI_Production_Kit\08_CONTROLS\MusicPlayer\prev_warning.paa;prev_warning.paa;.paa;;;NEIN;22016;8B015CFDF286F50102361671E6A5702088988D9163A91422DC93012F5EFE9C76;MUSIC_PLAYER;WARNING;UI-State-Reserve;;NEIN;NEIN
C:\Users\patsl\Downloads\DeutschZ_UI_Production_Kit\08_CONTROLS\MusicPlayer\prev_warning.png;prev_warning.png;.png;128x128;1.000000;JA;5336;A8C059A30B172C90E73E148423CD72784103107CA5D1A4978DFCABAE9460E63A;MUSIC_PLAYER;WARNING;UI-State-Reserve;;NEIN;JA
C:\Users\patsl\Downloads\DeutschZ_UI_Production_Kit\08_CONTROLS\MusicPlayer\volume_active.paa;volume_active.paa;.paa;;;NEIN;22016;B2392FD01EBA34BF6FF7A475084CD36412283F80600278D53CCFCB7830C50A37;MUSIC_PLAYER;ACTIVE;UI-State-Reserve;;NEIN;NEIN
C:\Users\patsl\Downloads\DeutschZ_UI_Production_Kit\08_CONTROLS\MusicPlayer\volume_active.png;volume_active.png;.png;128x128;1.000000;JA;4867;E6129599C8BD5DC8405F0C81B9AB3DD2124909B16707E2DD8B4DB8BD78010B35;MUSIC_PLAYER;ACTIVE;music/volume_active.paa;;JA;NEIN
C:\Users\patsl\Downloads\DeutschZ_UI_Production_Kit\08_CONTROLS\MusicPlayer\volume_disabled.paa;volume_disabled.paa;.paa;;;NEIN;22016;3267119D6BD8017581CCB00B2A91C385B73FCCDC3A9C4A772219BA8994B9EE81;MUSIC_PLAYER;DISABLED;UI-State-Reserve;;NEIN;NEIN
C:\Users\patsl\Downloads\DeutschZ_UI_Production_Kit\08_CONTROLS\MusicPlayer\volume_disabled.png;volume_disabled.png;.png;128x128;1.000000;JA;1459;8D75668BE32F01C8A8427F0DB44FFB8BF6B565B669F9536A740772ACF639F987;MUSIC_PLAYER;DISABLED;music/volume_disabled.paa;;JA;NEIN
C:\Users\patsl\Downloads\DeutschZ_UI_Production_Kit\08_CONTROLS\MusicPlayer\volume_hover.paa;volume_hover.paa;.paa;;;NEIN;22016;B29E8820BDA889C18C4C68E76C5200DC6D69E6D0F3B438984B350694C1461A7D;MUSIC_PLAYER;HOVER;UI-State-Reserve;;NEIN;NEIN
C:\Users\patsl\Downloads\DeutschZ_UI_Production_Kit\08_CONTROLS\MusicPlayer\volume_hover.png;volume_hover.png;.png;128x128;1.000000;JA;4701;02100DB12C00AC70A57B14B4541AFB77C16E45D3213C51683B9A35F9C00E5206;MUSIC_PLAYER;HOVER;music/volume_hover.paa;;JA;NEIN
C:\Users\patsl\Downloads\DeutschZ_UI_Production_Kit\08_CONTROLS\MusicPlayer\volume_normal.paa;volume_normal.paa;.paa;;;NEIN;22016;D6E97775ACA8919DB9626A3A94E3BDE060ED2C0E77AC01D9B135D1F3157502A3;MUSIC_PLAYER;NORMAL;UI-State-Reserve;;NEIN;NEIN
C:\Users\patsl\Downloads\DeutschZ_UI_Production_Kit\08_CONTROLS\MusicPlayer\volume_normal.png;volume_normal.png;.png;128x128;1.000000;JA;1492;B184352FD6A5A06736A32849F3C3A6291BB3CE86BB412F41F4FD656097A7AAD3;MUSIC_PLAYER;NORMAL;music/volume_normal.paa;;JA;NEIN
C:\Users\patsl\Downloads\DeutschZ_UI_Production_Kit\08_CONTROLS\MusicPlayer\volume_pressed.paa;volume_pressed.paa;.paa;;;NEIN;22016;EF9EFE8603A5613810BDC90172E1F29F1E74A60F8EB8ECB851151070683858A6;MUSIC_PLAYER;PRESSED;UI-State-Reserve;;NEIN;NEIN
C:\Users\patsl\Downloads\DeutschZ_UI_Production_Kit\08_CONTROLS\MusicPlayer\volume_pressed.png;volume_pressed.png;.png;128x128;1.000000;JA;4858;044570EABE54AFC5743BFB41A8820549667C79906CF515BDDB3C435C629026E1;MUSIC_PLAYER;PRESSED;music/volume_pressed.paa;;JA;NEIN
C:\Users\patsl\Downloads\DeutschZ_UI_Production_Kit\08_CONTROLS\MusicPlayer\volume_warning.paa;volume_warning.paa;.paa;;;NEIN;22016;5E8C70304D1E760A483B6D6A20C5AF001E19BF73A4AA2AC508F3B627CE9E1BB9;MUSIC_PLAYER;WARNING;UI-State-Reserve;;NEIN;NEIN
C:\Users\patsl\Downloads\DeutschZ_UI_Production_Kit\08_CONTROLS\MusicPlayer\volume_warning.png;volume_warning.png;.png;128x128;1.000000;JA;5229;D9F8C04FFE94834DC32631B029C70363EC8B06A1139EE2EF11326AA2431999D2;MUSIC_PLAYER;WARNING;UI-State-Reserve;;NEIN;JA
C:\Users\patsl\Downloads\DeutschZ_UI_Production_Kit\08_CONTROLS\ProgressBars\Medium_0.png;Medium_0.png;.png;900x58;15.517241;JA;772;14A493C2A9DDE3C9E5414418F15739F00ACCD6F2D39F39503F04B147A0C54118;BUTTON;NORMAL;UI-State-Reserve;;NEIN;JA
C:\Users\patsl\Downloads\DeutschZ_UI_Production_Kit\08_CONTROLS\ProgressBars\Medium_10.png;Medium_10.png;.png;900x58;15.517241;JA;917;C09672A43B645DAC65D74A930EAA262207B08EB0722DD8A013F5B51A5240D6FB;BUTTON;NORMAL;UI-State-Reserve;;NEIN;JA
C:\Users\patsl\Downloads\DeutschZ_UI_Production_Kit\08_CONTROLS\ProgressBars\Medium_100.png;Medium_100.png;.png;900x58;15.517241;JA;899;B250DC849288080ECDD6080AF8900FB4B411E9F99ABEF2EF5E13B5741549FC7D;BUTTON;NORMAL;UI-State-Reserve;;NEIN;JA
C:\Users\patsl\Downloads\DeutschZ_UI_Production_Kit\08_CONTROLS\ProgressBars\Medium_25.png;Medium_25.png;.png;900x58;15.517241;JA;922;45962BB02757393CE3818DB2ACF1E2971902A24730662418777C97E40E449585;BUTTON;NORMAL;UI-State-Reserve;;NEIN;JA
C:\Users\patsl\Downloads\DeutschZ_UI_Production_Kit\08_CONTROLS\ProgressBars\Medium_50.png;Medium_50.png;.png;900x58;15.517241;JA;919;05A2845E0209B0AF6162CCDBF21B9BDEDAFEC3289D183714C029F2CD732ADFC0;BUTTON;NORMAL;UI-State-Reserve;;NEIN;JA
C:\Users\patsl\Downloads\DeutschZ_UI_Production_Kit\08_CONTROLS\ProgressBars\Medium_75.png;Medium_75.png;.png;900x58;15.517241;JA;926;EB4BC51629A1178CB1286CBC20A4D014BD351403A0AAFD0FD03032679F1C43BD;BUTTON;NORMAL;UI-State-Reserve;;NEIN;JA
C:\Users\patsl\Downloads\DeutschZ_UI_Production_Kit\08_CONTROLS\ProgressBars\Thick_0.png;Thick_0.png;.png;900x84;10.714286;JA;1084;10A6DFEB04870A7F8231697F042808AB5FFCF9137818D2CF7CC3AC354A83B9B2;BUTTON;NORMAL;UI-State-Reserve;;NEIN;JA
C:\Users\patsl\Downloads\DeutschZ_UI_Production_Kit\08_CONTROLS\ProgressBars\Thick_10.png;Thick_10.png;.png;900x84;10.714286;JA;1293;86D4436C974BBE70068471C4410D98C7B63A6EA09BD40D144A14532D4BD800E2;BUTTON;NORMAL;UI-State-Reserve;;NEIN;JA
C:\Users\patsl\Downloads\DeutschZ_UI_Production_Kit\08_CONTROLS\ProgressBars\Thick_100.png;Thick_100.png;.png;900x84;10.714286;JA;1251;5391D3207C952FEA2BE4B9E74A6334ADA564E6B37D11618BD5F091399EE9974B;BUTTON;NORMAL;UI-State-Reserve;;NEIN;JA
C:\Users\patsl\Downloads\DeutschZ_UI_Production_Kit\08_CONTROLS\ProgressBars\Thick_25.png;Thick_25.png;.png;900x84;10.714286;JA;1296;96708D38013ACF676AD209196C1313DF7C7C9950854D5139366A861A8B0977DB;BUTTON;NORMAL;UI-State-Reserve;;NEIN;JA
C:\Users\patsl\Downloads\DeutschZ_UI_Production_Kit\08_CONTROLS\ProgressBars\Thick_50.png;Thick_50.png;.png;900x84;10.714286;JA;1289;4C410103FC23087E90ECC31306C3C254A0F9CDD4D00E3D61D62723E4C0C81DB3;BUTTON;NORMAL;UI-State-Reserve;;NEIN;JA
C:\Users\patsl\Downloads\DeutschZ_UI_Production_Kit\08_CONTROLS\ProgressBars\Thick_75.png;Thick_75.png;.png;900x84;10.714286;JA;1302;561C21EB515EFC791FC4CFB0C96F2C02C8D77AED2B682C419439D1E3DC7B55B5;BUTTON;NORMAL;UI-State-Reserve;;NEIN;JA
C:\Users\patsl\Downloads\DeutschZ_UI_Production_Kit\08_CONTROLS\ProgressBars\Thin_0.png;Thin_0.png;.png;900x34;26.470588;JA;488;5B328F93CC22F9600DDE4DFF9125DF7FF64B03A1A00790ADA842F83ABB4309B7;BUTTON;NORMAL;UI-State-Reserve;;NEIN;JA
C:\Users\patsl\Downloads\DeutschZ_UI_Production_Kit\08_CONTROLS\ProgressBars\Thin_10.png;Thin_10.png;.png;900x34;26.470588;JA;554;087771D04C8C749C8B3D31BA2318D09FB582BA3AE97C19ABA064127DB4942956;BUTTON;NORMAL;UI-State-Reserve;;NEIN;JA
C:\Users\patsl\Downloads\DeutschZ_UI_Production_Kit\08_CONTROLS\ProgressBars\Thin_100.png;Thin_100.png;.png;900x34;26.470588;JA;546;3799B04B5150A5D020B66CF7153A8992A6E4A447B32F6C2B43B56035EB40664D;BUTTON;NORMAL;UI-State-Reserve;;NEIN;JA
C:\Users\patsl\Downloads\DeutschZ_UI_Production_Kit\08_CONTROLS\ProgressBars\Thin_25.png;Thin_25.png;.png;900x34;26.470588;JA;559;A996DB80321DAA4F383AC3D287A3D5F544DB3B3174723C0D9B6A388BEF678479;BUTTON;NORMAL;UI-State-Reserve;;NEIN;JA
C:\Users\patsl\Downloads\DeutschZ_UI_Production_Kit\08_CONTROLS\ProgressBars\Thin_50.png;Thin_50.png;.png;900x34;26.470588;JA;555;59B854E2FEB105CF07B756E8B6D24F5261AF1A5B8D77D18777F07B858C9767F3;BUTTON;NORMAL;UI-State-Reserve;;NEIN;JA
C:\Users\patsl\Downloads\DeutschZ_UI_Production_Kit\08_CONTROLS\ProgressBars\Thin_75.png;Thin_75.png;.png;900x34;26.470588;JA;556;1BE098C269F1175C32A60D1565E4F864EF507E008289CEC99D9C439B4AA53EA0;BUTTON;NORMAL;UI-State-Reserve;;NEIN;JA
C:\Users\patsl\Downloads\DeutschZ_UI_Production_Kit\08_CONTROLS\RadioButtons\disabled_off.png;disabled_off.png;.png;96x96;1.000000;JA;642;61F678FC82DD0C24C56E0026A97AB26743C74D7E7429736C17900B42075DC329;BUTTON;NORMAL;UI-State-Reserve;;NEIN;JA
C:\Users\patsl\Downloads\DeutschZ_UI_Production_Kit\08_CONTROLS\RadioButtons\disabled_on.png;disabled_on.png;.png;96x96;1.000000;JA;778;6B38EAC70068C63EAAA9FAFFA688B3D82A10880B9877B9C93A6A8C8FB7B62DCD;BUTTON;NORMAL;UI-State-Reserve;;NEIN;JA
C:\Users\patsl\Downloads\DeutschZ_UI_Production_Kit\08_CONTROLS\RadioButtons\hover_off.png;hover_off.png;.png;96x96;1.000000;JA;644;43E86E7DA7F30B5B7E2A6D5DE5C65D2789F890DA8EA9A612FEC4B52F007A1009;BUTTON;NORMAL;UI-State-Reserve;;NEIN;JA
C:\Users\patsl\Downloads\DeutschZ_UI_Production_Kit\08_CONTROLS\RadioButtons\hover_on.png;hover_on.png;.png;96x96;1.000000;JA;782;ABF6C5C85C598A6BD35D9EC5B77EDD141AD3C4C2E24CA149D513B43FEA05E90D;BUTTON;NORMAL;UI-State-Reserve;;NEIN;JA
C:\Users\patsl\Downloads\DeutschZ_UI_Production_Kit\08_CONTROLS\RadioButtons\locked_off.png;locked_off.png;.png;96x96;1.000000;JA;648;EFE83C708FD7452C5E26E03CC5BF7AE1C631A54A069BA5A4D45A491C0B739C5E;BUTTON;NORMAL;UI-State-Reserve;;NEIN;JA
C:\Users\patsl\Downloads\DeutschZ_UI_Production_Kit\08_CONTROLS\RadioButtons\locked_on.png;locked_on.png;.png;96x96;1.000000;JA;748;C6519EC31FD78204894BD03AA03407EAAC5052FFEC56BAF63FFED80E98FE6213;BUTTON;NORMAL;UI-State-Reserve;;NEIN;JA
C:\Users\patsl\Downloads\DeutschZ_UI_Production_Kit\08_CONTROLS\RadioButtons\off.png;off.png;.png;96x96;1.000000;JA;644;53C038ABDCBBBA13FDEE09E5281937A479A4723661D75FE2EC5F807EE99AB361;BUTTON;NORMAL;UI-State-Reserve;;NEIN;JA
C:\Users\patsl\Downloads\DeutschZ_UI_Production_Kit\08_CONTROLS\RadioButtons\on.png;on.png;.png;96x96;1.000000;JA;780;612B578BF786D2DB5C5308F5BCCD767A746D1EA1E9EB7C6A2E5487C00F726537;BUTTON;NORMAL;UI-State-Reserve;;NEIN;JA
C:\Users\patsl\Downloads\DeutschZ_UI_Production_Kit\08_CONTROLS\RadioButtons\warning_off.png;warning_off.png;.png;96x96;1.000000;JA;645;DEA600FEEBF5C99D6A6E946419FB8D234407C89928C959F9BF97527E29970275;BUTTON;NORMAL;UI-State-Reserve;;NEIN;JA
C:\Users\patsl\Downloads\DeutschZ_UI_Production_Kit\08_CONTROLS\RadioButtons\warning_on.png;warning_on.png;.png;96x96;1.000000;JA;766;C2D141723D084FF9DBD4B07E84D3DD48CF0A8F0558C3DFA78818D52BBEA4D7DE;BUTTON;NORMAL;UI-State-Reserve;;NEIN;JA
C:\Users\patsl\Downloads\DeutschZ_UI_Production_Kit\08_CONTROLS\Scrollbars\Horizontal_active.png;Horizontal_active.png;.png;1000x64;15.625000;JA;765;4DED53EE34E174E932701CF261DE297763AFF1CA15ED01EF86040D012C0BBB79;BUTTON;ACTIVE;UI-State-Reserve;;NEIN;JA
C:\Users\patsl\Downloads\DeutschZ_UI_Production_Kit\08_CONTROLS\Scrollbars\Horizontal_disabled.png;Horizontal_disabled.png;.png;1000x64;15.625000;JA;760;3E79B3D13A41F6469F8208F0FD46F6D8AA05AAD317521934DE9C12B2F4F80FC9;BUTTON;DISABLED;UI-State-Reserve;;NEIN;JA
C:\Users\patsl\Downloads\DeutschZ_UI_Production_Kit\08_CONTROLS\Scrollbars\Horizontal_hover.png;Horizontal_hover.png;.png;1000x64;15.625000;JA;770;3D9AA072F7AD658311E557333BF465DFCA42516A7B68F022C71691A2B5DCBFCD;BUTTON;HOVER;UI-State-Reserve;;NEIN;JA
C:\Users\patsl\Downloads\DeutschZ_UI_Production_Kit\08_CONTROLS\Scrollbars\Horizontal_locked.png;Horizontal_locked.png;.png;1000x64;15.625000;JA;764;607F688A05AFE3669EDBF998784760EC8A73458C3C3911D71DEE3077BBE7AD02;BUTTON;LOCKED;UI-State-Reserve;;NEIN;JA
C:\Users\patsl\Downloads\DeutschZ_UI_Production_Kit\08_CONTROLS\Scrollbars\Horizontal_normal.png;Horizontal_normal.png;.png;1000x64;15.625000;JA;860;09D9ED87D6B08FB308C122B97619BEF6A9F7CA7A5B2D1ECF69F78453129CF226;BUTTON;NORMAL;UI-State-Reserve;;NEIN;JA
C:\Users\patsl\Downloads\DeutschZ_UI_Production_Kit\08_CONTROLS\Scrollbars\Horizontal_warning.png;Horizontal_warning.png;.png;1000x64;15.625000;JA;768;DCAF619DB0A6621241361AB3B29D2461B12E6E740A40C435F134EF82C69788E3;BUTTON;WARNING;UI-State-Reserve;;NEIN;JA
C:\Users\patsl\Downloads\DeutschZ_UI_Production_Kit\08_CONTROLS\Scrollbars\Vertical_active.png;Vertical_active.png;.png;64x1000;0.064000;JA;2372;E1F3B2FAAECD15E6ADA68A0BFB1E473C67D8A9D4CB5C1247A925892562C60842;BUTTON;ACTIVE;UI-State-Reserve;;NEIN;JA
C:\Users\patsl\Downloads\DeutschZ_UI_Production_Kit\08_CONTROLS\Scrollbars\Vertical_disabled.png;Vertical_disabled.png;.png;64x1000;0.064000;JA;2370;420A06590D812D22941AE6C100D3174248CE8FF4A59FF36E74521347C12CF827;BUTTON;DISABLED;UI-State-Reserve;;NEIN;JA
C:\Users\patsl\Downloads\DeutschZ_UI_Production_Kit\08_CONTROLS\Scrollbars\Vertical_hover.png;Vertical_hover.png;.png;64x1000;0.064000;JA;2378;FEEF830C5686E65775DC8DAE6F5341F243E1A267E63C6DDF2E6C11406CE8C098;BUTTON;HOVER;UI-State-Reserve;;NEIN;JA
C:\Users\patsl\Downloads\DeutschZ_UI_Production_Kit\08_CONTROLS\Scrollbars\Vertical_locked.png;Vertical_locked.png;.png;64x1000;0.064000;JA;2376;0C02F0B08909C67A297A32A7CBF612CEFB116CB4C56EA77BAF81E64E30927F5B;BUTTON;LOCKED;UI-State-Reserve;;NEIN;JA
C:\Users\patsl\Downloads\DeutschZ_UI_Production_Kit\08_CONTROLS\Scrollbars\Vertical_normal.png;Vertical_normal.png;.png;64x1000;0.064000;JA;2458;820A159117236443F3FDAB61029509D689F276FF659263FD58D8892A0843FF97;BUTTON;NORMAL;UI-State-Reserve;;NEIN;JA
C:\Users\patsl\Downloads\DeutschZ_UI_Production_Kit\08_CONTROLS\Scrollbars\Vertical_warning.png;Vertical_warning.png;.png;64x1000;0.064000;JA;2377;DFB907E7A3ACAB56DCDDD97CC5E76502CB2F58FE089F5311376002FB06A9EE47;BUTTON;WARNING;UI-State-Reserve;;NEIN;JA
C:\Users\patsl\Downloads\DeutschZ_UI_Production_Kit\08_CONTROLS\Sliders\Horizontal_active_0.png;Horizontal_active_0.png;.png;820x90;9.111111;JA;873;CF9F3EF2296ABDD714D02108655EA539B926D83DC21CC34605CC8F5A04989E9D;BUTTON;ACTIVE;UI-State-Reserve;;NEIN;JA
C:\Users\patsl\Downloads\DeutschZ_UI_Production_Kit\08_CONTROLS\Sliders\Horizontal_active_100.png;Horizontal_active_100.png;.png;820x90;9.111111;JA;871;65DD2E1376F09A2052AFBECD435BB310E211ABE3057D20949F6117252CD791CB;BUTTON;ACTIVE;UI-State-Reserve;;NEIN;JA
C:\Users\patsl\Downloads\DeutschZ_UI_Production_Kit\08_CONTROLS\Sliders\Horizontal_active_25.png;Horizontal_active_25.png;.png;820x90;9.111111;JA;926;993B6B6A6524D4835F9DE062CF65DFE8A39499DB640625DEF46A06ABF91A367F;BUTTON;ACTIVE;UI-State-Reserve;;NEIN;JA
C:\Users\patsl\Downloads\DeutschZ_UI_Production_Kit\08_CONTROLS\Sliders\Horizontal_active_50.png;Horizontal_active_50.png;.png;820x90;9.111111;JA;927;CBB1D8CFB4C469DFF9D94EEA4676E98219ADD0B83482CE3D5B204D9CCC105D93;BUTTON;ACTIVE;UI-State-Reserve;;NEIN;JA
C:\Users\patsl\Downloads\DeutschZ_UI_Production_Kit\08_CONTROLS\Sliders\Horizontal_active_75.png;Horizontal_active_75.png;.png;820x90;9.111111;JA;925;8B0AD75E3931D493C8BE97085BED42A5C49091C0F687B64C59CDE57099DD12B3;BUTTON;ACTIVE;UI-State-Reserve;;NEIN;JA
C:\Users\patsl\Downloads\DeutschZ_UI_Production_Kit\08_CONTROLS\Sliders\Horizontal_disabled_0.png;Horizontal_disabled_0.png;.png;820x90;9.111111;JA;875;9FE4577E14FE30B09FB2777E275F3C53DC42B3A5543CB0182196A08AB9343956;BUTTON;DISABLED;UI-State-Reserve;;NEIN;JA
C:\Users\patsl\Downloads\DeutschZ_UI_Production_Kit\08_CONTROLS\Sliders\Horizontal_disabled_100.png;Horizontal_disabled_100.png;.png;820x90;9.111111;JA;871;20CEE6F0D74412ADA66A73367E44BAAC1AE8501D17464D401B33D7790DF7F14F;BUTTON;DISABLED;UI-State-Reserve;;NEIN;JA
C:\Users\patsl\Downloads\DeutschZ_UI_Production_Kit\08_CONTROLS\Sliders\Horizontal_disabled_25.png;Horizontal_disabled_25.png;.png;820x90;9.111111;JA;929;BEABB495358342F336674ECE3F4D80635EB16BA06BA29B28BE2040C32B4845F3;BUTTON;DISABLED;UI-State-Reserve;;NEIN;JA
C:\Users\patsl\Downloads\DeutschZ_UI_Production_Kit\08_CONTROLS\Sliders\Horizontal_disabled_50.png;Horizontal_disabled_50.png;.png;820x90;9.111111;JA;929;F7011ADA98A35E3407A1764046956A46488295B9A6518AFFECD31A10B32464D8;BUTTON;DISABLED;UI-State-Reserve;;NEIN;JA
C:\Users\patsl\Downloads\DeutschZ_UI_Production_Kit\08_CONTROLS\Sliders\Horizontal_disabled_75.png;Horizontal_disabled_75.png;.png;820x90;9.111111;JA;928;8199E5531FECC2518F02DD03EECE6BF51B297801E81570ED33DA3AAB1B4F2EE7;BUTTON;DISABLED;UI-State-Reserve;;NEIN;JA
C:\Users\patsl\Downloads\DeutschZ_UI_Production_Kit\08_CONTROLS\Sliders\Horizontal_hover_0.png;Horizontal_hover_0.png;.png;820x90;9.111111;JA;882;E42600615D32A5EC87852BE254C91F7B93ECB594C109E2DF487AC9B7F769DBBB;BUTTON;HOVER;UI-State-Reserve;;NEIN;JA
C:\Users\patsl\Downloads\DeutschZ_UI_Production_Kit\08_CONTROLS\Sliders\Horizontal_hover_100.png;Horizontal_hover_100.png;.png;820x90;9.111111;JA;885;CC689C2AAA79E7CA472A92478B39BF9086580CC5680186F3DB93A0B78563B250;BUTTON;HOVER;UI-State-Reserve;;NEIN;JA
C:\Users\patsl\Downloads\DeutschZ_UI_Production_Kit\08_CONTROLS\Sliders\Horizontal_hover_25.png;Horizontal_hover_25.png;.png;820x90;9.111111;JA;943;2D8D50A286A7E36124E9A45AA9716A13AE5935B69E7109E139BA3209B20260AD;BUTTON;HOVER;UI-State-Reserve;;NEIN;JA
C:\Users\patsl\Downloads\DeutschZ_UI_Production_Kit\08_CONTROLS\Sliders\Horizontal_hover_50.png;Horizontal_hover_50.png;.png;820x90;9.111111;JA;943;7E5B36A42D7C1D383AB62CBE14164DC40A705A5881491204017C72695396193B;BUTTON;HOVER;UI-State-Reserve;;NEIN;JA
C:\Users\patsl\Downloads\DeutschZ_UI_Production_Kit\08_CONTROLS\Sliders\Horizontal_hover_75.png;Horizontal_hover_75.png;.png;820x90;9.111111;JA;941;BE135644FEE9C7A148903286D75D3E46D5942637093148E21E962F8AB8BA9CB3;BUTTON;HOVER;UI-State-Reserve;;NEIN;JA
C:\Users\patsl\Downloads\DeutschZ_UI_Production_Kit\08_CONTROLS\Sliders\Horizontal_normal_0.png;Horizontal_normal_0.png;.png;820x90;9.111111;JA;890;2C5E5A995154EC31F8443CC5A57087DE9EBB2858C767B1880B78FDBC63A74BDD;BUTTON;NORMAL;UI-State-Reserve;;NEIN;JA
C:\Users\patsl\Downloads\DeutschZ_UI_Production_Kit\08_CONTROLS\Sliders\Horizontal_normal_100.png;Horizontal_normal_100.png;.png;820x90;9.111111;JA;886;1470C2E928046C11615E1C1D78F4B2B8DD1F983F86176B1EC880D8C78AC2C168;BUTTON;NORMAL;UI-State-Reserve;;NEIN;JA
C:\Users\patsl\Downloads\DeutschZ_UI_Production_Kit\08_CONTROLS\Sliders\Horizontal_normal_25.png;Horizontal_normal_25.png;.png;820x90;9.111111;JA;955;CADE6B02A60E1880A60F8C0FE798811E3626FF07C89957D98502395360C59B47;BUTTON;NORMAL;UI-State-Reserve;;NEIN;JA
C:\Users\patsl\Downloads\DeutschZ_UI_Production_Kit\08_CONTROLS\Sliders\Horizontal_normal_50.png;Horizontal_normal_50.png;.png;820x90;9.111111;JA;955;27C8FBB3B2BA48335360F192E5E8453F0F2704573891CD222FB7A24A46C1E3BD;BUTTON;NORMAL;UI-State-Reserve;;NEIN;JA
C:\Users\patsl\Downloads\DeutschZ_UI_Production_Kit\08_CONTROLS\Sliders\Horizontal_normal_75.png;Horizontal_normal_75.png;.png;820x90;9.111111;JA;952;8F2CB3CA1DF20A9160DEA6E9700F0BD91CA4C3E93D4D17CA98B43621B2623565;BUTTON;NORMAL;UI-State-Reserve;;NEIN;JA
C:\Users\patsl\Downloads\DeutschZ_UI_Production_Kit\08_CONTROLS\Sliders\Horizontal_warning_0.png;Horizontal_warning_0.png;.png;820x90;9.111111;JA;877;4E01F3580844452DB40E56F7483D6852C551A8B8704161BB1C08360C1A2CCF0A;BUTTON;WARNING;UI-State-Reserve;;NEIN;JA
C:\Users\patsl\Downloads\DeutschZ_UI_Production_Kit\08_CONTROLS\Sliders\Horizontal_warning_100.png;Horizontal_warning_100.png;.png;820x90;9.111111;JA;880;8BC48846EA5D7F7F3C864D651D65D717D5D4597FED1B3827F71E94D9EFA9638E;BUTTON;WARNING;UI-State-Reserve;;NEIN;JA
C:\Users\patsl\Downloads\DeutschZ_UI_Production_Kit\08_CONTROLS\Sliders\Horizontal_warning_25.png;Horizontal_warning_25.png;.png;820x90;9.111111;JA;937;ADA7391DA9C85D0CFFF30AC87E7F6DD46D1B2C3F53C1C75F6C90923682D06DF8;BUTTON;WARNING;UI-State-Reserve;;NEIN;JA
C:\Users\patsl\Downloads\DeutschZ_UI_Production_Kit\08_CONTROLS\Sliders\Horizontal_warning_50.png;Horizontal_warning_50.png;.png;820x90;9.111111;JA;937;8D47CBF28D68EFBAF3D3FE35678ABC633D5C410BAE6C967A97535A4931155CB3;BUTTON;WARNING;UI-State-Reserve;;NEIN;JA
C:\Users\patsl\Downloads\DeutschZ_UI_Production_Kit\08_CONTROLS\Sliders\Horizontal_warning_75.png;Horizontal_warning_75.png;.png;820x90;9.111111;JA;936;ECB9B1BAF5378E216E6250B5378668F8776F4ECE99A74C905B48F71F256A8DAB;BUTTON;WARNING;UI-State-Reserve;;NEIN;JA
C:\Users\patsl\Downloads\DeutschZ_UI_Production_Kit\08_CONTROLS\Sliders\Vertical_active_0.png;Vertical_active_0.png;.png;90x820;0.109756;JA;2103;B58862A3E39232314552E11CE3A043D5DDD32FD47AB9181F97DE51B5D65BCF2B;BUTTON;ACTIVE;UI-State-Reserve;;NEIN;JA
C:\Users\patsl\Downloads\DeutschZ_UI_Production_Kit\08_CONTROLS\Sliders\Vertical_active_100.png;Vertical_active_100.png;.png;90x820;0.109756;JA;2103;6361DF32141B1BE041AAE075A943FEAA59ADA369192A23A580DCF99D932F3D27;BUTTON;ACTIVE;UI-State-Reserve;;NEIN;JA
C:\Users\patsl\Downloads\DeutschZ_UI_Production_Kit\08_CONTROLS\Sliders\Vertical_active_25.png;Vertical_active_25.png;.png;90x820;0.109756;JA;2152;94FD6ED726B1CA78B46ECFA2F2755B52239315ACC8B7C8278CA49DA2A9A551E3;BUTTON;ACTIVE;UI-State-Reserve;;NEIN;JA
C:\Users\patsl\Downloads\DeutschZ_UI_Production_Kit\08_CONTROLS\Sliders\Vertical_active_50.png;Vertical_active_50.png;.png;90x820;0.109756;JA;2152;8855B435C611A56E7F73973CF51C50CC7251681AA4D93123C4A876B023A865DB;BUTTON;ACTIVE;UI-State-Reserve;;NEIN;JA
C:\Users\patsl\Downloads\DeutschZ_UI_Production_Kit\08_CONTROLS\Sliders\Vertical_active_75.png;Vertical_active_75.png;.png;90x820;0.109756;JA;2152;2D23E22021DC3E8244E625D519AFDF315BFA4B1803EF7080AF71F5695961BC8C;BUTTON;ACTIVE;UI-State-Reserve;;NEIN;JA
C:\Users\patsl\Downloads\DeutschZ_UI_Production_Kit\08_CONTROLS\Sliders\Vertical_disabled_0.png;Vertical_disabled_0.png;.png;90x820;0.109756;JA;2105;9C5B319DFF6A047CE71071DAC65491A3C57CD8EFED8673B746089C745682DE32;BUTTON;DISABLED;UI-State-Reserve;;NEIN;JA
C:\Users\patsl\Downloads\DeutschZ_UI_Production_Kit\08_CONTROLS\Sliders\Vertical_disabled_100.png;Vertical_disabled_100.png;.png;90x820;0.109756;JA;2117;E0262349FCC275BC9C3B5718D48A53B8C89CE4C55F678EBBDAD1D892F18FC3D5;BUTTON;DISABLED;UI-State-Reserve;;NEIN;JA
C:\Users\patsl\Downloads\DeutschZ_UI_Production_Kit\08_CONTROLS\Sliders\Vertical_disabled_25.png;Vertical_disabled_25.png;.png;90x820;0.109756;JA;2153;96BC8379EAFD76C26ECBCD06D4EA7F50930B32BA4F8B3DBE8E6CB217EBD95CEC;BUTTON;DISABLED;UI-State-Reserve;;NEIN;JA
C:\Users\patsl\Downloads\DeutschZ_UI_Production_Kit\08_CONTROLS\Sliders\Vertical_disabled_50.png;Vertical_disabled_50.png;.png;90x820;0.109756;JA;2153;664A6246A9B66F32ED01D6D3D2720A617FB81E18F2F42A6C81DA9BB5125FC81F;BUTTON;DISABLED;UI-State-Reserve;;NEIN;JA
C:\Users\patsl\Downloads\DeutschZ_UI_Production_Kit\08_CONTROLS\Sliders\Vertical_disabled_75.png;Vertical_disabled_75.png;.png;90x820;0.109756;JA;2153;85AD9A22C97D998040832E183CA6591E23EE73BB7E3813E344D3E3BDAF804BDC;BUTTON;DISABLED;UI-State-Reserve;;NEIN;JA
C:\Users\patsl\Downloads\DeutschZ_UI_Production_Kit\08_CONTROLS\Sliders\Vertical_hover_0.png;Vertical_hover_0.png;.png;90x820;0.109756;JA;2109;FBB1298BC08293F98AB6DE0FB7AB2CC8068630E6487DAE2C4CA24D0BB7479958;BUTTON;HOVER;UI-State-Reserve;;NEIN;JA
C:\Users\patsl\Downloads\DeutschZ_UI_Production_Kit\08_CONTROLS\Sliders\Vertical_hover_100.png;Vertical_hover_100.png;.png;90x820;0.109756;JA;2124;CD7F6472EB29D9465C213E821BD893CF3048B8D7750421F0238BD5D8A3DB232C;BUTTON;HOVER;UI-State-Reserve;;NEIN;JA
C:\Users\patsl\Downloads\DeutschZ_UI_Production_Kit\08_CONTROLS\Sliders\Vertical_hover_25.png;Vertical_hover_25.png;.png;90x820;0.109756;JA;2160;2640A9F51C74FEC163DFA99363E6228C19458263B7746D2223BC2260C8ABC1DA;BUTTON;HOVER;UI-State-Reserve;;NEIN;JA
C:\Users\patsl\Downloads\DeutschZ_UI_Production_Kit\08_CONTROLS\Sliders\Vertical_hover_50.png;Vertical_hover_50.png;.png;90x820;0.109756;JA;2160;EA2E4CBEB96CECDD90F24365EBD34087D535B6E5D36BE335B3F8934367D54C9C;BUTTON;HOVER;UI-State-Reserve;;NEIN;JA
C:\Users\patsl\Downloads\DeutschZ_UI_Production_Kit\08_CONTROLS\Sliders\Vertical_hover_75.png;Vertical_hover_75.png;.png;90x820;0.109756;JA;2160;C957A34D8FE364271E02102C7CA8B7AA1A9556DEEFCC9E8081C1D994864B4189;BUTTON;HOVER;UI-State-Reserve;;NEIN;JA
C:\Users\patsl\Downloads\DeutschZ_UI_Production_Kit\08_CONTROLS\Sliders\Vertical_normal_0.png;Vertical_normal_0.png;.png;90x820;0.109756;JA;2110;6EA8418AA4435A8C1750B5A074527061F791EF3475021FEA3901DC7E655AD6AC;BUTTON;NORMAL;UI-State-Reserve;;NEIN;JA
C:\Users\patsl\Downloads\DeutschZ_UI_Production_Kit\08_CONTROLS\Sliders\Vertical_normal_100.png;Vertical_normal_100.png;.png;90x820;0.109756;JA;2133;C899902B0D2388CF19C0C40F9493A9B8282BBBE5EE49983954E779ABA05662BC;BUTTON;NORMAL;UI-State-Reserve;;NEIN;JA
C:\Users\patsl\Downloads\DeutschZ_UI_Production_Kit\08_CONTROLS\Sliders\Vertical_normal_25.png;Vertical_normal_25.png;.png;90x820;0.109756;JA;2167;377E7735CA55BCDC98BDE47A30407D4D86498BC9712F0C2F9863383CB2EE9C11;BUTTON;NORMAL;UI-State-Reserve;;NEIN;JA
C:\Users\patsl\Downloads\DeutschZ_UI_Production_Kit\08_CONTROLS\Sliders\Vertical_normal_50.png;Vertical_normal_50.png;.png;90x820;0.109756;JA;2167;657C3736D5327535994E078BC56604A9331D37DEE0FF08ED338B071F81B16B07;BUTTON;NORMAL;UI-State-Reserve;;NEIN;JA
C:\Users\patsl\Downloads\DeutschZ_UI_Production_Kit\08_CONTROLS\Sliders\Vertical_normal_75.png;Vertical_normal_75.png;.png;90x820;0.109756;JA;2167;D99232D2806708D9A6275AA096726069A4FA0E70A1D102F9EF19F03CD1E7C438;BUTTON;NORMAL;UI-State-Reserve;;NEIN;JA
C:\Users\patsl\Downloads\DeutschZ_UI_Production_Kit\08_CONTROLS\Sliders\Vertical_warning_0.png;Vertical_warning_0.png;.png;90x820;0.109756;JA;2108;7A091A245260EDB4A966F88E42B495C8106222CD5A2A683A48F5EFADC41EDA4F;BUTTON;WARNING;UI-State-Reserve;;NEIN;JA
C:\Users\patsl\Downloads\DeutschZ_UI_Production_Kit\08_CONTROLS\Sliders\Vertical_warning_100.png;Vertical_warning_100.png;.png;90x820;0.109756;JA;2120;DD1613A754FF4FA873B133C5186C3DAE6427DAA2D9BF6113D61596432E0FE909;BUTTON;WARNING;UI-State-Reserve;;NEIN;JA
C:\Users\patsl\Downloads\DeutschZ_UI_Production_Kit\08_CONTROLS\Sliders\Vertical_warning_25.png;Vertical_warning_25.png;.png;90x820;0.109756;JA;2158;B76BBE27994039E52E50B458F51F4F036C5302857E75E83358317EDE98AFD5E8;BUTTON;WARNING;UI-State-Reserve;;NEIN;JA
C:\Users\patsl\Downloads\DeutschZ_UI_Production_Kit\08_CONTROLS\Sliders\Vertical_warning_50.png;Vertical_warning_50.png;.png;90x820;0.109756;JA;2158;4A25C98183E7556982EF6129EB968451A27C743A1AF994DB759CA819FE43EF07;BUTTON;WARNING;UI-State-Reserve;;NEIN;JA
C:\Users\patsl\Downloads\DeutschZ_UI_Production_Kit\08_CONTROLS\Sliders\Vertical_warning_75.png;Vertical_warning_75.png;.png;90x820;0.109756;JA;2158;7DD54D23AD3B0A3237F73EDC86CB44BAC098B2B4C66C2110EB54EAAC82CCE491;BUTTON;WARNING;UI-State-Reserve;;NEIN;JA
C:\Users\patsl\Downloads\DeutschZ_UI_Production_Kit\09_DECORATIONS\Cracks_1.png;Cracks_1.png;.png;900x500;1.800000;JA;11659;E37AC5F63E689E33F9659079741AAAD72487F7109FC3D47DE623A52299BAC491;DECORATION;NORMAL;Nicht zugeordnet;;NEIN;JA
C:\Users\patsl\Downloads\DeutschZ_UI_Production_Kit\09_DECORATIONS\Cracks_2.png;Cracks_2.png;.png;900x500;1.800000;JA;11502;4189BE18F67CD6799BAAC84EB5C78EE56688B5E484830328034FC00A8B2C1889;DECORATION;NORMAL;Nicht zugeordnet;;NEIN;JA
C:\Users\patsl\Downloads\DeutschZ_UI_Production_Kit\09_DECORATIONS\Cracks_3.png;Cracks_3.png;.png;900x500;1.800000;JA;11514;2E027876A3962AE1B5FA3C9C4EB5D082DC7EE587C15D2A3A022880F3968E8D04;DECORATION;NORMAL;Nicht zugeordnet;;NEIN;JA
C:\Users\patsl\Downloads\DeutschZ_UI_Production_Kit\09_DECORATIONS\Fog_1.png;Fog_1.png;.png;700x420;1.666667;JA;103990;34576C1FDBD33C57C66C6F83AB7406DAD58BAB8B3FBBE0C7DE003F5B0BFECCBD;DECORATION;NORMAL;Nicht zugeordnet;;NEIN;JA
C:\Users\patsl\Downloads\DeutschZ_UI_Production_Kit\09_DECORATIONS\Fog_2.png;Fog_2.png;.png;700x420;1.666667;JA;96809;FEDAE58B5AD2D8385883EE24CB611DD47BF7FA6A84D892246C5B9F7829FB0A4D;DECORATION;NORMAL;Nicht zugeordnet;;NEIN;JA
C:\Users\patsl\Downloads\DeutschZ_UI_Production_Kit\09_DECORATIONS\Fog_3.png;Fog_3.png;.png;700x420;1.666667;JA;109871;50C0487CBFCAE6BD7A4470347C7D2C8EED98487DC485B9B1E2ACB41575E76172;DECORATION;NORMAL;Nicht zugeordnet;;NEIN;JA
C:\Users\patsl\Downloads\DeutschZ_UI_Production_Kit\09_DECORATIONS\Fog_4.png;Fog_4.png;.png;700x420;1.666667;JA;107108;DF1FF184BCC99B0D1FF2761A05411B991A23A78CA5A88A6F6B1941891F60ECA7;DECORATION;NORMAL;Nicht zugeordnet;;NEIN;JA
C:\Users\patsl\Downloads\DeutschZ_UI_Production_Kit\09_DECORATIONS\Fog_5.png;Fog_5.png;.png;700x420;1.666667;JA;109650;A5F4D0F952BC5D21CBB1F29D60E8B9B519480A168C6B21D59978ADF820CB4E4D;DECORATION;NORMAL;Nicht zugeordnet;;NEIN;JA
C:\Users\patsl\Downloads\DeutschZ_UI_Production_Kit\09_DECORATIONS\Fog_6.png;Fog_6.png;.png;700x420;1.666667;JA;111695;E1FF06265905437365C4628BF913C64772214807EC4A41DC224E9AAC45541FF1;DECORATION;NORMAL;Nicht zugeordnet;;NEIN;JA
C:\Users\patsl\Downloads\DeutschZ_UI_Production_Kit\09_DECORATIONS\GreenSmoke_1.png;GreenSmoke_1.png;.png;700x420;1.666667;JA;116104;46E19C62694595862BF1450108D47B64815DE7995EADC3EA3085B68926C551C0;DECORATION;NORMAL;Nicht zugeordnet;;NEIN;JA
C:\Users\patsl\Downloads\DeutschZ_UI_Production_Kit\09_DECORATIONS\GreenSmoke_2.png;GreenSmoke_2.png;.png;700x420;1.666667;JA;100606;48184EAD3DE302524109BE87CDC64B97537FCFC415F8115E03237763C7569E65;DECORATION;NORMAL;Nicht zugeordnet;;NEIN;JA
C:\Users\patsl\Downloads\DeutschZ_UI_Production_Kit\09_DECORATIONS\GreenSmoke_3.png;GreenSmoke_3.png;.png;700x420;1.666667;JA;106910;21A5306890AAFD0AA6FBC30F701EFC6AA7A3E88AECF2B529B61B6D1E7E23A3B0;DECORATION;NORMAL;Nicht zugeordnet;;NEIN;JA
C:\Users\patsl\Downloads\DeutschZ_UI_Production_Kit\09_DECORATIONS\GreenSmoke_4.png;GreenSmoke_4.png;.png;700x420;1.666667;JA;109754;B9B91A6ADDB5943E602C0B400EE8C8D9969872E42828DA88457AE7A86B23764F;DECORATION;NORMAL;Nicht zugeordnet;;NEIN;JA
C:\Users\patsl\Downloads\DeutschZ_UI_Production_Kit\09_DECORATIONS\HexPattern_1.png;HexPattern_1.png;.png;1200x700;1.714286;JA;33200;A7F7AE01D48F97039B077A1837AFDFED68A09D2040C342C07801DBC3774EC6D1;DECORATION;NORMAL;Nicht zugeordnet;;NEIN;JA
C:\Users\patsl\Downloads\DeutschZ_UI_Production_Kit\09_DECORATIONS\HexPattern_2.png;HexPattern_2.png;.png;1200x700;1.714286;JA;33200;F8CB7095492EA7E8BF78724B9A66E2C18E9FFCB10B3FDBFA4C0C48F53391BD69;DECORATION;NORMAL;Nicht zugeordnet;;NEIN;JA
C:\Users\patsl\Downloads\DeutschZ_UI_Production_Kit\09_DECORATIONS\HexPattern_3.png;HexPattern_3.png;.png;1200x700;1.714286;JA;33200;3CC3B9827174736E4B01F6D5EC2319777BB3CB6FF2D2A2067A410CCC3F5A0A38;DECORATION;NORMAL;Nicht zugeordnet;;NEIN;JA
C:\Users\patsl\Downloads\DeutschZ_UI_Production_Kit\09_DECORATIONS\Scanlines_1.png;Scanlines_1.png;.png;1200x700;1.714286;JA;3643;22E0A2FF25235B0DB6F7C3C156526BA1B139169F0F364DE46F0E87221F4D15A6;DECORATION;NORMAL;Nicht zugeordnet;;NEIN;JA
C:\Users\patsl\Downloads\DeutschZ_UI_Production_Kit\09_DECORATIONS\Scanlines_2.png;Scanlines_2.png;.png;1200x700;1.714286;JA;3634;F1F9BF6238304F359A0D22FD3B3181941C0CB28839DB35BBCE3DB0E4408AEBF2;DECORATION;NORMAL;Nicht zugeordnet;;NEIN;JA
C:\Users\patsl\Downloads\DeutschZ_UI_Production_Kit\09_DECORATIONS\Scanlines_3.png;Scanlines_3.png;.png;1200x700;1.714286;JA;3874;151A7580EA7B53415576FE3075CB981C90C8C2D033D8C20D1AE223A868A41F1B;DECORATION;NORMAL;Nicht zugeordnet;;NEIN;JA
C:\Users\patsl\Downloads\DeutschZ_UI_Production_Kit\09_DECORATIONS\Sparks_1.png;Sparks_1.png;.png;700x420;1.666667;JA;15040;9D576FBBB4ECDC9C2717FF55B6D881E455D0336E264DFA981CEB18AC2CDC31A8;DECORATION;NORMAL;Nicht zugeordnet;;NEIN;JA
C:\Users\patsl\Downloads\DeutschZ_UI_Production_Kit\09_DECORATIONS\Sparks_2.png;Sparks_2.png;.png;700x420;1.666667;JA;16169;14F53EFB8E7AF50E06CC1BC96AE22DA3A421C030A8E99E706B7199CE376780FD;DECORATION;NORMAL;Nicht zugeordnet;;NEIN;JA
C:\Users\patsl\Downloads\DeutschZ_UI_Production_Kit\09_DECORATIONS\Sparks_3.png;Sparks_3.png;.png;700x420;1.666667;JA;14826;5FEC4489741CDA763DFD8DA2007DDF3B759C2740EF4A1E107AD336BB9B1E97DC;DECORATION;NORMAL;Nicht zugeordnet;;NEIN;JA
C:\Users\patsl\Downloads\DeutschZ_UI_Production_Kit\09_DECORATIONS\Sparks_4.png;Sparks_4.png;.png;700x420;1.666667;JA;15735;C8C4F0157B17E33F5008CF5E81C7B9A085131FE74B5B48CAF27AC2B5E6DB0C08;DECORATION;NORMAL;Nicht zugeordnet;;NEIN;JA
C:\Users\patsl\Downloads\DeutschZ_UI_Production_Kit\10_FRAMES\Frame_Large_active.png;Frame_Large_active.png;.png;1180x760;1.552632;JA;10242;44EA64EC729C412E03E83317D33E5541163216FADE00AEB2780B7B99657A09E0;DECORATION;ACTIVE;Nicht zugeordnet;;NEIN;JA
C:\Users\patsl\Downloads\DeutschZ_UI_Production_Kit\10_FRAMES\Frame_Large_disabled.png;Frame_Large_disabled.png;.png;1180x760;1.552632;JA;7720;03E8B41FCDD40ABA40C2EEA038296895174324F0726096A36A1D194193BA1908;DECORATION;DISABLED;Nicht zugeordnet;;NEIN;JA
C:\Users\patsl\Downloads\DeutschZ_UI_Production_Kit\10_FRAMES\Frame_Large_normal.png;Frame_Large_normal.png;.png;1180x760;1.552632;JA;7845;D77A8D1153507114E8F9CBA8D3AB61D24A8C5F2158F7B56C8003CCE9AAB3D9BA;DECORATION;NORMAL;Nicht zugeordnet;;NEIN;JA
C:\Users\patsl\Downloads\DeutschZ_UI_Production_Kit\10_FRAMES\Frame_Large_offline.png;Frame_Large_offline.png;.png;1180x760;1.552632;JA;7477;9682A02CBE61966EDEFB540F28F654E88587812E477E382DACFE2D63A5A67CD1;DECORATION;OFFLINE;Nicht zugeordnet;;NEIN;JA
C:\Users\patsl\Downloads\DeutschZ_UI_Production_Kit\10_FRAMES\Frame_Large_warning.png;Frame_Large_warning.png;.png;1180x760;1.552632;JA;10533;5605E4AA9001D413CB25D435938B8439251F1CDD96B477571FAE7F73DEF8C2CD;DECORATION;WARNING;Nicht zugeordnet;;NEIN;JA
C:\Users\patsl\Downloads\DeutschZ_UI_Production_Kit\10_FRAMES\Frame_Medium_active.png;Frame_Medium_active.png;.png;760x420;1.809524;JA;6098;CB795794F3C85869A94F887F1FFDC215B314A1FDD09820BF464469D63DF9E1CD;DECORATION;ACTIVE;Nicht zugeordnet;;NEIN;JA
C:\Users\patsl\Downloads\DeutschZ_UI_Production_Kit\10_FRAMES\Frame_Medium_disabled.png;Frame_Medium_disabled.png;.png;760x420;1.809524;JA;3687;6A0E3DC3B4AFB179837E6D7F96BD0E48E3B91145038C435C42574F89873551BC;DECORATION;DISABLED;Nicht zugeordnet;;NEIN;JA
C:\Users\patsl\Downloads\DeutschZ_UI_Production_Kit\10_FRAMES\Frame_Medium_normal.png;Frame_Medium_normal.png;.png;760x420;1.809524;JA;3773;A848D033C026E052F5A41D5518387FB4ECF6678C5919C6CCCCE79DDEF4883761;DECORATION;NORMAL;Nicht zugeordnet;;NEIN;JA
C:\Users\patsl\Downloads\DeutschZ_UI_Production_Kit\10_FRAMES\Frame_Medium_offline.png;Frame_Medium_offline.png;.png;760x420;1.809524;JA;3635;23CD03AAE136E0B48A1242B61FBDF670EBC8578EB1A57C2B164FFD5B6246AB45;DECORATION;OFFLINE;Nicht zugeordnet;;NEIN;JA
C:\Users\patsl\Downloads\DeutschZ_UI_Production_Kit\10_FRAMES\Frame_Medium_warning.png;Frame_Medium_warning.png;.png;760x420;1.809524;JA;6369;340D554AF52249A27EBD8654951CA04035C8BCB179BC823942B0D610B8E32953;DECORATION;WARNING;Nicht zugeordnet;;NEIN;JA
C:\Users\patsl\Downloads\DeutschZ_UI_Production_Kit\10_FRAMES\Frame_Small_active.png;Frame_Small_active.png;.png;420x260;1.615385;JA;4615;1D03A6880FD31AF02C7A02D500D254AAB4516CD0D9C894ADE65D166953F39141;DECORATION;ACTIVE;Nicht zugeordnet;;NEIN;JA
C:\Users\patsl\Downloads\DeutschZ_UI_Production_Kit\10_FRAMES\Frame_Small_disabled.png;Frame_Small_disabled.png;.png;420x260;1.615385;JA;2370;08863E4DECAA638A6D935669FE14EC997E4F807BBE19F0B3EE29C5F777400CEC;DECORATION;DISABLED;Nicht zugeordnet;;NEIN;JA
C:\Users\patsl\Downloads\DeutschZ_UI_Production_Kit\10_FRAMES\Frame_Small_normal.png;Frame_Small_normal.png;.png;420x260;1.615385;JA;2524;FB90ECAFA77016C6E9B04FDB7D9E3C13D10C8E085BD036706132B89F54141AB9;DECORATION;NORMAL;Nicht zugeordnet;;NEIN;JA
C:\Users\patsl\Downloads\DeutschZ_UI_Production_Kit\10_FRAMES\Frame_Small_offline.png;Frame_Small_offline.png;.png;420x260;1.615385;JA;2387;FA305A3FE6D1644D7E38D5C54DED66796FB41BDF462790B805C8105353CAB058;DECORATION;OFFLINE;Nicht zugeordnet;;NEIN;JA
C:\Users\patsl\Downloads\DeutschZ_UI_Production_Kit\10_FRAMES\Frame_Small_warning.png;Frame_Small_warning.png;.png;420x260;1.615385;JA;5074;B2E857D567D58AEBB917FE617F96FD5035F62527D6BDD6A8432727AF15DDB0F7;DECORATION;WARNING;Nicht zugeordnet;;NEIN;JA
C:\Users\patsl\Downloads\DeutschZ_UI_Production_Kit\10_FRAMES\Frame_Tall_active.png;Frame_Tall_active.png;.png;620x1080;0.574074;JA;9686;BED63DFCAA514684897A14FB3EBEAB13F0AE20BE724CDC15D5F2F1E734685324;DECORATION;ACTIVE;Nicht zugeordnet;;NEIN;JA
C:\Users\patsl\Downloads\DeutschZ_UI_Production_Kit\10_FRAMES\Frame_Tall_disabled.png;Frame_Tall_disabled.png;.png;620x1080;0.574074;JA;7038;E71C210EEE1DD1651F4A126290F5CA7BED8D100233A0B02A78ADE68667197D1B;DECORATION;DISABLED;Nicht zugeordnet;;NEIN;JA
C:\Users\patsl\Downloads\DeutschZ_UI_Production_Kit\10_FRAMES\Frame_Tall_normal.png;Frame_Tall_normal.png;.png;620x1080;0.574074;JA;7128;AB9C5777C5B4AB335ED37964C82450BF863A9741514700D616BF8ABDF4DCBFB1;DECORATION;NORMAL;Nicht zugeordnet;;NEIN;JA
C:\Users\patsl\Downloads\DeutschZ_UI_Production_Kit\10_FRAMES\Frame_Tall_offline.png;Frame_Tall_offline.png;.png;620x1080;0.574074;JA;7084;B26C9F76F7A21D61A4F9918E160B0D8E28C8231BD80B35135D7C142F14809549;DECORATION;OFFLINE;Nicht zugeordnet;;NEIN;JA
C:\Users\patsl\Downloads\DeutschZ_UI_Production_Kit\10_FRAMES\Frame_Tall_warning.png;Frame_Tall_warning.png;.png;620x1080;0.574074;JA;10096;AB5E1DCD3339AFA0733D364057EB788BADABFAE2AEB4B99F76869AD6394FC60A;DECORATION;WARNING;Nicht zugeordnet;;NEIN;JA
C:\Users\patsl\Downloads\DeutschZ_UI_Production_Kit\10_FRAMES\Frame_Wide_active.png;Frame_Wide_active.png;.png;1500x320;4.687500;JA;6820;86634AF111F1BF45B32C9300433A5CECBB6303946C7D3BDB6BD0DDE7C356D6DD;DECORATION;ACTIVE;Nicht zugeordnet;;NEIN;JA
C:\Users\patsl\Downloads\DeutschZ_UI_Production_Kit\10_FRAMES\Frame_Wide_disabled.png;Frame_Wide_disabled.png;.png;1500x320;4.687500;JA;4246;97E144B2C78DA4245AA4A9EB9198843EAD5B1C4A5BF69403820D728F923D8DB2;DECORATION;DISABLED;Nicht zugeordnet;;NEIN;JA
C:\Users\patsl\Downloads\DeutschZ_UI_Production_Kit\10_FRAMES\Frame_Wide_normal.png;Frame_Wide_normal.png;.png;1500x320;4.687500;JA;4439;F8D7353EB3A3D53F27F5722AD40DB80A21FEA1D5A1CA34F3087C9A8F52051683;DECORATION;NORMAL;Nicht zugeordnet;;NEIN;JA
C:\Users\patsl\Downloads\DeutschZ_UI_Production_Kit\10_FRAMES\Frame_Wide_offline.png;Frame_Wide_offline.png;.png;1500x320;4.687500;JA;4346;99F5DE556E5BB59C67D245ABF336E3095C5E3F8A5E548A7DD73479FFAC9A215E;DECORATION;OFFLINE;Nicht zugeordnet;;NEIN;JA
C:\Users\patsl\Downloads\DeutschZ_UI_Production_Kit\10_FRAMES\Frame_Wide_warning.png;Frame_Wide_warning.png;.png;1500x320;4.687500;JA;7152;E16F5FE4B0778984BBFA35915FCE0FB801A156C201D024D80D4E1AE5601166F2;DECORATION;WARNING;Nicht zugeordnet;;NEIN;JA
C:\Users\patsl\Downloads\DeutschZ_UI_Production_Kit\11_BLANK_TEMPLATES\BlankPanel_Large_active.png;BlankPanel_Large_active.png;.png;1180x760;1.552632;JA;10162;A6D14BEDADF6594FB940C94A135D0F4D56419E03E7140C36486CEBA7C23E46BD;PANEL;ACTIVE;Panel-Reserve;;NEIN;JA
C:\Users\patsl\Downloads\DeutschZ_UI_Production_Kit\11_BLANK_TEMPLATES\BlankPanel_Large_disabled.png;BlankPanel_Large_disabled.png;.png;1180x760;1.552632;JA;7747;61AE83FF7A950696B13C4B0CC653800BBCFFCB294A628C955173A88D54D82989;PANEL;DISABLED;Panel-Reserve;;NEIN;JA
C:\Users\patsl\Downloads\DeutschZ_UI_Production_Kit\11_BLANK_TEMPLATES\BlankPanel_Large_normal.png;BlankPanel_Large_normal.png;.png;1180x760;1.552632;JA;7697;F87F9B7683BA6CC9F04FAAAD1BFFB6A8696A686E6FC73E50C9A219AEED98BEB9;PANEL;NORMAL;Panel-Reserve;;NEIN;JA
C:\Users\patsl\Downloads\DeutschZ_UI_Production_Kit\11_BLANK_TEMPLATES\BlankPanel_Large_offline.png;BlankPanel_Large_offline.png;.png;1180x760;1.552632;JA;7661;BC6DCB8341A324CE857B6C054788EFE40FFC6BC1A651ADA5AE38CFA2F2CAB077;PANEL;OFFLINE;Panel-Reserve;;NEIN;JA
C:\Users\patsl\Downloads\DeutschZ_UI_Production_Kit\11_BLANK_TEMPLATES\BlankPanel_Large_warning.png;BlankPanel_Large_warning.png;.png;1180x760;1.552632;JA;10615;4812A2DD26220C0E1D77710F25EE2882113AC624F06268816FFF875387FCF793;PANEL;WARNING;Panel-Reserve;;NEIN;JA
C:\Users\patsl\Downloads\DeutschZ_UI_Production_Kit\11_BLANK_TEMPLATES\BlankPanel_Medium_active.png;BlankPanel_Medium_active.png;.png;760x420;1.809524;JA;5915;956FF0534BC14CB84FD506E4A165CE0E9CFF78A898E194C065AF69C4A79FAAAA;PANEL;ACTIVE;Panel-Reserve;;NEIN;JA
C:\Users\patsl\Downloads\DeutschZ_UI_Production_Kit\11_BLANK_TEMPLATES\BlankPanel_Medium_disabled.png;BlankPanel_Medium_disabled.png;.png;760x420;1.809524;JA;3561;89D1955FF67EB7D3424327A55D6E1895A8CC37A8F2245AD84ABDBB94B5DA9F0C;PANEL;DISABLED;Panel-Reserve;;NEIN;JA
C:\Users\patsl\Downloads\DeutschZ_UI_Production_Kit\11_BLANK_TEMPLATES\BlankPanel_Medium_normal.png;BlankPanel_Medium_normal.png;.png;760x420;1.809524;JA;3586;A2831A47B8C17446F8FC0545B0ECF005EDEC95C1F491B9DDEBC87A05EB4A2822;PANEL;NORMAL;Panel-Reserve;;NEIN;JA
C:\Users\patsl\Downloads\DeutschZ_UI_Production_Kit\11_BLANK_TEMPLATES\BlankPanel_Medium_offline.png;BlankPanel_Medium_offline.png;.png;760x420;1.809524;JA;3575;B823B4F2208ACF09A0B66BFE580DA62D9E8742D8D32B509F430510E7568199EA;PANEL;OFFLINE;Panel-Reserve;;NEIN;JA
C:\Users\patsl\Downloads\DeutschZ_UI_Production_Kit\11_BLANK_TEMPLATES\BlankPanel_Medium_warning.png;BlankPanel_Medium_warning.png;.png;760x420;1.809524;JA;6305;76C345405C04F37E16D31F400429BA24C154232CDCA38591AB3CB17BC89FACA8;PANEL;WARNING;Panel-Reserve;;NEIN;JA
C:\Users\patsl\Downloads\DeutschZ_UI_Production_Kit\11_BLANK_TEMPLATES\BlankPanel_Small_active.png;BlankPanel_Small_active.png;.png;420x220;1.909091;JA;4395;F1CD3CA3B4A85CD014A4119A315AB4ABF52C509690CA0436CA50D3F425FB91E8;PANEL;ACTIVE;Panel-Reserve;;NEIN;JA
C:\Users\patsl\Downloads\DeutschZ_UI_Production_Kit\11_BLANK_TEMPLATES\BlankPanel_Small_disabled.png;BlankPanel_Small_disabled.png;.png;420x220;1.909091;JA;2130;6D64EB8698BB4CF42071B81498504FB40E1EEB700FC932FC5C7B26DB3EB56444;PANEL;DISABLED;Panel-Reserve;;NEIN;JA
C:\Users\patsl\Downloads\DeutschZ_UI_Production_Kit\11_BLANK_TEMPLATES\BlankPanel_Small_normal.png;BlankPanel_Small_normal.png;.png;420x220;1.909091;JA;2179;4AB430127E35100FD14357A35C28C7C61B6CC06A9C8EBA5318A3ADDCEB9AC4D2;PANEL;NORMAL;Panel-Reserve;;NEIN;JA
C:\Users\patsl\Downloads\DeutschZ_UI_Production_Kit\11_BLANK_TEMPLATES\BlankPanel_Small_offline.png;BlankPanel_Small_offline.png;.png;420x220;1.909091;JA;2096;38787DC19172B2C2BC74CEC339D0CCD3F79F64B3874B39010B6BE5F83D4B3BC4;PANEL;OFFLINE;Panel-Reserve;;NEIN;JA
C:\Users\patsl\Downloads\DeutschZ_UI_Production_Kit\11_BLANK_TEMPLATES\BlankPanel_Small_warning.png;BlankPanel_Small_warning.png;.png;420x220;1.909091;JA;4636;38BF142410CDC4B3D442DFF973C87AB58F42263F29EF455738C354F1CEFA3E1C;PANEL;WARNING;Panel-Reserve;;NEIN;JA
C:\Users\patsl\Downloads\DeutschZ_UI_Production_Kit\11_BLANK_TEMPLATES\BlankPanel_Tall_active.png;BlankPanel_Tall_active.png;.png;620x1080;0.574074;JA;9408;29BA44FB027D667B7770E11564F656D14403EE498EE680D01899402F235BF5E4;PANEL;ACTIVE;Panel-Reserve;;NEIN;JA
C:\Users\patsl\Downloads\DeutschZ_UI_Production_Kit\11_BLANK_TEMPLATES\BlankPanel_Tall_disabled.png;BlankPanel_Tall_disabled.png;.png;620x1080;0.574074;JA;7075;2195E58F2260A4955DBC9139B8AF1FC20E5E385F1D4AC860A97BC003DD6D3CFB;PANEL;DISABLED;Panel-Reserve;;NEIN;JA
C:\Users\patsl\Downloads\DeutschZ_UI_Production_Kit\11_BLANK_TEMPLATES\BlankPanel_Tall_normal.png;BlankPanel_Tall_normal.png;.png;620x1080;0.574074;JA;7115;53126C5DD567416FD75F8185838AB4D0008F448D2DDD7464C0AA7D095DE45780;PANEL;NORMAL;Panel-Reserve;;NEIN;JA
C:\Users\patsl\Downloads\DeutschZ_UI_Production_Kit\11_BLANK_TEMPLATES\BlankPanel_Tall_offline.png;BlankPanel_Tall_offline.png;.png;620x1080;0.574074;JA;7051;D66DC1EA527B8ECEBF6D24E8A13E7F1267189A0BF401869E1C3F82A1D67A0B40;PANEL;OFFLINE;Panel-Reserve;;NEIN;JA
C:\Users\patsl\Downloads\DeutschZ_UI_Production_Kit\11_BLANK_TEMPLATES\BlankPanel_Tall_warning.png;BlankPanel_Tall_warning.png;.png;620x1080;0.574074;JA;9898;8D0D9384CD897AA3D55F5078B49C3E01E2F39C52755AA577CF28C3CE060D2BBF;PANEL;WARNING;Panel-Reserve;;NEIN;JA
C:\Users\patsl\Downloads\DeutschZ_UI_Production_Kit\11_BLANK_TEMPLATES\BlankPanel_Wide_active.png;BlankPanel_Wide_active.png;.png;1500x320;4.687500;JA;6772;3965AD0EAE98B89E3C3B3FE20126AB30913A586802C8C6A8B9DEDA5E477D7F59;PANEL;ACTIVE;Panel-Reserve;;NEIN;JA
C:\Users\patsl\Downloads\DeutschZ_UI_Production_Kit\11_BLANK_TEMPLATES\BlankPanel_Wide_disabled.png;BlankPanel_Wide_disabled.png;.png;1500x320;4.687500;JA;4265;681832E6C67D6BF779FE57CE2050AE80F6717B601D4B9866B01AE751394CFB3C;PANEL;DISABLED;Panel-Reserve;;NEIN;JA
C:\Users\patsl\Downloads\DeutschZ_UI_Production_Kit\11_BLANK_TEMPLATES\BlankPanel_Wide_normal.png;BlankPanel_Wide_normal.png;.png;1500x320;4.687500;JA;4277;BE56ECD37506517283487D3B8578D78A167CBFC75B57DA33128AF914B9C4315A;PANEL;NORMAL;Panel-Reserve;;NEIN;JA
C:\Users\patsl\Downloads\DeutschZ_UI_Production_Kit\11_BLANK_TEMPLATES\BlankPanel_Wide_offline.png;BlankPanel_Wide_offline.png;.png;1500x320;4.687500;JA;4133;6B5AC0BF31AEF33D21E9B414A2ADDF664C7C8303079BAC1BC3784026F35690A9;PANEL;OFFLINE;Panel-Reserve;;NEIN;JA
C:\Users\patsl\Downloads\DeutschZ_UI_Production_Kit\11_BLANK_TEMPLATES\BlankPanel_Wide_warning.png;BlankPanel_Wide_warning.png;.png;1500x320;4.687500;JA;7003;0A656B0A199BAD25FBFF627E6CCFAD14328560507033A7EAFACBE80F86975E7A;PANEL;WARNING;Panel-Reserve;;NEIN;JA
C:\Users\patsl\Downloads\DeutschZ_UI_Production_Kit\DOCS\MANIFEST.txt;MANIFEST.txt;.txt;;;NEIN;44020;D9DAA1A0637900C9BE4C3C93CF2481D50B4934330307863BE13CA50B788F3B9F;UNKNOWN;NORMAL;Nicht zugeordnet;;NEIN;NEIN
C:\Users\patsl\Downloads\DeutschZ_UI_Production_Kit\DOCS\README.txt;README.txt;.txt;;;NEIN;576;32F24ED6BAD9C9D4F989D88739DC3A889330A193823E6007099B396A242025B0;UNKNOWN;NORMAL;Nicht zugeordnet;;NEIN;NEIN
C:\Users\patsl\Downloads\DeutschZ_UI_Production_Kit\DOCS\SUMMARY.json;SUMMARY.json;.json;;;NEIN;424;C7BD0E64E7E1697AC00396506EEDCE3306676D1B1086CF3460206BF158A0290E;UNKNOWN;NORMAL;Nicht zugeordnet;;NEIN;NEIN
